first_sub_time,user_id,plan.price,paid_amount,coupon.discount_amount,signup_time,signup_type,time_to_first_payment_days
2023-10-24T10:48:15.000000,74db4dac024a9098594bd7a885fe8cd9,131600,131600,0,,,
2023-12-23T18:17:46.000000,a5f69e29bd19e0a52dd89d20daaf9c29,95520,95520,0,2023-11-21T19:23:48.000000,kakao,31.95
2023-12-24T22:51:13.000000,75806546b0bf2ffcd089cf82afca5f3f,95520,95520,0,,,
2023-06-02T16:59:40.000000,516df692a71200c3f9e228821549632d,131600,131600,0,,,
2023-12-17T19:19:39.000000,7076bfc876954e044e60c37dfa9cd36d,95520,95520,0,,,
2022-12-31T23:52:47.000000,0f91a3f0269a129625b8a8da974bed24,79200,79200,0,,,
2022-11-26T18:51:32.000000,66f98ba492a32323451558fef6439ec7,15920,3960,11960,,,
2023-11-25T16:59:03.000000,b2cecd1407728c484ca40ff18d6a0d4f,15920,15920,0,,,
2023-08-30T15:09:41.000000,00a7b3a5ea60548d46a659dd4ae4e364,15920,15920,0,,,
2023-12-05T18:24:27.000000,8faea6d1729c4b28de61d83ded5dd96a,15920,15920,0,,,
2023-11-02T12:36:17.000000,c00f3db23a23760128d1ae114a81e6d0,15920,13532,2388,,,
2023-05-17T01:43:10.000000,f17b3a6cb78425192934c73bb9ed3409,15920,15920,0,2023-05-17T01:41:59.000000,email,0.0
2023-01-03T12:06:01.000000,1f4f01f30d67e53ee6af0c6baa0fbc95,83200,83200,0,,,
2023-07-31T15:59:54.000000,ce20d7b5839ed73c376a6640af9220e3,131600,131600,0,2023-07-30T20:07:38.000000,kakao,0.83
2023-07-29T00:05:36.000000,c61b1902935ff4177a957ed94b175591,15920,15920,0,,,
2022-12-31T09:35:56.000000,5ea77bdd92ce4d866cc8cb8bdb2a2226,79200,79200,0,,,
2023-12-16T10:01:24.000000,392eb67e2f17a6d4c0e076f9d5de80ad,95520,95520,0,2023-12-05T07:06:17.000000,kakao,11.12
2023-09-04T05:30:15.000000,2cc0f8e178a724a0c844c6ad02cb7ee2,15920,15920,0,,,
2023-12-02T19:18:52.000000,e406dbb73756173fa2953f1d21d45e35,131600,118440,13160,,,
2023-07-06T22:43:54.000000,aec0ce9940f617ab5c495e6f42d48442,15920,15920,0,,,
2023-07-30T01:51:01.000000,9e501e7d7dffc7f74f0af260fb3ab15e,15920,15920,0,,,
2023-09-06T17:38:07.000000,541114a54f11ffac05766194f888a8f7,15920,15920,0,,,
2022-11-16T10:31:25.000000,1718432f54ebca48832fc7ee9a82810e,131600,131600,0,,,
2023-10-04T19:02:12.000000,2682618f5955e936fd7699aec3b765f6,15920,15920,0,,,
2023-12-27T19:28:49.000000,444305d1af53d85a1dca5e1c4faf93be,95520,95520,0,2023-12-14T15:13:45.000000,kakao,13.18
2022-11-16T14:45:02.000000,def9369ecc49594167a2e86dcaaaa4a7,15920,15920,0,,,
2023-10-27T09:21:45.000000,06ab6d397784d25c3c411fe043041520,131600,111860,19740,,,
2022-11-28T13:09:02.000000,44d99ad09815043e8dbb4ffa7091eabf,15920,3960,11960,,,
2023-08-28T02:20:28.000000,1eff907fc639d1bb259dc0ce20511c01,131600,131600,0,,,
2022-12-14T05:47:43.000000,15382acf7ce60ca6fa07c136850a3467,79200,79200,0,2022-12-14T05:44:06.000000,google,0.0
2023-09-05T16:28:49.000000,ff5115d9c231ae596213c8949547ce2e,15920,15920,0,,,
2023-09-04T17:31:56.000000,8ceaa91a0ded3dd79afcc8f5d5d90194,15920,13532,2388,2023-09-04T17:07:10.000000,kakao,0.02
2023-11-22T09:42:08.000000,bfc938b401f400e9e5ae594bc002bc55,131600,131600,0,,,
2022-09-13T23:10:02.000000,fb246f29ae8da3bca5d41a4cc905efc1,15920,15920,0,,,
2023-11-15T10:16:17.000000,2a54c7c5c05b53b0e25612e60bddefc1,15920,15920,0,,,
2022-12-20T09:45:05.000000,bcfa60548110e4f53d976b29e32c5ef3,79200,79200,0,,,
2022-11-30T19:22:35.000000,d6347f574ba2a6576a08c8bf1479c7bb,15920,3960,11960,2022-11-30T19:13:04.000000,kakao,0.01
2022-12-21T11:03:48.000000,7037e810dbe7c370ef966fb5fc367e38,79200,79200,0,,,
2023-10-27T09:53:47.000000,6c156c5f9610a5fc98be56c34d18d63a,131600,131600,0,2023-10-26T17:08:32.000000,kakao,0.7
2023-07-01T23:06:41.000000,abfcc486b6e37314ad53fea0859dbd2e,15920,15920,0,,,
2022-12-22T21:14:17.000000,f4d5f131c66c0312d9537063aa9834c1,79200,79200,0,2022-10-24T13:21:42.000000,kakao,59.33
2023-07-06T21:05:42.000000,a6ff8b7dbd73b0ecf1aaf05d8eef7f63,15920,15920,0,,,
2023-12-24T19:58:26.000000,d98319534d04c330b87d7b5dc0a6cd09,95520,95520,0,,,
2023-08-15T19:00:38.000000,cfff3274dccc0d343f32c5f01c4fd5f2,15920,15920,0,,,
2022-12-31T23:20:14.000000,0c81715a357dedd3a8d1d63c7a706656,79200,79200,0,,,
2023-01-10T17:34:12.000000,8794dfd426b52a4ac8ae961e886e1649,83200,83200,0,,,
2023-05-06T16:30:02.000000,1dfddf53815dbda6267d75de41a84313,15920,15920,0,2023-01-16T01:53:15.000000,kakao,110.61
2022-12-26T15:17:26.000000,16b4c59e4efb65130be6dfae4556caea,79200,79200,0,,,
2023-04-08T23:20:02.000000,5331a215cfa1e8f10088b1fc7d50b515,15920,15920,0,,,
2023-01-29T11:03:39.000000,3db38958159ae00368af1f61eba9a687,95200,95200,0,,,
2023-04-25T20:55:02.000000,fb54477b078bf8b7b508ed0603228f2b,131600,131600,0,,,
2022-10-18T21:25:01.000000,c020fd17f61f51e99f867ef64e86e0a7,131600,131600,0,,,
2023-10-26T06:47:20.000000,98480827d48134b1800b9cef28ed519a,15920,15920,0,,,
2023-08-31T21:39:42.000000,f94438de68225694bd8153b571f0e4eb,15920,15920,0,,,
2022-10-19T16:05:01.000000,5a9461bceacd5503d7a14948ddd6d918,15920,15920,0,,,
2023-08-08T12:46:24.000000,2064e655fb821dddb8eee7a5c3eabab7,15920,15920,0,,,
2023-07-27T00:42:08.000000,09515f86407e8d5c85a14584278709c9,15920,15920,0,,,
2023-01-06T15:20:18.000000,4e2266986211a703ef6de117ce57269a,83200,83200,0,,,
2023-09-10T12:57:24.000000,a6f32dbcd20d0ae2ec6a6a00ae1b8987,15920,13532,2388,,,
2023-01-09T18:07:31.000000,fb88bc3267a417834728e8557c601c06,83200,83200,0,,,
2023-07-13T01:28:22.000000,fa385cd8b15256bb54352372216bae04,131600,131600,0,,,
2023-04-25T17:10:02.000000,ccf2ce0a96451cb3c114d48c973ae308,15920,15920,0,2023-04-18T17:02:30.000000,email,7.01
2023-01-19T10:31:21.000000,d660e4f7267ae2abe46630e9d88fe422,91200,91200,0,,,
2023-01-30T11:12:39.000000,2025deea167856f13c54a253c0b58547,95200,95200,0,,,
2023-01-25T10:35:39.000000,96a1a9763a53d26c49acefac106b6913,95200,95200,0,,,
2022-09-15T19:35:03.000000,b79661351cad4f6d384a7560d21f0211,15920,15920,0,,,
2022-12-24T13:56:49.000000,44b0187c165041789612cca10985f0b8,79200,79200,0,,,
2023-07-12T21:11:27.000000,8de2403af7edf61ed997694aa3c741b9,15920,14328,1592,,,
2023-07-31T03:10:07.000000,4d0b74c9fdcdeb7b8e5d1d69f770c956,15920,15920,0,,,
2023-05-23T12:37:54.000000,9d744150e4f5c3dcd7e206cf71b4bed3,15920,15920,0,2023-03-22T17:08:42.000000,kakao,61.81
2023-01-17T23:04:15.000000,36f94163f44b4828f2c3d348c7d120a7,87200,87200,0,,,
2023-03-10T09:58:44.000000,e7b67dc11d677820f62225553f7d7b17,15920,15920,0,,,
2023-05-02T20:55:02.000000,97c7e60ade836510b86d39e5b74f0461,15920,15920,0,,,
2022-12-24T12:09:27.000000,63dfe4d3a0d079311c72395d5de6470c,79200,79200,0,,,
2022-11-30T17:08:51.000000,59f461ca3d50313a214d71da0cbe0ffc,15920,3960,11960,,,
2023-09-08T20:10:57.000000,b931546008d04924f6c2b2ec5279b5b6,15920,15920,0,,,
2023-07-29T15:13:35.000000,95a478f80eb869503534323f01686168,15920,15920,0,,,
2023-06-25T16:14:58.000000,b990f6d9100336e4cf5bcb350c89c595,15920,15920,0,,,
2023-03-28T11:00:02.000000,bc6ecdf9560ceb832dad57b74a903799,131600,131600,0,,,
2023-01-08T00:29:38.000000,cdea107424bfca7648b52c463b648640,83200,83200,0,,,
2022-11-29T11:00:56.000000,bb7f2a46cfd908e6e6e6ad92b003c430,15920,3960,11960,2022-11-29T11:00:23.000000,email,0.0
2022-11-16T14:05:17.000000,1ab757a76441f46de8f3849c4084378a,15920,3960,11960,,,
2023-08-09T20:43:08.000000,83fd6621b9a12e1f09afe27957e9b48b,15920,15920,0,,,
2023-12-04T21:06:09.000000,567af100f8b6b7ea3e2d2a470ebbb2c6,15920,15920,0,,,
2023-05-05T19:54:37.000000,0a636d3bc32f16c6410f02a989507aa4,15920,15920,0,2023-05-04T16:25:11.000000,google,1.15
2023-04-09T16:00:04.000000,40e28766053af37fe50975a8d4334132,131600,131600,0,2023-03-10T13:59:37.000000,kakao,30.08
2022-12-23T23:05:32.000000,dc9e31268b4f527385a8fb36dbf88b40,79200,79200,0,,,
2023-12-18T17:55:12.000000,9a25af04679cf220f7533b2c0a759e17,95520,95520,0,,,
2023-09-02T17:53:08.000000,739b7484a854234aced9179d5ac47b09,15920,15920,0,,,
2023-06-25T18:04:08.000000,d7aaea1a53f94057502ae72def3c0207,15920,15920,0,,,
2023-12-30T10:28:12.000000,72a2903f1239af36b11bad757e23781b,95520,95520,0,2023-12-15T16:29:17.000000,kakao,14.75
2023-06-20T13:14:08.000000,a7ee4fdaba8a8445392fb666e36097ef,15920,15920,0,,,
2022-11-30T12:20:49.000000,a8dfb6653dd9633e87cae828ba2f7437,15920,3960,11960,,,
2022-11-29T15:43:32.000000,91cdafac4299d97580789047314cf330,15920,3960,11960,2022-11-28T13:18:42.000000,kakao,1.1
2023-07-17T00:07:51.000000,162d01877c0a2fcdecdd7b78be5b0721,15920,15920,0,2023-07-17T00:06:45.000000,email,0.0
2023-01-16T14:30:54.000000,5d4f008aed15c4d0bd9df6f298edc4ef,87200,87200,0,,,
2023-01-17T23:54:58.000000,10b60181d0d780c64d1bae85c7de46b1,87200,87200,0,2023-01-06T21:28:34.000000,kakao,11.1
2023-05-30T21:53:30.000000,9556d955165ccbafb84e00d65b9bd9ee,131600,118440,13160,,,
2023-05-04T00:40:03.000000,4da8fbe93aaf34667d8508c15b44b0db,131600,131600,0,2023-05-03T20:00:25.000000,google,0.19
2023-01-22T15:45:25.000000,8f06110fe281ba02636411ff1bce6cc3,91200,91200,0,,,
2023-06-22T22:59:37.000000,f8be346a54178a0584b149815be7ac7f,131600,118440,13160,,,
2023-05-22T15:52:52.000000,ffb61b991d48e8ea709daad1d2d307ed,131600,131600,0,,,
2023-01-17T17:02:00.000000,4133e892773eb9ae3401be74acaad502,87200,87200,0,,,
2023-02-01T10:05:25.000000,f420f01b97399059ade880c6972598db,131600,131600,0,,,
2022-09-24T16:45:02.000000,6e7ff0510369848112f16cf48f900732,131600,131600,0,,,
2023-01-22T18:47:59.000000,91b6d1b682f0f7de8a65ffa8685c2813,91200,91200,0,,,
2022-11-21T14:00:07.000000,a89123f1d97f09d59983c3a65e094f05,15920,3960,11960,,,
2023-01-16T12:11:46.000000,d543367f21be3ebf1232519b00963606,87200,87200,0,2023-01-11T10:34:07.000000,kakao,5.07
2022-12-07T18:22:47.000000,54ccdc6d8d2cdc8f69308bd3b8eea18a,79200,79200,0,,,
2022-12-20T13:38:45.000000,168074014d42039ba1d57836b3b4e850,79200,79200,0,,,
2023-04-05T21:05:03.000000,0d0f202ecca96dd5fa2d61cd5ac659f3,15920,15920,0,,,
2023-02-15T23:25:02.000000,2127da9128b3d9014dfd8edca09922ef,15920,15920,0,,,
2022-10-06T22:33:54.000000,d0a1dc518a5fd6508d98b86c031fd964,131600,131600,0,,,
2022-10-31T19:45:02.000000,f408ae3a849f504441322dad73400d80,42960,42960,0,,,
2023-03-27T16:37:34.000000,8b1b040386495475334c4b86d91edbd6,15920,15920,0,,,
2022-12-31T13:28:34.000000,2c405cd26bb7e4b932c0ef1a272d462a,79200,79200,0,,,
2022-11-15T17:00:02.000000,5e06134985c83e0b6a673dd83f3e1fa9,15920,15920,0,2022-11-08T16:55:57.000000,kakao,7.0
2023-08-17T01:00:02.000000,520a659fcb3f1cf26f2051d4923001e5,15920,15920,0,,,
2023-04-25T08:40:03.000000,356c33d53a4dfe60aed967f74872f40c,15920,15920,0,,,
2023-09-16T19:50:24.000000,449c5240b76148eb12eecd90882f75d8,131600,131600,0,2023-09-15T08:43:36.000000,naver,1.46
2023-05-21T19:18:47.000000,9d68bc864ae26da4ea0fdb28061c0019,15920,15920,0,,,
2023-12-05T22:02:00.000000,90b3d09628b05aaf5119028ce32e0e5e,131600,118440,13160,2023-12-03T20:58:17.000000,kakao,2.04
2023-07-31T18:06:59.000000,b077004c6fa5454fb360ba2bdc021f0b,15920,14328,1592,,,
2023-05-30T22:17:14.000000,157ff3aeeb3e11657aa49951f1a439ec,15920,15920,0,,,
2023-01-10T02:58:38.000000,85c37e52209a791754144578043671e6,83200,83200,0,,,
2023-06-12T01:23:06.000000,5a4ca0149af5d574921837ecede196d8,15920,15920,0,,,
2023-08-13T20:05:37.000000,1c4e4a999d328615e1a4f0d50cc76995,131600,118440,13160,,,
2023-12-17T20:52:40.000000,b8fe2a077d86dfc0050c01140ff92058,95520,95520,0,2023-12-12T12:47:26.000000,email,5.34
2023-01-10T01:49:18.000000,0790b9196f7c6a5eef357da7b42f27a6,83200,83200,0,,,
2023-02-16T14:55:02.000000,a086991fab126bf4e393e5e18aff1075,131600,131600,0,,,
2023-01-09T01:16:18.000000,0227f290fc51958d4c254b0f6d5b7e7f,83200,83200,0,,,
2023-06-25T22:36:45.000000,7f4218ebbcbae7e0f92252613e834dcc,15920,15920,0,,,
2023-09-30T17:55:41.000000,9f5f07acacd0ccfd6d6edef0b73944ce,15920,15920,0,2023-08-09T20:48:52.000000,kakao,51.88
2023-09-11T18:53:44.000000,a678395d82a100ad1e160be14529793d,15920,15920,0,2023-09-11T18:45:29.000000,email,0.01
2023-08-12T19:52:04.000000,78e34faccac056acd07fc77cfafc43c3,131600,119756,11844,,,
2023-09-10T18:35:04.000000,629b8be0fcb98821e718780d837113bd,15920,15920,0,,,
2023-09-07T16:27:27.000000,7e98517f4a1c92e70ab0f2f83e9e5665,15920,13532,2388,,,
2023-01-20T07:58:31.000000,3a4b9bb4194fd41c2f86128f77f549f6,91200,91200,0,,,
2023-07-31T20:07:50.000000,b068f8088e057b587030664c221afc9e,15920,15920,0,,,
2023-05-24T00:43:59.000000,a992106c67684123d8e27431ecb3687a,15920,15920,0,,,
2023-01-01T23:06:28.000000,cc69d5ade17d4c86bd709f50d35649fb,83200,83200,0,,,
2023-11-10T20:43:04.000000,6254d3d87eebaccac8365fb3d3fa5f63,15920,15920,0,,,
2023-11-22T10:35:36.000000,15d60c5e70e2a04724a592e89af91609,15920,13532,2388,,,
2023-09-05T14:30:48.000000,f9aa3f33fa53b36cdf2a675933bba659,15920,15920,0,,,
2023-02-28T08:40:33.000000,fbfe5637838a94ab772af003532acc76,131600,131600,0,,,
2023-06-15T15:38:36.000000,ba4d674e7f1c3f6e63225c3f4d9472c3,15920,15920,0,,,
2023-01-11T16:42:16.000000,4ba4b3e18953de8c1e97505e8bbc90f2,87200,87200,0,,,
2022-12-18T13:38:12.000000,0cad95c9e465059bcdac3fd10b1a9db7,79200,79200,0,,,
2022-11-26T23:50:02.000000,01ee9c8e8858d201d0ae72cc2757546c,15920,15920,0,,,
2022-09-03T08:50:02.000000,e8faf2f31f54e91b61b6ac899f24dd74,42960,42960,0,,,
2022-09-12T16:35:02.000000,b5fc0e21f104109c962d2971841ba30f,42960,42960,0,2022-09-05T15:52:25.000000,email,7.03
2022-12-26T09:00:37.000000,7f6b11a37393cb1ff6921b92406ed1af,79200,79200,0,,,
2022-12-07T17:22:01.000000,aeef771dfbcccc51f76dea2d287183c6,79200,79200,0,,,
2023-08-03T13:46:05.000000,430c7f9f0ce750ca2afc83d4da5d3e6b,15920,15920,0,,,
2022-11-30T21:56:49.000000,e321df8f398f97d54b2780ae50188211,15920,3960,11960,,,
2023-04-15T03:35:03.000000,9d845716ed4f33177e5c0b352bf0afce,15920,15920,0,2023-04-08T03:27:11.000000,kakao,7.01
2023-11-02T16:17:25.000000,0cbefe6624d00f3f005bfda60039bc25,15920,15920,0,,,
2022-09-25T09:51:27.000000,f644c894b5a269a7dcca2850fd1ac038,15920,15920,0,,,
2023-11-15T18:33:09.000000,87b579c96ed36eaacf66de9a55d07fa2,131600,111860,19740,,,
2023-10-02T23:41:32.000000,3eaa0c974203087e4bea63e3c634eda6,15920,13532,2388,,,
2023-11-27T00:32:18.000000,7b6cad5c62dda47f60c5e55d03b91a32,15920,15920,0,2023-11-12T01:16:33.000000,kakao,14.97
2023-09-17T21:08:10.000000,6213acc990dfbcb5b53947b560d1da1d,15920,15920,0,,,
2023-01-06T16:55:05.000000,8034ffd5d228af1e2bd833d861d067d2,83200,83200,0,,,
2023-05-28T19:22:39.000000,2f5f7896fdfb62605d3e6733e7e62a81,131600,131600,0,,,
2023-03-19T12:50:02.000000,8603c17b5606d65f0a7b44127479dc66,15920,15920,0,,,
2023-11-07T19:24:59.000000,148dbaeacac505220004197382ef4325,15920,13532,2388,,,
2023-01-09T08:44:15.000000,f84c4f83ca1e977a89e0f7f7e6561a48,83200,83200,0,,,
2023-05-04T23:40:46.000000,12c8d752b91e9197fd22edbed089ee57,15920,15920,0,,,
2023-03-25T22:15:02.000000,e3ae509cd5ece0bc0a5f71cbf639d6e9,15920,15920,0,,,
2023-06-20T10:40:50.000000,bd2a377507154ba4bac9af7487fa45fb,15920,15920,0,,,
2023-09-19T15:36:01.000000,23c3a859d57f65adb3d96dce6d354efb,15920,15920,0,2023-09-19T15:29:34.000000,email,0.0
2023-01-22T13:41:52.000000,e9a2260faf2f3eb577b9fb9df23901b9,91200,91200,0,,,
2023-01-22T21:24:31.000000,059be0b4f9d385484baae71398832d30,91200,91200,0,,,
2023-07-01T19:26:14.000000,454b765aac26898507365d920736bef3,131600,131600,0,2022-10-28T19:46:25.000000,kakao,245.99
2023-02-26T19:40:02.000000,2c7fd0d02c57f6553d6eecff268f0004,131600,131600,0,,,
2023-12-27T21:03:03.000000,c8233d53fdafc4caa5541f8db2b2dfbd,95520,93520,2000,,,
2023-01-15T12:22:44.000000,f49f443fc777d019d6caaf243a0801cc,87200,87200,0,2023-01-15T12:12:28.000000,kakao,0.01
2023-09-07T21:17:54.000000,80aa3147fd3a38adb8e8140d2d2d56a6,15920,15920,0,2023-09-04T22:26:47.000000,kakao,2.95
2023-01-24T16:41:03.000000,4c617dde2a40c5701bb17a5cb8d04ab8,91200,91200,0,,,
2023-01-25T16:49:25.000000,2523f05779d078ad0388b68aa9ee3ce0,95200,95200,0,,,
2022-12-02T09:28:01.000000,b0af27c01491763eee3ff2d5564b05be,79200,79200,0,,,
2023-12-11T20:18:13.000000,699962d139296f06f9b79fc7742e0c71,95520,95520,0,,,
2023-08-23T20:58:48.000000,eada54efd18c5906d47c0f47e04d263a,15920,15920,0,,,
2023-05-07T22:39:15.000000,b502552a34e391b1ab1cf7cdbc67c706,15920,15920,0,,,
2023-12-18T16:23:37.000000,aabdbae12d5e64f9e352041f34e7b7b0,95520,95520,0,,,
2023-01-10T11:07:23.000000,94641b69dc95308a63defad97ecb66b4,83200,83200,0,,,
2022-11-30T23:31:20.000000,7bc891ebb81e41cdbde478f4bcce7513,15920,3960,11960,2022-11-30T23:30:20.000000,naver,0.0
2023-11-16T14:57:32.000000,4a780023384238bf5303dc4d0c866981,131600,131600,0,,,
2023-04-06T15:50:06.000000,e523b05eeda26745567ff782dcc3dc06,15920,15920,0,2023-03-29T15:44:40.000000,email,8.0
2023-05-09T21:25:39.000000,549736c8d01a6852560629bb69a38f09,15920,15920,0,,,
2022-12-31T18:37:46.000000,1b8ca6877876049157e695f3bbd7f685,79200,79200,0,,,
2023-07-24T19:21:39.000000,a2130db17d0c2eeee53abe728d69a317,15920,15920,0,,,
2023-06-19T20:47:59.000000,53145fef7c581d46fcb803f95a9a8ce9,15920,15920,0,,,
2023-06-25T15:28:21.000000,9b626300203dd21546ec4e2cbef79293,15920,15920,0,,,
2023-08-03T22:52:53.000000,e70ce224e1c5fac09d1a898ea75b49e6,131600,131600,0,2023-08-01T05:02:31.000000,naver,2.74
2023-06-13T21:00:37.000000,847016f70762a29a0ac6dc30c86c4d56,15920,15920,0,,,
2022-12-19T19:59:25.000000,3aea3966de25142654be65facd013806,79200,79200,0,,,
2023-01-15T20:17:13.000000,4283703d0f0ce50877bc3da0f9483f0b,87200,87200,0,,,
2022-12-11T10:54:04.000000,18e4b375cb80cf15c8b578b373184e4d,79200,79200,0,,,
2023-04-10T22:50:03.000000,2a474cdfa3ad3f48e9b831f5de05fd32,15920,15920,0,,,
2022-11-29T10:54:05.000000,45e62e72639b30fd004859941e8a143c,15920,3960,11960,,,
2023-03-02T11:40:04.000000,99f4e466ea269dafc6e543eb48328d93,15920,15920,0,,,
2022-12-05T13:51:31.000000,0f7c23c0d0e228ed30fb21253d0832b6,79200,79200,0,,,
2023-01-15T13:41:34.000000,1221c75f849f911cd83636cb8362ef43,87200,87200,0,,,
2023-02-26T19:40:02.000000,e8952bd2489820276ebfcee51805f008,15920,15920,0,,,
2022-11-28T22:43:05.000000,4fd577e0d66d0a54cc98029e14e3b353,15920,3960,11960,,,
2023-09-22T07:15:12.000000,e42ed44cc6ea414c726ea7a4cfc77da9,15920,15920,0,,,
2023-09-09T00:19:11.000000,19b19797d7bf50eee2a85e8896e31615,15920,13532,2388,,,
2023-10-25T13:36:20.000000,230c743edc5525bbd5d5f4f5a01ce9cf,15920,15920,0,,,
2023-07-28T23:50:23.000000,f78d885acfc428b3958ea01af18c7455,15920,15920,0,,,
2023-05-11T15:21:34.000000,596dc3f5efbb297b21db3adef18c7a5a,131600,131600,0,,,
2022-11-09T14:36:10.000000,23583298989b16fd0e3255c6bd57c115,42960,42960,0,,,
2023-08-05T09:30:40.000000,865b3387671f06c832a71797a74e2fbb,131600,131600,0,2023-08-02T13:41:21.000000,naver,2.83
2023-01-22T19:06:01.000000,c413a5957331c89f8978eb85e1ee5846,91200,91200,0,,,
2023-01-31T23:32:04.000000,a5fd40a24491330435228dfd45f3882c,95200,95200,0,2023-01-31T21:30:22.000000,email,0.08
2022-11-15T22:04:55.000000,88632382c0122fffe6ec1a6e728889ef,15920,3960,11960,,,
2023-07-13T11:07:04.000000,d96682ce977687ae43f0d9b3f418868d,131600,131600,0,,,
2023-12-21T21:47:31.000000,c6d5f2ad624cae622317f2b4fde5ae1f,95520,95520,0,,,
2023-03-28T20:15:03.000000,53630c1af3e2b5e382777b8b911bf93b,15920,15920,0,,,
2023-01-10T18:10:26.000000,5af32fd46db9e8961d59940047b344c6,83200,83200,0,2023-01-10T11:12:25.000000,kakao,0.29
2023-12-07T17:31:34.000000,be1fb3c64fa27c76861163acb6f0ce6d,15920,15920,0,,,
2022-12-28T22:23:25.000000,c755f986d56acfb33634f7d4e47f0464,79200,79200,0,,,
2023-04-13T22:45:02.000000,097b91f30300aab5c1612e0913684b4d,15920,15920,0,,,
2023-06-27T06:44:51.000000,5aad28d684bfec6d3bfe7f579ff54e5d,131600,131600,0,,,
2023-01-29T10:26:46.000000,5498bc3ada3528c797d0ec1d44482de1,95200,95200,0,,,
2022-11-16T22:31:28.000000,ef1b0fe33d01f17f94a68d9da8c1aca7,15920,3960,11960,,,
2022-12-29T13:19:56.000000,a61e8caed4b175a548e5f81cf22e3d0a,79200,79200,0,,,
2022-11-15T00:19:54.000000,7e6fbd9f844d29244bafc57cc9a2ff59,15920,3960,11960,,,
2023-10-05T19:52:10.000000,484e11ca26936f5c118006797850e1c7,15920,13532,2388,2023-10-05T04:55:50.000000,kakao,0.62
2023-07-25T00:04:00.000000,bcb94ff3cbef673fba8c605063497ae0,15920,15920,0,,,
2023-07-05T10:03:23.000000,9ad3cb0743e996e41aed8635398af6b9,15920,15920,0,,,
2023-07-17T14:25:23.000000,d95d8230cff2b8fa0b13b2dfec8092db,15920,15920,0,,,
2023-11-26T23:01:50.000000,734119d4fe0340e23a5057dba37f2624,15920,15920,0,,,
2023-04-26T17:54:12.000000,6cd3218fc50f047cf33a9ad24b93393e,131600,131600,0,,,
2022-09-23T11:10:07.000000,f9b936eea7cbf18ee91ce30679221d3e,15920,15920,0,,,
2022-10-13T23:05:02.000000,c5b356472b4a2613914c2f1d7e9a3682,15920,15920,0,,,
2023-07-31T22:55:55.000000,60722f8619428b3c75ec7ef52873cd3c,15920,15920,0,,,
2022-11-23T20:24:40.000000,9f55d9e0b136df6a59b77c392e048743,15920,3960,11960,,,
2022-11-19T23:31:14.000000,19acc5e40e2e296310968a4214bf2736,15920,3960,11960,,,
2023-08-12T20:38:57.000000,7b006c07afe9dc712c47cc70d973a6d6,15920,14328,1592,,,
2023-07-04T22:44:28.000000,1abb0137e2e041a9e6bd4e108c8bb8a0,15920,15920,0,,,
2023-10-23T10:25:52.000000,d64b9502d10a400328f5aeb24f934156,15920,15920,0,2023-10-12T09:25:25.000000,kakao,11.04
2022-12-19T18:16:04.000000,a326a49aee5cf2d813a823c42e171b3e,79200,79200,0,,,
2023-06-24T11:38:11.000000,07cd88856996b2312b67c7a1cd517f72,15920,15920,0,,,
2023-04-01T23:40:11.000000,a423664a7f11f9a41e6660f115a7c31f,15920,15920,0,,,
2023-06-30T20:20:19.000000,0b2957fa1629ec9fe01c7bef62388956,15920,15920,0,,,
2023-09-06T20:16:16.000000,b7eaff6d2517ca99d47592a53442b3c6,15920,15920,0,,,
2022-12-12T20:09:19.000000,ae4e836e6b298f4f867ec17a5949e288,79200,79200,0,,,
2023-01-31T23:19:53.000000,fe3bc7557b3404a66526f6b5b9b13821,95200,95200,0,,,
2022-11-19T09:55:02.000000,08991c3d2e68a7f063e65a36b3a76e64,15920,15920,0,2022-09-26T18:10:14.000000,kakao,53.66
2022-12-29T20:42:01.000000,736a81a36365e154d0158ec8e6b70314,79200,79200,0,2022-12-04T19:15:49.000000,kakao,25.06
2023-11-29T04:49:28.000000,ed5a58519dc62762e8c45db62a2351e9,15920,15920,0,,,
2023-06-23T12:47:52.000000,ddaeb363b5e660ce41887135789096d8,15920,15920,0,2023-06-11T15:38:11.000000,kakao,11.88
2022-11-29T09:31:28.000000,592bfa2d31f26d0118bb1df1d241614e,15920,3960,11960,,,
2023-08-15T03:43:06.000000,72a5648be3fcdd10bf7f9ea8f8ec0363,15920,15920,0,,,
2023-04-26T22:45:02.000000,de8b0c3b2a3364b60147f422f9ec88b2,15920,15920,0,,,
2023-12-24T00:15:05.000000,662f7ab37f6490129f2e8f985b3a6dc7,95520,95520,0,,,
2022-10-20T15:00:01.000000,e96590f6b54bd7ea8174f54cc21d3ffc,15920,15920,0,,,
2023-06-19T23:24:04.000000,9f114fcb87c0720ed35f0e7b46e1590f,15920,15920,0,,,
2022-09-01T19:40:02.000000,ba4b0121ac41d4af0e5ef879ed8592fc,15920,15920,0,,,
2023-02-23T16:45:02.000000,9275a9d98b2dc9527041b0a7d32725fe,15920,15920,0,,,
2023-12-29T19:00:15.000000,fef95c941bbdb383f483fba36ab040ee,95520,95520,0,,,
2023-12-10T21:25:46.000000,62e5a6f64f8169daaa3691e1f5026482,15920,15920,0,2023-12-10T18:56:41.000000,google,0.1
2023-10-25T16:46:36.000000,444fc7682ac563c5db3102dacc8d21cd,131600,131600,0,,,
2023-10-07T00:13:12.000000,210c601cb409e2a1b7fd2cf6dbb05bb8,131600,131600,0,,,
2023-01-08T11:52:46.000000,7b94df0f1cf929b14dc9b900864a2cb7,83200,83200,0,,,
2022-12-28T16:01:08.000000,547939976bbbcbd000ddf497c640a58a,79200,79200,0,,,
2023-10-02T19:41:25.000000,3daa0e77975716b3e101b871c6a6a199,131600,118440,13160,,,
2023-09-13T22:16:53.000000,0144bf2a82c8a95720e20fab89191585,15920,15920,0,,,
2022-11-26T21:15:00.000000,df95034b26015607c6c2139cb07ad87a,15920,3960,11960,,,
2022-11-26T15:58:27.000000,65d82450d4fafbf7d2a2a8bfd3527717,15920,3960,11960,,,
2023-08-25T10:09:06.000000,848378b67d3a3420db9fc093597b4b59,15920,15920,0,,,
2023-12-30T21:42:02.000000,f09f3d427487b958c07f160c15a9f929,95520,95520,0,,,
2023-01-11T15:45:02.000000,6c4015c06bdb4c21519f86d73624f65f,15920,15920,0,,,
2023-01-17T18:23:50.000000,06d674b32079fbf261be66be9d3b8534,87200,87200,0,,,
2023-12-18T14:53:11.000000,c6c393331876bf8b6876b4391064e0ba,95520,95520,0,,,
2022-11-30T17:12:57.000000,fd908376e1b56a2114e4f866ecf6a65f,15920,3960,11960,,,
2023-08-28T19:02:43.000000,6cca2610e5d4092e95885be9f18c2854,15920,15920,0,,,
2023-09-10T23:04:45.000000,928d5035c27c180333d07f5051357961,15920,15920,0,2022-09-07T21:38:54.000000,kakao,368.06
2022-12-09T15:38:52.000000,e12e2fd6524d4b550b369c4bfd916606,79200,79200,0,,,
2023-12-31T21:12:57.000000,2aa09de81065af2a6135c45b634a65f2,95520,95520,0,,,
2023-01-30T23:36:54.000000,b5429d0ddce601b69c946fcad9af6def,95200,95200,0,,,
2022-11-27T14:36:46.000000,9be9b0d00511514ed1a24d18b112bb01,15920,3960,11960,,,
2022-12-07T14:55:20.000000,0cab12e51e54e509ce766d1dc4a675a8,79200,79200,0,,,
2022-12-23T10:36:44.000000,66eadcd5c82115ac94db7b95deb95270,79200,79200,0,,,
2023-04-08T15:55:02.000000,79ff24f557838d34307d7c51d83eb57d,15920,15920,0,,,
2023-01-15T17:46:05.000000,034622ff071f8acd20beacc90e3d68f1,87200,87200,0,,,
2023-09-15T20:31:28.000000,61deb76ed1545a91a41edc55695a135c,15920,15920,0,2023-08-30T23:09:15.000000,kakao,15.89
2023-07-25T01:33:13.000000,e1b645277dc6d57acda5495c31c4b69a,131600,131600,0,,,
2023-05-16T19:06:03.000000,066eb7d47a203eb950dc877d5dc617d5,15920,15920,0,,,
2023-08-07T23:44:02.000000,261cd335b657d4e0ba30e2448f434d6b,131600,131600,0,,,
2023-01-22T16:13:34.000000,10a70efdf1e9ee370c5f0adec550e2b7,91200,91200,0,,,
2023-10-05T22:16:34.000000,e8c773132eee3f2ea444386ae57115f3,15920,15920,0,,,
2023-12-26T08:47:50.000000,d6a76f337790bb25fedc3720c73d49ba,95520,95520,0,,,
2023-07-25T02:09:35.000000,12220c368e0b83c5cc3e91910e00981e,15920,15920,0,2022-12-01T10:30:19.000000,kakao,235.65
2023-11-07T19:05:04.000000,f2c208a00cbb80e9f270726dd4b61db9,15920,15920,0,2023-10-31T00:44:17.000000,kakao,7.76
2022-12-12T16:28:01.000000,4d31c90d81844e1e2aec6f6987ee0585,79200,79200,0,,,
2022-09-17T20:50:02.000000,1ff68f31c9da0104548cb6e3f599d88d,15920,15920,0,2022-09-10T20:12:08.000000,kakao,7.03
2023-11-18T16:47:23.000000,5e9335079304a4d2fd6187904f0cfbd2,15920,15920,0,,,
2022-11-30T23:38:08.000000,240443dfad50de4150e595575f42c23d,15920,3960,11960,,,
2022-12-31T19:57:25.000000,07b913c22fc4d33e54aba37b4c774414,79200,79200,0,,,
2023-04-27T22:38:26.000000,18ea0ffceab1109fc868ab15170c445b,15920,15920,0,,,
2023-10-14T23:53:47.000000,bc72728bf238e67ea70b6e38d754a43f,131600,118440,13160,2023-10-13T19:09:40.000000,kakao,1.2
2023-04-09T12:45:02.000000,2fb6bfcff25e473c553875e4962720b6,15920,15920,0,,,
2023-08-06T20:13:28.000000,dc9383fe9f000dc333d7a69af36e4dc9,131600,131600,0,2022-10-27T19:33:30.000000,kakao,283.03
2023-09-03T22:23:16.000000,ceaecb2d0507203dccb44067947c2ef2,15920,15920,0,2023-09-03T22:21:24.000000,kakao,0.0
2022-12-28T19:10:12.000000,12f795333981776909f186fdaec1dc88,79200,79200,0,,,
2022-12-16T08:00:49.000000,54202d29f0bf36b929ea1a1da9893067,79200,79200,0,,,
2023-04-03T23:00:02.000000,80aa69d8f8c596c70d244381aa542ae4,131600,131600,0,,,
2023-01-08T16:14:58.000000,854c7739e2378e45811d55d5494fefbe,83200,83200,0,,,
2023-01-10T21:31:09.000000,f89b2b5931fcd472f83603f8c4416a4a,83200,83200,0,2023-01-10T21:28:11.000000,kakao,0.0
2023-05-03T16:55:02.000000,25445c5f394524f608e0f7f38462b905,15920,15920,0,2022-09-13T22:40:50.000000,kakao,231.76
2023-06-26T13:34:15.000000,c7f36c53642a651c7b899d864212a39c,15920,15920,0,,,
2022-12-31T23:40:50.000000,65b0ef224104a149832d010417e5d698,79200,79200,0,,,
2022-10-13T14:59:30.000000,a5d058da1cd5978936f51a4d82633c2d,15920,15920,0,,,
2023-12-27T16:57:47.000000,75b34f417061a0704cb2ff5f172f4c39,95520,95520,0,,,
2023-07-20T14:47:50.000000,187e179bb62fb8af86f448e5d90f9cee,15920,15920,0,2023-07-18T22:19:49.000000,naver,1.69
2023-01-20T16:45:27.000000,4166840d2c465b8cd97b134feb2a02a1,91200,91200,0,,,
2023-10-13T19:50:27.000000,5969893b0d04f1f7188b81771f36a17f,131600,111860,19740,,,
2022-11-16T12:13:49.000000,699c9ab4112f50917f1c17927ea52396,15920,3960,11960,2022-11-16T12:08:08.000000,email,0.0
2023-11-09T11:26:20.000000,b68eb2001f546375ee296be63eabc8c3,131600,131600,0,2023-10-20T12:04:05.000000,email,19.97
2022-11-16T08:15:02.000000,13b3fce2a05f0e6b75c6714d27e2b38a,15920,15920,0,,,
2023-09-06T14:36:38.000000,a24dee0ac75137f35d011fda236dbdfd,15920,15920,0,,,
2023-08-29T00:10:21.000000,1cfb73ebaf78f653032442fdfb8d404b,15920,15920,0,,,
2023-05-09T23:55:01.000000,0f7307a54c9e29b1bd0a85588d251aa1,15920,15920,0,,,
2022-12-28T15:34:07.000000,e83e6a6545b01887a4ca00d4e83dc34d,79200,79200,0,2022-12-21T23:30:20.000000,kakao,6.67
2022-11-29T14:17:38.000000,35807da4f73eea43bf0311fe8eed7e3a,15920,3960,11960,,,
2023-06-25T22:28:53.000000,592768a3169ee8c0a0d31144cdd8278f,15920,15920,0,,,
2023-05-23T15:58:39.000000,c04ff1e2c28fd043135befcd92a182e0,131600,131600,0,,,
2022-11-15T03:19:28.000000,21e172887dc7c8594f82233d5330235b,15920,3960,11960,,,
2022-11-30T20:07:28.000000,9e0ac5efa12d438e900800b87f4c1818,15920,3960,11960,,,
2022-11-21T07:00:46.000000,9481b8a7e38ab86e93c85fcacea418ed,15920,3960,11960,,,
2022-12-07T18:48:17.000000,10adb6bb7c3bc91145e5f667db43c470,79200,79200,0,,,
2023-10-30T11:43:24.000000,33fe09028c755c70769f209330f8c39d,15920,15920,0,2023-10-24T14:03:21.000000,email,5.9
2022-11-23T00:27:32.000000,e8412f29d7bc7016ce1e704fa176ebca,15920,3960,11960,2022-11-23T00:26:20.000000,google,0.0
2022-12-12T13:26:01.000000,75cba4411e6e45a8368586b7006a2b7f,79200,79200,0,,,
2023-02-14T22:45:02.000000,7b202041193f72aa636a67db9d4d8f91,15920,15920,0,,,
2022-12-20T23:32:10.000000,97f55b420631fb092c78d79280e81d7e,79200,79200,0,,,
2023-12-29T16:30:50.000000,8e196c454230a70cecd83c36b0fba564,95520,95520,0,,,
2022-09-02T15:03:35.000000,48f39371d61cb9777aa1a946de96a8d0,15920,15920,0,,,
2023-01-24T14:45:53.000000,42840c4336b4042d896c4d51e9888570,91200,91200,0,,,
2023-01-16T13:21:04.000000,74a19b5be66e27e61603536ff91623da,87200,87200,0,2023-01-15T11:07:11.000000,kakao,1.09
2022-12-15T17:49:17.000000,4705246a8f25240dd8a98a93ac531314,79200,79200,0,2022-12-15T17:43:43.000000,kakao,0.0
2023-09-29T17:54:38.000000,ebadf15b400d2d37569be6cf71195cef,15920,15920,0,,,
2023-09-11T15:37:15.000000,d217cbd0bee408cc7f3fe9f385cdd72b,15920,15920,0,,,
2023-10-18T18:08:11.000000,fbaf9975be48296bf72ce02b492dbff1,15920,15920,0,,,
2023-09-19T16:08:18.000000,e3d8c43d5bc23e519d1f712b363897e9,15920,9552,6368,,,
2022-12-31T10:56:32.000000,168ea789d0ef5f5b7594e2afa6ed9a90,79200,79200,0,2022-12-09T02:11:28.000000,kakao,22.36
2023-04-28T22:25:02.000000,6e66ed92d44143169c173aa3df4e7ec0,15920,15920,0,,,
2023-08-15T13:09:30.000000,cf769b33f1d7903f8a49e43efb61e379,15920,15920,0,,,
2023-09-04T23:01:06.000000,adda09909b71cc7e77066aacf4b582e1,15920,15920,0,,,
2023-01-01T19:46:40.000000,f49a4cffbab6b15c4024ccff6bf4779d,83200,83200,0,,,
2022-11-30T22:31:17.000000,bdb51cedda8bc1ba76f6c27a66284798,15920,3960,11960,,,
2022-11-24T20:42:39.000000,32a63cf5e5ccebca049451f9dafa8b86,15920,3960,11960,,,
2023-09-04T12:07:04.000000,4ee0774fd8845805ea0d82c8b22751e1,15920,15920,0,,,
2023-01-27T19:17:32.000000,011065af02c1cb48c0872019b159439e,95200,95200,0,,,
2023-12-21T08:16:48.000000,b61dfa48af3080ea988ba4af014c76e9,95520,95520,0,,,
2023-08-20T22:15:26.000000,d17f1f415f5a738a6c7f0b2ff6d34ba0,15920,15920,0,,,
2023-12-15T21:21:39.000000,16beddb171db62638d648e8ce2195913,95520,95520,0,2023-12-14T18:17:10.000000,kakao,1.13
2023-07-16T23:18:01.000000,fd9874456907ff9863207e15ec5fe8a8,15920,15920,0,2023-07-16T20:53:01.000000,google,0.1
2023-09-10T19:08:59.000000,6fa522da6223c5d5717fddb38fab06cc,15920,15920,0,,,
2023-10-28T12:20:37.000000,265c1957176e46ccd08e675b5f33e986,15920,13532,2388,,,
2023-04-08T10:00:02.000000,d74961d3908e747c3a10e6b7fb8bb331,15920,15920,0,,,
2023-10-31T17:44:29.000000,db05aaf9ca84ae4908db2f946c7fec75,15920,15920,0,2023-10-31T17:43:15.000000,email,0.0
2022-11-25T21:38:12.000000,5d0c7c4d59fbe216ee955b7f5df713f9,15920,3960,11960,,,
2023-07-16T10:53:21.000000,960cd741996a99ef2bea8c7805098a65,15920,15920,0,2023-07-08T09:30:32.000000,kakao,8.06
2023-05-02T21:50:03.000000,96b0678875b5b8b3a8792936801a8a20,15920,15920,0,,,
2022-12-27T15:04:32.000000,14008cad194c1b3dbb55a9e4bdd9c69e,79200,79200,0,,,
2023-01-17T17:51:32.000000,4aabee01e7b500e2938b2ab1e0bf058a,87200,87200,0,,,
2023-12-12T13:21:03.000000,a62834b612caf20d5ca7267941eb29bd,95520,95520,0,,,
2023-07-06T15:12:22.000000,15930eaff91bbe7745e7c6c6250960ed,15920,15920,0,,,
2023-01-09T12:19:17.000000,f321ab1f25b62174d85d074e528f0552,83200,83200,0,2023-01-09T10:05:01.000000,kakao,0.09
2022-12-05T17:18:12.000000,56b63ed276d2b71dc8f5ce8421b63a98,79200,79200,0,,,
2022-12-29T16:06:18.000000,d2514b7a7a13208b78324bd4920c7594,79200,79200,0,,,
2023-07-23T16:58:20.000000,b0749c58f8301d370ae16effdf4e48e3,15920,15920,0,,,
2022-12-20T15:48:05.000000,6ff380a703725e1c2b6fe4cfe3725e20,79200,79200,0,,,
2023-04-26T17:25:03.000000,546b6845f240a7175826646d2c4290b3,15920,12736,3184,,,
2023-07-14T14:19:13.000000,43c433a2cab8e1a9e5f48f10435fcc62,15920,15920,0,,,
2023-07-14T15:46:14.000000,7d33eb2e349cffdf1c43274b6e6e4cf7,15920,15920,0,,,
2023-07-17T16:15:40.000000,d1328b90ec2aeadb9f5747d418f23a3e,15920,15920,0,,,
2022-11-18T18:50:02.000000,2445f306cf5fd79dc448f8dd874ac2f3,15920,15920,0,,,
2023-06-04T17:55:26.000000,f5a99394d8db5e0113e0b8dbc3490a65,15920,15920,0,,,
2023-01-14T11:54:47.000000,b23edee425598a43e60d61bf2786c0d4,87200,87200,0,,,
2023-01-05T16:00:22.000000,e6fa46703144418e331a8fbfad8a8d03,83200,83200,0,,,
2022-11-20T17:19:08.000000,2fe40e7191a768e71edd18f11ab30e0c,15920,15920,0,2022-10-25T00:16:32.000000,naver,26.71
2023-11-09T16:06:19.000000,63f66640bb77338a0d37c395ff7625b6,15920,15920,0,2023-11-09T09:04:17.000000,kakao,0.29
2022-10-22T18:00:03.000000,987504f43073e527cef19dad2ff69cc8,15920,15920,0,2022-10-08T17:54:02.000000,kakao,14.0
2023-04-11T21:35:02.000000,24607dc3aa2fcd62d10f54fcf2c15165,15920,15920,0,2023-04-04T21:19:31.000000,kakao,7.01
2023-01-10T20:17:28.000000,46134e5230f35dc1970f919f52be0cf7,83200,83200,0,2023-01-02T01:07:17.000000,kakao,8.8
2022-12-20T14:45:53.000000,25f0509c63d37995f1197d1d72d10b90,79200,79200,0,,,
2022-09-21T12:35:02.000000,f38346bd532b7fc8f80be7542b7b9b29,15920,15920,0,2022-09-14T12:31:31.000000,kakao,7.0
2022-11-10T14:30:02.000000,743b71e5e143bebe55dc39c03c6c36da,15920,15920,0,2022-11-03T14:25:07.000000,google,7.0
2023-12-29T11:42:44.000000,556e1ad4ee1bc44d71c87b6a36da9316,95520,95520,0,2023-06-06T18:52:17.000000,kakao,205.7
2023-09-05T09:00:33.000000,21f4306a31d67cb9fc9c5cc5af4a0030,15920,15920,0,,,
2023-01-02T13:17:31.000000,92c954083dfd9b41b98fbc5fa8fe6b2e,83200,83200,0,2023-01-02T09:48:24.000000,google,0.15
2022-11-20T12:45:03.000000,ae66280e5e1a08fd53ea3b5090b0ac5b,15920,15920,0,2022-11-11T18:51:18.000000,naver,8.75
2023-01-03T01:31:15.000000,1dd404aa99d8a752141bb8b2146755e1,83200,83200,0,,,
2023-11-07T15:30:24.000000,e8d9b7bbc34187ad22790e921b890f29,15920,15920,0,,,
2022-09-02T09:40:03.000000,5e4fa7c61bd8c6d87d19cf9d4e5d80e7,15920,15920,0,,,
2023-12-26T20:07:23.000000,f07b3dd5db4565de7730cea1a69f736c,95520,95520,0,,,
2023-02-27T20:50:02.000000,b4b1136341796466df6a0efd8d5b59d6,131600,131600,0,,,
2023-04-27T18:55:03.000000,0fd76a81503fd3510bbeb5ea0e74b1a2,15920,15920,0,,,
2023-04-09T11:51:48.000000,02b5434902f6a545a8f3671aa832795a,15920,15920,0,,,
2022-12-19T05:35:07.000000,508023b34654ca6b261bbe4fb56e1e3b,79200,79200,0,,,
2022-12-06T09:10:07.000000,84531f8d2737653fcc14ab34d30b8a9a,79200,79200,0,,,
2023-11-03T16:39:18.000000,61d65a8d9412acd1390720a2578b5710,15920,15920,0,,,
2023-01-10T20:24:52.000000,65b466604211982b87e1a0e152ed3a3d,83200,83200,0,,,
2023-12-13T19:30:03.000000,ef1927fcf13a3e5bb31eb5a7f7fbced3,15920,15920,0,,,
2023-11-14T20:48:14.000000,84b2190ee71bb7cfff762cae21913267,131600,118440,13160,,,
2023-12-31T23:20:57.000000,783e01211e03edc828d55baf6e08a256,95520,95520,0,,,
2023-01-12T23:29:47.000000,9e06505b2adf9d2491a7486b6037ebf3,87200,87200,0,,,
2023-11-07T22:55:04.000000,3270e018eb31f0030ba1d9351ce68430,15920,15920,0,,,
2023-08-31T13:29:22.000000,c495e9a52f733ab99b60845bf1b597ab,15920,15920,0,,,
2023-01-19T14:45:01.000000,07f5a519ae181e669968ee699c39816d,15920,15920,0,,,
2022-11-30T12:36:22.000000,37f83f9d66d4c69ed191d48c40bb3156,15920,3960,11960,2022-11-30T12:35:22.000000,email,0.0
2023-09-05T21:31:19.000000,adb20aa12465746d74cc39af2782f7a0,15920,15920,0,,,
2023-01-27T23:48:10.000000,0f7953824576e6b0be1766dd55926a0f,95200,95200,0,,,
2022-11-30T23:07:55.000000,839c777df70d45b82d16378fd0ef8274,15920,3960,11960,2022-11-29T23:54:14.000000,google,0.97
2023-01-06T07:50:58.000000,ffbf309d7d275b5c984276b6d77052ef,83200,83200,0,,,
2023-08-01T14:26:38.000000,c474759668f962ef49896a05eef84ddb,15920,15920,0,,,
2023-05-18T00:51:54.000000,b55f1407b70aab1a3320130f9e958386,15920,15920,0,2023-05-16T22:05:30.000000,kakao,1.12
2023-05-28T23:35:28.000000,2f7e14712f8a38e0abf65f2ee7fbf7ce,131600,131600,0,,,
2023-09-29T16:43:17.000000,64f4cd76c304806618bd830711e699b4,15920,13532,2388,,,
2023-01-17T18:46:58.000000,63d1d99451b4b2b3da4089693391a828,87200,87200,0,,,
2022-10-31T20:05:02.000000,4da1118448d92bc5f4248bb956c05ef2,15920,15920,0,,,
2023-06-26T20:21:16.000000,eaff98093acb9a109975957cafb2d105,15920,15920,0,,,
2023-06-16T21:29:01.000000,63921f30e6c3499f652719ad56e44d5a,15920,15920,0,,,
2023-01-10T21:49:51.000000,0cc2df81f52153cd6285be794caa89d4,83200,83200,0,,,
2022-11-30T22:46:37.000000,9a2edf7689826a03800e656b56d720c8,15920,3960,11960,2022-11-30T22:45:46.000000,kakao,0.0
2022-11-19T23:04:23.000000,55c2c96bea394883e74b8748f46b65a1,15920,3960,11960,,,
2023-11-29T22:04:32.000000,7993e2fdc9f06a8102a12ed10481c3d3,15920,15920,0,,,
2022-11-28T19:03:59.000000,26c1ab82bedeaab015ecf990915d4db8,15920,3960,11960,,,
2023-02-12T01:40:02.000000,4424d611ead220baf46df20a7c40dd52,131600,131600,0,,,
2023-05-28T18:36:29.000000,a709e702ed1500af725db8206b5f5b84,15920,15920,0,,,
2023-03-19T20:39:20.000000,ed9eb8d964285379d4082075c0426b1e,15920,15920,0,,,
2022-12-20T20:46:52.000000,270e00575f2c8fef1e8c5e70f91ff253,79200,79200,0,,,
2023-09-09T08:55:13.000000,21c3708c67f021b59e33a9b3509da33a,131600,111860,19740,,,
2023-12-31T21:59:08.000000,cf3172ab3179241e39d4b51512dc4ba7,95520,95520,0,,,
2022-11-27T09:00:23.000000,c4fe190b9abb95b549c347e3c5d55818,15920,3960,11960,,,
2022-11-02T10:00:02.000000,f3eebfbae6b80118a87d07559e745907,42960,42960,0,,,
2022-11-30T15:24:08.000000,b305f086773fa7bcc1900761e4a3d620,15920,3960,11960,,,
2022-12-04T21:43:16.000000,e8cd0b7a273abf8ecf0f3490029d2644,79200,79200,0,,,
2023-08-07T11:51:48.000000,44e851e4fba60a22eff28b0b71b612a0,15920,15920,0,,,
2023-08-12T00:22:36.000000,e279207bbbac0c2ccf9c169ee0c19e61,15920,15920,0,,,
2023-01-24T22:44:25.000000,402e60c5fd0c155a096e15a1b93bf6f3,91200,91200,0,,,
2022-12-22T15:11:32.000000,303c52817c4bcb55cc302b997992496c,79200,79200,0,,,
2023-07-07T20:03:41.000000,1dc4aa49ebe3460d059bf62574fb7ecd,15920,14328,1592,,,
2023-11-09T16:03:28.000000,b91b55247d9b247fd67b36572d996428,15920,15920,0,2023-11-08T00:10:48.000000,kakao,1.66
2022-12-20T22:21:21.000000,dddfa1a03613d1cb3ec3035b52be0c24,79200,79200,0,,,
2023-01-15T11:43:14.000000,4a1bcf905e0aa2f627a8651012753e75,87200,87200,0,2023-01-13T16:32:15.000000,naver,1.8
2023-11-04T23:54:31.000000,0607ed9b6dfc5e4b50caf877272edf31,15920,15920,0,,,
2023-05-22T19:23:22.000000,717616ce73f6ec7edba7affba1ae0c5d,15920,14328,1592,,,
2023-06-17T20:12:53.000000,8c8a7df9b0be53f2da5595ba76612391,131600,118440,13160,,,
2023-06-13T16:18:44.000000,714649e510e8e25002eb3dd085ac3ce5,15920,15920,0,,,
2023-12-10T10:38:52.000000,10fce4b026dab79f3c42a79ac85c7cc6,15920,15920,0,,,
2022-12-22T16:26:25.000000,cc0820d962a1ff9017e05b5e9ef9e3b2,79200,79200,0,,,
2023-07-24T09:53:40.000000,12bfdd015d3c27c745467a9d665e443c,15920,15920,0,,,
2023-11-03T23:49:10.000000,359a43c8fcb975033a914fe795857620,15920,15920,0,,,
2023-01-23T22:11:31.000000,466acc64e05027fdeacf4da152738ff4,91200,91200,0,,,
2023-08-18T18:01:38.000000,81306c8669265a9321ae9ac4f855098e,15920,15920,0,2023-08-18T16:58:58.000000,kakao,0.04
2022-11-30T17:35:14.000000,e4dd0338329cc98ea9bd31cfb8b8a268,15920,3960,11960,2022-11-30T17:34:34.000000,kakao,0.0
2022-11-10T21:35:02.000000,f36b8aeb1f9f2b8876a26af3c0514368,15920,15920,0,2022-11-03T21:06:03.000000,kakao,7.02
2022-09-21T01:05:02.000000,f8b1b97d0a82188aacb2a1e432e6d3e0,15920,15920,0,,,
2023-11-28T11:20:29.000000,fd0da1f8150d59adaed4445fc2c1318e,15920,15920,0,,,
2022-11-18T15:29:43.000000,a6d0c6c3e15952e8be0b7f9a6592b927,15920,3960,11960,,,
2022-12-13T19:41:28.000000,34dfd3d684263d461783a011b836ffb7,79200,79200,0,,,
2023-02-12T12:10:03.000000,1e2bdfc46eb159c288571627d126f890,15920,15920,0,,,
2023-02-22T13:15:02.000000,4f55605f448d90da854466f5e38d9f92,15920,15920,0,,,
2023-01-27T18:11:16.000000,2edd7c20b20aa5b48ce4e36e6fa5f431,95200,95200,0,,,
2023-04-04T18:05:02.000000,c4722a32a38f3c16e677ea510723ea82,131600,131600,0,,,
2023-03-17T14:00:03.000000,f041e4773a14a5a5e09a66d0c07e101d,131600,131600,0,2023-03-10T10:26:58.000000,email,7.15
2022-11-08T23:55:01.000000,24bcf953504c092f1577639fd1d0fcd2,15920,15920,0,2022-10-05T23:38:53.000000,naver,34.01
2022-12-25T00:53:00.000000,3c31b4cafb7c9e775a2a4f79e74ad999,79200,79200,0,2022-12-25T00:51:23.000000,kakao,0.0
2022-11-30T20:58:53.000000,1a53ef980ccaec93a3dbb0c90bff987d,15920,3960,11960,2022-11-29T11:00:29.000000,google,1.42
2023-07-22T22:51:38.000000,ceb2fb147b433b3dda8541ec3d4087c0,15920,15920,0,,,
2023-09-06T09:58:41.000000,43bfd826f81ebd80f07781c477127a21,15920,13532,2388,,,
2023-10-01T18:38:37.000000,f4599e9496790f412a66d28e2612d214,131600,111860,19740,2023-09-20T20:32:55.000000,google,10.92
2023-01-10T15:16:01.000000,b5714eeaadc9c379fdad9b4cb44a22a2,83200,83200,0,,,
2023-01-10T22:15:49.000000,35917a7711b2857406a75752dea80455,83200,83200,0,,,
2023-12-11T12:24:50.000000,fcfdb2119dabe32e7882ddb5ae69e333,95520,95520,0,2023-08-27T17:56:37.000000,kakao,105.77
2023-04-20T17:05:02.000000,0ced7cac0f448bec8ad5326778c4bc25,15920,15920,0,,,
2023-11-19T23:42:26.000000,c6e877e609b1bccafc6f894f1df623d9,131600,118440,13160,,,
2023-08-31T20:44:05.000000,bc65d5f80a8840846af7bb56a591f978,15920,13532,2388,,,
2023-01-16T22:15:44.000000,cbef84bd1412d2f8160599af1a6360bb,87200,87200,0,,,
2023-07-02T15:28:58.000000,b3f3e27e5e2575d8a640769e9e65c1eb,15920,15920,0,2023-02-10T13:06:43.000000,kakao,142.1
2023-06-04T09:08:13.000000,775a32db3f574496bdb2a22c63f8cf40,15920,15920,0,,,
2023-07-30T21:34:51.000000,f0705f9cce5f602dd72ccca8a2079ae3,15920,15920,0,,,
2023-09-10T18:54:16.000000,43bffb533122c9e3968409c2d71bcb45,15920,15920,0,,,
2023-02-25T10:05:02.000000,ce1115f5ef841c8da4f1fc836599c0c2,131600,131600,0,,,
2022-11-20T15:42:01.000000,aafe9b748871b12ccb51b34011064726,15920,3960,11960,,,
2023-11-09T00:33:35.000000,994ba4c7edf451946eb689f7b95adb60,131600,131600,0,,,
2023-01-16T13:49:49.000000,5df069542f54ee2518138ec42681ca27,87200,87200,0,,,
2023-06-29T03:42:06.000000,5cebbcc5e06e22d29168e323fa913f52,15920,15920,0,,,
2023-12-08T12:38:35.000000,ed81bbf2aee505fd9e2b55ed4f0aed4f,15920,15920,0,,,
2023-11-15T12:34:29.000000,a0ccbd0f9d6b33a82a467620ee9dbda9,15920,15920,0,,,
2023-06-20T20:05:47.000000,70687e77d6ef05521f605a4f11140759,131600,131600,0,,,
2023-05-24T14:08:31.000000,3f74ba2040a5645ba0cc1395a3b83c5a,15920,15920,0,,,
2023-11-21T14:29:02.000000,920b6fd576df0e9e776ef4746a34a873,15920,13532,2388,,,
2023-11-21T18:05:51.000000,310952f5cc29357de27df6ec11c64037,131600,111860,19740,,,
2023-12-31T12:05:04.000000,db744a6f176784fedc5ebe6f13accd47,95520,95520,0,,,
2023-12-05T14:25:45.000000,47eead507b7e0d31d0df3c599cfac42d,15920,15920,0,,,
2023-06-23T12:17:07.000000,6925fae1fa4f5b739c7005a977a8fc87,15920,15920,0,2023-06-23T11:46:45.000000,kakao,0.02
2022-11-30T21:17:40.000000,f5e6c110d257b70c6f858b3e39b445dd,15920,3960,11960,2022-11-30T21:02:12.000000,email,0.01
2023-10-03T21:23:05.000000,fbaa9e512b42af8e090ecaa518f79671,15920,15920,0,2023-09-14T13:41:53.000000,naver,19.32
2023-04-04T13:25:02.000000,7d44bfe6ef2043f067ca61643553e219,131600,131600,0,,,
2023-11-14T04:38:29.000000,a8b7def82a148b4929652134fad5450b,15920,15920,0,,,
2023-03-01T17:25:02.000000,4325785fe8037ef8248f2f787278c0eb,15920,15920,0,,,
2022-11-23T08:12:30.000000,044fea97f38a9def7f7abec8f9e1da7b,15920,3960,11960,,,
2023-03-30T16:00:03.000000,137618cb8c7e406675108d1f41de6d01,15920,15920,0,2023-03-08T16:07:07.000000,kakao,22.0
2023-06-13T22:38:14.000000,69dd3843e7ff22cedc22f51486fd6c74,131600,118440,13160,,,
2022-11-14T00:47:29.000000,1a689497c40f8b54b20e19ec8e4c7342,15920,3960,11960,,,
2023-06-20T18:51:54.000000,d82ac0a9bfcb78a2eb25142038c8d3bc,131600,131600,0,2023-06-20T03:03:45.000000,kakao,0.66
2023-07-23T14:51:15.000000,d4375d2b8f4b71de350a30d49375c1d6,15920,15920,0,,,
2023-01-24T23:34:10.000000,997236caea22a4aaffc777383c69dcfb,91200,91200,0,,,
2022-10-23T09:44:37.000000,714ebaf8aa11e35fce20661408d7f3df,42960,42960,0,,,
2023-07-28T23:47:45.000000,8ed4de4e938ac882d526af509fc8294b,15920,15920,0,,,
2023-07-03T18:05:26.000000,eb6eb67e37c614f6d441edbca8bc6cde,15920,15920,0,,,
2023-01-02T16:40:17.000000,8592a0a2dda7fbdd261379779352185b,83200,83200,0,,,
2023-04-01T09:45:02.000000,91865ba30088e553843a2d71007a58e7,131600,131600,0,,,
2023-12-18T10:20:55.000000,f96918378dbac81b9445815cd4627da5,95520,95520,0,,,
2023-06-23T00:59:14.000000,da53327bb979e1b80e16f3dfff0f5545,15920,15920,0,,,
2022-12-20T17:54:16.000000,90997d5adb79145ffa13fb34caaa508c,79200,79200,0,,,
2023-08-29T10:07:55.000000,4fd44352f159c203d28aedd21b37f6c0,15920,15920,0,,,
2023-07-18T11:38:48.000000,ead4c8e99a856a3b1bcfb37dded49d23,131600,131600,0,2023-07-15T13:17:59.000000,google,2.93
2023-01-23T00:18:48.000000,4e08397881aaefbe02329367f4003f79,91200,91200,0,2023-01-23T00:16:26.000000,kakao,0.0
2023-05-06T22:29:12.000000,0ea71dfbae73b7cbb607c6ff80c835d6,15920,15920,0,,,
2023-05-10T12:35:10.000000,600e5c483c9f64c5ed65d41e8b393d90,15920,15920,0,,,
2022-12-31T23:40:55.000000,27d11e24065549ce44236ad1e59be15c,79200,79200,0,2022-12-28T23:17:55.000000,email,3.02
2023-09-05T09:45:44.000000,a7acc2e57f8f7674125d230673666c7b,15920,15920,0,,,
2023-07-23T12:59:36.000000,2bf4620377784b578d3631d14fd957ec,15920,15920,0,,,
2022-11-30T22:31:23.000000,d0f25c45c3492efa5f738a889f9e0d67,15920,3960,11960,,,
2023-01-14T20:35:46.000000,d2af3bcfa5294f2c477a8bdddc46f299,87200,87200,0,,,
2023-08-03T14:55:53.000000,6facfaf43011b40685581813376cedca,15920,15920,0,,,
2023-01-10T17:37:11.000000,7f7c4a147712ba928f1e939d67604167,83200,83200,0,,,
2023-09-14T09:33:35.000000,bf60ea28726e7de108bd1b156c49e668,15920,15920,0,,,
2023-09-12T14:55:11.000000,4b70785a6520a4fdfcc00dfba9736d43,15920,15920,0,,,
2023-08-02T16:09:49.000000,b3135905b6a5d20ad43038a99edf01ea,15920,15920,0,,,
2023-11-16T22:37:41.000000,433a7b7ae0c58e7badd304d9b0209e26,131600,131600,0,2023-11-16T11:05:29.000000,kakao,0.48
2023-04-25T11:00:02.000000,5d0d733a631389cdf616a4843ae3c541,131600,131600,0,2023-04-18T10:51:04.000000,kakao,7.01
2023-03-01T21:52:06.000000,d94fc62789063769a0dc54a33c2b6185,15920,15920,0,,,
2023-03-24T10:50:02.000000,f5069d851e903a76b47d2699cfd56c7a,131600,131600,0,2023-03-15T00:30:48.000000,email,9.43
2022-11-16T11:31:07.000000,7ffc1c9d3ee86e6ac98fd4b8530a048b,15920,3960,11960,,,
2023-07-14T22:23:54.000000,5d7a4b789ba85eb304a736d83f282d42,131600,131600,0,,,
2023-10-13T14:19:27.000000,3c5fb42cddcd0d7b63b1c74b98b17398,15920,15920,0,2023-10-13T12:07:18.000000,kakao,0.09
2023-11-27T00:36:17.000000,33c7e291810826aa1768b5e0b8867c29,15920,15920,0,2023-11-22T12:32:02.000000,kakao,4.5
2023-09-11T09:43:28.000000,683b0796e66d192bfa54bf7627b15978,15920,13532,2388,,,
2023-05-21T02:37:56.000000,b663089be97b4317b3b7fc9aa409508f,15920,15920,0,,,
2023-04-26T10:00:02.000000,6eb31e990ac4ae90698ec33a5ec52de4,131600,131600,0,,,
2023-01-09T18:44:27.000000,b19e6b74a73fe08dbe982c98716ef7ac,83200,83200,0,,,
2023-05-02T17:02:56.000000,3dbd7cdd4b5c6c4e3157dd5ee7ede6ba,15920,15920,0,,,
2022-12-30T08:08:19.000000,25a269a110db6a17eadcc46a1ac39618,79200,79200,0,,,
2022-09-23T18:25:03.000000,1bef9cd116491f14f42981f82e915100,15920,15920,0,2022-09-16T18:14:49.000000,kakao,7.01
2023-02-10T10:10:02.000000,297d92963501c9cdbe09f6c9bd88f6c8,15920,15920,0,2023-01-30T14:37:33.000000,email,10.81
2022-12-31T17:01:19.000000,7514d017d1a635c96f288ff7899345ce,79200,79200,0,,,
2023-07-27T13:19:41.000000,4a4d512b5bb5b530fd081b666601e172,15920,15920,0,,,
2023-05-27T12:34:57.000000,7dac2565d8cc524d5517a6172ccb486d,131600,131600,0,,,
2023-08-30T11:09:48.000000,c295049ab322ee498855a4a6096433a9,131600,131600,0,,,
2023-12-31T20:46:19.000000,bd4b08b3d957db82fd2f4065e7ad14db,95520,95520,0,,,
2023-06-30T14:34:10.000000,4deeafe7fd725d4ea75248853bb3cd6b,15920,15920,0,,,
2023-09-12T14:59:05.000000,abf5720471c1d73899b8378288d8f9dd,131600,111860,19740,,,
2023-07-04T10:38:35.000000,b6fc6f9771dcd90833fa7685d026bdfc,15920,15920,0,,,
2023-07-25T13:43:34.000000,b3b8d293891fda6ce93c9968da733414,15920,15920,0,2023-07-20T11:14:44.000000,kakao,5.1
2022-09-11T20:05:03.000000,7e2fc7fecb4e46be6880b22eecfea0c3,15920,15920,0,,,
2023-01-19T04:20:53.000000,360d0e41d5a77e552097a21b0517a6b6,91200,91200,0,,,
2023-07-31T23:43:30.000000,df4a774882c68abafbd40ba96fd9d0bf,15920,14328,1592,,,
2022-12-21T00:58:46.000000,bbd151e6cfdea1533da99821b9c91c20,79200,79200,0,,,
2023-06-21T12:32:58.000000,0f9742ed8de334fd599287ba2784ad1e,15920,15920,0,,,
2023-05-10T19:29:32.000000,0c84d182b26015ea6bc2bceafb073ab1,15920,15920,0,,,
2023-09-19T16:19:36.000000,a06e6a5af074f49a02f897959e1178f8,15920,13532,2388,,,
2023-01-05T12:55:21.000000,a3390707a308b22d28b5e84073febdde,83200,83200,0,,,
2023-08-11T09:28:09.000000,96d4b9688216f3e951f7db34aaa88b39,15920,15920,0,2023-08-03T12:04:50.000000,google,7.89
2023-03-27T17:20:02.000000,2e09d9e31b141c48473dc362f28a6a70,131600,131600,0,,,
2023-06-29T20:25:37.000000,614c80456db71689881945c5d1025880,131600,131600,0,,,
2023-03-21T11:20:02.000000,194a0d16aa1dc03182135293eeb64755,15920,15920,0,,,
2023-01-03T01:28:28.000000,ff990a16d0f5c8bf914a63b6815ed342,83200,83200,0,2023-01-03T01:20:17.000000,google,0.01
2022-12-06T20:44:17.000000,2732c07b6046949c645b69e4ec8e8fef,79200,79200,0,,,
2023-01-23T18:51:30.000000,023594f622d088e7d2a0804d4934b501,91200,91200,0,2023-01-09T20:59:51.000000,kakao,13.91
2022-11-30T12:41:42.000000,91c2120b382a79cd1fdc58c1c075cf30,15920,3960,11960,,,
2023-10-30T21:58:35.000000,98aeffb74db0ed134cbbb98ffb94c08a,131600,131600,0,,,
2023-08-25T10:53:27.000000,b9b9359782196f81a77b71b64625919d,15920,15920,0,,,
2023-08-31T22:42:52.000000,9f86a252a9dd7ff1e0ec2a42c5e6ff6a,131600,131600,0,,,
2023-07-16T16:53:59.000000,6e1c1ec5476b674b976308782080ae05,15920,15920,0,,,
2023-05-21T17:31:38.000000,1316dfffca1e1ca41680c9d66ca324a1,15920,15920,0,,,
2023-02-17T17:10:05.000000,bcb27218127eb9073e60b0cba8559ee0,131600,131600,0,,,
2023-06-23T16:51:08.000000,81faa754626c0df4b52f202b30f5c51b,15920,15920,0,,,
2023-06-03T14:13:24.000000,abeaa629b526c93bf31e9a6142556fd8,15920,15920,0,,,
2022-09-12T22:45:03.000000,3a9857b288bceedec981c3430079a1fc,42960,42960,0,2022-09-02T16:03:48.000000,google,10.28
2023-01-27T23:09:02.000000,5e393ed26bdd6a33b2409b521072b90c,95200,95200,0,2023-01-27T23:05:24.000000,kakao,0.0
2023-08-17T11:39:44.000000,6c320f7e354e9e23227af997907748f4,131600,131600,0,,,
2023-01-03T09:31:12.000000,90ef107f743f04f874c04e630d964818,83200,83200,0,,,
2023-05-14T23:45:53.000000,1a2270cad04b13659900b15d029f0abf,131600,131600,0,,,
2023-03-26T21:42:11.000000,67ec6aeedca2fec2a764ff58d661a154,15920,15920,0,,,
2022-11-21T22:20:57.000000,cfb848eeb11a873316cc1a119a3b0a6c,15920,3960,11960,,,
2022-10-31T04:00:02.000000,f11f2ac7e67aa905a911ac962bb9dc41,15920,15920,0,,,
2023-10-22T16:52:53.000000,b49d5d70972dc0f262bd0e3a733a85af,15920,15920,0,,,
2023-09-16T14:14:34.000000,8cbe64bf526c1cc98470951b5ca2601d,15920,15920,0,,,
2023-11-27T00:19:02.000000,9c2c41363814ca9268f73f9603a9d9f3,131600,111860,19740,,,
2023-11-28T13:01:51.000000,b2344992c6cbfdaf422c6320d5e56b91,15920,15920,0,,,
2023-07-28T23:56:52.000000,170db1171c0fdbde01c9ed614e432d2b,15920,15920,0,2023-07-28T23:53:47.000000,kakao,0.0
2023-01-30T22:27:43.000000,049952d8940a77e216c6d573e6108243,95200,95200,0,2023-01-30T22:23:53.000000,kakao,0.0
2023-06-12T21:21:17.000000,279f60c135d708b70178c173dd50983d,131600,131600,0,,,
2022-09-04T17:05:01.000000,62ed88b30d6b882d0e9febd34986f1d6,42960,42960,0,,,
2023-03-11T15:40:01.000000,5288c36731e73a1941699d37f3a69a27,131600,131600,0,,,
2023-04-23T15:05:01.000000,e0a6faac86254f653fbaf1f6c5e82bcd,15920,15920,0,,,
2022-12-30T15:49:28.000000,7e658fe8de60aee58e975633f28eef92,79200,79200,0,,,
2023-09-10T20:17:59.000000,2f1a5243f4b653e64504e1bb43dd6d79,15920,15920,0,,,
2023-01-24T23:44:11.000000,467fab4519835984dc79dfaf48c6b755,91200,91200,0,,,
2023-12-24T01:38:28.000000,8b7209ee345ba936fa2606a234d5784b,95520,95520,0,,,
2023-08-25T10:34:00.000000,95afbc62079ce9c5e1e30942ce5abb84,15920,15920,0,,,
2023-01-17T20:40:59.000000,73e574e7b45fdba998c1185486bd2197,87200,87200,0,,,
2023-12-10T20:33:19.000000,718c4c5bf75d7406ace89bf8c815cf61,15920,15920,0,,,
2023-12-27T22:08:27.000000,9cf23af3053737d14eef870539092f19,95520,95520,0,,,
2023-12-10T13:47:57.000000,42ba1e8ae95e68475a069d36c5e73951,15920,15920,0,,,
2022-11-16T10:31:23.000000,1718432f54ebca48832fc7ee9a82810e,131600,131600,0,,,
2023-05-01T15:45:02.000000,f21faeb7a730482791f584ff27f37b97,15920,15920,0,,,
2022-12-21T15:21:17.000000,e03bfd40b7c02cadeb4f4829c632ab30,79200,79200,0,2022-12-17T08:45:54.000000,naver,4.27
2022-12-15T17:30:04.000000,bc6a1bab52ec70fe3896188bd30a9f26,79200,79200,0,,,
2023-06-12T15:52:20.000000,2c537d00db738f32eefcd0b1463a2f31,131600,131600,0,,,
2023-11-14T18:55:11.000000,88d02fbeb56a847f5bafe0db2fe60fbe,131600,131600,0,,,
2022-12-20T13:39:13.000000,3c5ce702667aeded9858b86597044442,79200,79200,0,,,
2023-03-29T14:10:02.000000,5b21de9af0b45746fea0add861abc4ec,131600,131600,0,,,
2022-11-21T10:56:03.000000,266bae7b0151c56451a05fc53b022dd8,15920,3960,11960,,,
2023-01-15T02:20:43.000000,207248c1acc095b65c5e6edfb81bb1dc,87200,87200,0,,,
2022-12-31T03:28:25.000000,9be3902d136997e11fda602ab02bdff7,79200,79200,0,,,
2022-11-15T09:25:55.000000,2c9d9636d0917bb34bb3d4bb2c421282,15920,3960,11960,2022-11-15T09:11:03.000000,kakao,0.01
2023-11-02T22:52:25.000000,4868d5860813bf5389b6b3749a24cc96,15920,13532,2388,2023-11-02T22:48:44.000000,email,0.0
2023-09-26T21:01:48.000000,c82fd99c6511aa7943104f4f6d811bb1,15920,15920,0,,,
2023-08-07T11:18:53.000000,06a297dd69bb49468fdfb9b7b61c8d13,15920,15920,0,,,
2023-01-09T23:16:25.000000,48af4dcaee4b0a73c2f0279a94250e57,83200,83200,0,,,
2023-01-23T19:02:47.000000,f201781938c0b9c5b7d2a32bfa7f4ea9,91200,91200,0,,,
2023-01-13T17:42:51.000000,f5accf62262204252e8b62fe7c65b11e,87200,87200,0,,,
2022-10-03T10:20:02.000000,0126ad7cca27944f9856d7c6ec5974b5,15920,15920,0,2022-09-25T21:13:21.000000,kakao,7.55
2023-01-17T23:19:34.000000,2787c07291e20c2030b0777afb1f7b26,87200,87200,0,2022-09-25T19:56:23.000000,kakao,114.14
2022-12-26T10:47:51.000000,b5637a9a98bf13a0c82e14f046551710,79200,79200,0,2022-12-25T23:11:09.000000,google,0.48
2023-11-11T23:15:55.000000,ba694b5f967be684e081be9048be4c9b,15920,15920,0,2023-11-09T01:11:33.000000,naver,2.92
2023-01-10T09:45:13.000000,537355e9664d6e017413131adce9cd7a,83200,83200,0,,,
2023-01-07T17:37:59.000000,a3e607fd124e761ec4fac87fa16f89f4,83200,83200,0,,,
2023-06-20T10:15:17.000000,9c1a0e16da428dbb5dc3d823e906fdf6,15920,15920,0,2023-06-20T10:12:22.000000,kakao,0.0
2023-10-02T15:07:57.000000,137b626c5baed53e0cd13d930165c91d,15920,13532,2388,,,
2023-06-06T23:44:48.000000,1e566c19286562f793c53de189a541cf,131600,118440,13160,,,
2023-06-11T18:04:53.000000,989355d968f2e2dcec0f13e9fefd2c82,15920,15920,0,,,
2022-12-31T08:39:04.000000,fe6b4a0763929abcdbc75df31d34d0c3,79200,79200,0,,,
2022-09-12T21:45:02.000000,8a3a79afbfe292f4d4cb9758b506bb41,15920,15920,0,2022-09-05T21:26:43.000000,kakao,7.01
2023-06-15T17:39:17.000000,d2dc79950d93c4baf30496f4242c2db7,15920,15920,0,,,
2023-02-26T19:25:01.000000,ec57b63b18a8b8525bca2996065aeefb,15920,15920,0,,,
2023-09-14T14:21:32.000000,0cd0b2eeed392a038a8fba597d3565bb,15920,13532,2388,,,
2023-07-23T14:34:35.000000,ccf653d25d1590e1a10b6b2c1d815da7,15920,15920,0,2023-07-23T14:32:49.000000,kakao,0.0
2023-09-03T19:33:20.000000,aa8bb0bba33411766fd1e968189328b0,15920,14328,1592,,,
2022-12-28T21:27:48.000000,be1d6dfd7fedfa343faa5a36fd18ea3c,79200,79200,0,2022-12-28T00:48:25.000000,kakao,0.86
2023-12-08T16:13:12.000000,9c100633603f307a8a7e21171c6032c5,15920,15920,0,2023-12-02T22:32:09.000000,kakao,5.74
2023-12-02T17:13:50.000000,569931b0f445d0781ad7bafbb022dcaa,15920,15920,0,,,
2023-07-01T16:52:38.000000,359e247f13a386ec0901463b5812c3a1,15920,15920,0,,,
2023-05-30T23:50:14.000000,d9b759841a6b755b73715406a4575c44,131600,131600,0,,,
2023-08-10T16:22:57.000000,f6da909ddda59d4a14379d7a928843c5,15920,15920,0,,,
2023-11-13T16:45:27.000000,fc2d61891700d49aa5236c7e4efe103e,15920,15920,0,2023-11-09T22:44:00.000000,kakao,3.75
2023-12-25T14:21:09.000000,43e9fa5e21f404df28ba07a826cd6c67,95520,95520,0,,,
2023-01-13T20:55:29.000000,c34639fd618d3ea0138398f1c82b0685,87200,87200,0,,,
2023-04-20T06:15:02.000000,943738dcd51ea3673bdcb3c91e537c30,15920,15920,0,,,
2023-01-24T16:18:51.000000,9d71d4fa8e5fd751346730481a3eb0e9,91200,91200,0,,,
2022-11-30T22:41:39.000000,7bf3c071f9068221f4bf8f7b891aed9b,15920,3960,11960,,,
2022-09-26T06:55:02.000000,65e3856b4b01cc187d24dfb835578f8f,15920,15920,0,,,
2023-10-22T21:31:24.000000,5046a33bec4c057328e4243ad512e459,15920,15920,0,2023-10-22T21:19:48.000000,email,0.01
2023-08-16T08:02:23.000000,8fe6aaa9587c987bef04a741cff1e48e,15920,15920,0,2023-08-06T22:40:57.000000,kakao,9.39
2023-11-01T16:45:06.000000,07a61d71c5d59da885b5a5cfcc1df273,15920,15920,0,,,
2023-07-25T23:04:37.000000,dcabaa80afe018a4e6c82c4c4ea04a59,15920,14328,1592,,,
2023-01-28T17:44:10.000000,d45fd1ed27f81d375f48aec0803f8ee0,95200,95200,0,,,
2023-11-25T16:03:28.000000,14882641e313fbc883a88820a04c91b1,131600,131600,0,,,
2023-03-19T05:55:03.000000,cfabed220d6771ec995c6ce6c31a9774,131600,131600,0,,,
2023-12-16T12:25:01.000000,a77f2a2c7e7c62176507e2eacd0d0d50,95520,95520,0,2023-12-16T12:17:36.000000,email,0.01
2023-11-14T17:39:40.000000,2bd9ed72c1418fd22ec84f2bb631a091,15920,15920,0,,,
2022-12-20T23:04:39.000000,51d8363f0f40320fd7a874e8e6ac73b2,79200,79200,0,,,
2023-12-13T16:11:06.000000,ccda058cb140eb4b8b2024caf2aafe9f,95520,95520,0,2023-07-06T20:32:17.000000,google,159.82
2022-12-31T23:16:08.000000,de58a26c23144eeef063c4729a7ecee9,79200,79200,0,2022-12-28T15:30:20.000000,kakao,3.32
2023-01-10T20:24:33.000000,5354259304ede703e805b597cbf5e132,83200,83200,0,2022-12-27T16:49:31.000000,kakao,14.15
2023-08-23T22:09:45.000000,3f3af1274de87cd0445667cdd9920c2b,131600,131600,0,,,
2023-10-23T11:15:00.000000,1d08d8d41833937b70c0e5066d89e843,15920,13532,2388,,,
2023-04-22T20:43:59.000000,b5c13444aee51b9a2f54f93bc3d133df,15920,15920,0,2023-04-14T21:03:10.000000,naver,7.99
2023-01-27T18:01:03.000000,f6c69a5ee21b1dd58120e6d84c8a0947,95200,95200,0,,,
2023-12-13T21:27:28.000000,3758f872afeeb7ca0e44f3f45e287686,95520,95520,0,,,
2022-12-25T04:51:19.000000,46c506242361733e1f21b50085d8e060,79200,79200,0,2022-12-25T04:45:33.000000,kakao,0.0
2022-11-25T09:19:44.000000,0d37cc5dd25254c584b248f66881dbaf,15920,3960,11960,2022-11-10T12:20:08.000000,kakao,14.87
2023-06-23T15:18:49.000000,eab554f5b0691c7bcbb6e77e9c613bc8,15920,15920,0,,,
2023-07-04T22:51:45.000000,7c34f6057216d2f53a2f0a682e4fb63f,15920,14328,1592,,,
2022-12-28T22:57:10.000000,ef0bf0a68d5c96fcfd58960e77ac71f5,79200,79200,0,,,
2023-02-12T21:25:02.000000,a5885635fd4c21a5b61faf42deef0582,15920,15920,0,,,
2022-12-03T22:55:11.000000,611f1b12f508954d1a881353ffd34864,79200,79200,0,2022-12-03T22:42:54.000000,kakao,0.01
2022-09-05T18:40:02.000000,cd24f3859def0acbe9992b277102a107,15920,15920,0,,,
2022-09-08T17:22:08.000000,691af17c8d639f8d3b71f7b7f15d677c,15920,15920,0,,,
2023-01-31T08:46:50.000000,8dc21ad266059d1594858fea2d8d5536,95200,95200,0,,,
2022-12-04T18:17:33.000000,a19326b408df911afc5f4aeb90756062,79200,79200,0,2022-12-04T18:11:08.000000,kakao,0.0
2022-11-07T22:25:02.000000,7445552b7f66605f7bb2c9581b1d4110,15920,15920,0,,,
2023-08-04T19:41:49.000000,557112465958f5aef82b1585f8d97543,15920,15920,0,,,
2022-11-29T18:37:23.000000,2cb0c14f0d9e05f0df2aaf429fdb2722,15920,3960,11960,,,
2022-12-30T23:13:45.000000,64f56226053c8a1c24eac39c0bcd4314,79200,79200,0,,,
2023-08-21T18:35:40.000000,b8e021f26845e8d37f0569b90b30b90f,15920,15920,0,,,
2023-04-17T14:44:29.000000,e755ae0de8ac3fc2601f97c79a0d31fd,131600,131600,0,,,
2023-09-08T07:22:05.000000,68c5476b30bca2d2b7e83ad89b10f2e5,131600,131600,0,,,
2023-12-24T13:54:11.000000,926df494aebb5689996dacafaab0f00e,95520,95520,0,,,
2023-02-13T07:24:52.000000,62bbe9d8fe746553c1ed600ec124a423,131600,131600,0,2023-02-02T21:56:12.000000,kakao,10.39
2023-09-04T18:02:17.000000,d76410f3460b09b025639fc0904528a0,131600,131600,0,,,
2023-01-17T19:00:38.000000,f8da62c8db9a8bd7bfa2c5bc959174f0,87200,87200,0,2023-01-10T14:45:07.000000,naver,7.18
2023-08-04T11:52:24.000000,4b5b8073b9353a3238750cbf39a76750,15920,15920,0,,,
2023-08-02T00:27:28.000000,1b5a875eb1febf326720474ee6bc195d,15920,15920,0,,,
2023-12-21T17:43:43.000000,f88da486b88f665fad42e691dd88c067,95520,95520,0,,,
2023-11-15T01:00:41.000000,c53c1f27cd79f422abbca54cfe2ec8d5,15920,15920,0,2023-11-15T00:57:03.000000,google,0.0
2022-11-09T16:30:02.000000,c388ee7136e3bf9c0781f26e66f49259,42960,42960,0,,,
2022-12-04T10:23:51.000000,fc3048c6f66556e82b6ca7cad39e0136,79200,79200,0,2022-12-02T21:23:02.000000,kakao,1.54
2023-12-27T18:05:00.000000,04c660e8e893dfedc0063ad681982b86,95520,95520,0,2023-11-20T08:38:06.000000,kakao,37.39
2023-01-31T13:16:25.000000,3bd0311b6e06c6f7d4f4a9554b32f3e1,95200,95200,0,,,
2023-01-31T22:51:17.000000,c238a05506da2d64cd298273c19fcbbc,95200,95200,0,2023-01-31T22:49:30.000000,kakao,0.0
2022-09-07T11:05:02.000000,6a62da1545c57b16a3dc4f930259062a,42960,42960,0,,,
2022-09-27T15:15:02.000000,9fc7e0abdd00100eb1e72a62a1f89a84,15920,15920,0,,,
2023-07-30T17:38:44.000000,38e9ec359a6cec31dc042f7a2e91f89b,15920,15920,0,,,
2023-01-10T19:25:47.000000,38134e1d04ddb53d4c5449ef075f8550,83200,83200,0,,,
2023-01-10T12:43:05.000000,17e7fa5cbb1a3c220420531a9ae3a1b2,83200,83200,0,,,
2023-04-15T16:35:02.000000,715cbd9411deadaeaf225ba54ba88e0a,131600,131600,0,,,
2022-12-20T14:47:07.000000,3a28308fc56724af1d676a3be28af1d4,79200,79200,0,,,
2022-12-23T23:38:43.000000,43724f8383cd2940ab23b5eb758ff691,79200,79200,0,2022-12-23T23:18:28.000000,email,0.01
2023-01-31T22:03:21.000000,05138238730c4dbe3de9f00f54a1966a,95200,95200,0,,,
2023-11-01T22:34:04.000000,ff3a81f0cb497a3afa7a3d8c2901cdac,15920,15920,0,,,
2023-12-13T17:47:23.000000,15bf09125e716157aeb8269d6635af21,95520,95520,0,2023-10-25T16:17:23.000000,kakao,49.06
2023-12-11T09:29:52.000000,4b7c6aebcee05c2d8bb466e245e7a80b,95520,95520,0,,,
2022-12-23T10:50:09.000000,b57febd8326b803789bd68f30983fc67,79200,79200,0,,,
2023-09-18T19:05:42.000000,fa1cd3b4771ade438403eaa4185d8ab7,131600,131600,0,,,
2023-01-10T21:15:48.000000,d77e94fa502c0e561b656b99f7c0488a,83200,83200,0,,,
2022-11-24T14:18:39.000000,8aa9336fd1b311979cea5d3570f5c777,15920,3960,11960,,,
2023-07-17T14:13:18.000000,04443da06f98d2793d79d977435fa08d,15920,15920,0,,,
2023-01-10T14:35:17.000000,f80e952678d14d58f6fed73e82ecd58b,83200,83200,0,,,
2022-12-26T22:40:24.000000,c471a6b99fe951b8b7a75e65da1d069c,79200,79200,0,,,
2023-07-17T18:18:00.000000,7d36b8c6a411b0e67486fa2c94b2678e,15920,15920,0,,,
2023-01-17T13:40:01.000000,24ea9b3617d42ba7403d592481482291,15920,15920,0,2023-01-02T13:25:19.000000,kakao,15.01
2023-07-20T15:17:03.000000,724835a3db91b6f4a20d06a9d66ea2e2,15920,15920,0,,,
2023-04-16T17:55:02.000000,ec006d2756a2ef5741622f09f48ed1e9,15920,15920,0,,,
2023-04-12T14:55:02.000000,9ad3e43c9085491328e72bb75de31d90,15920,15920,0,,,
2023-11-30T15:34:30.000000,0e6969cd746d568276f2fa5082dd2747,131600,131600,0,,,
2023-06-22T22:26:16.000000,a4d513ba94ebf91dc8a923c33fdbf675,15920,15920,0,2023-06-22T22:23:10.000000,kakao,0.0
2023-12-16T18:26:08.000000,2f64432122e3856e2ec48e5b04d93a5c,95520,95520,0,,,
2023-12-22T13:44:49.000000,96c44d6f3891c88ba407ca2a0b150c8e,95520,95520,0,,,
2023-09-24T19:16:59.000000,792f470eb9e7484acb6af47aba4a5550,15920,15920,0,,,
2023-07-04T21:30:01.000000,5802bceee9ecedf9a8b5608598bc19e0,15920,7960,7960,,,
2023-11-18T16:03:28.000000,214a8edf493d97ddda9912176479dd82,15920,15920,0,,,
2023-05-24T18:10:44.000000,f66b402e7286782e60f4e57becaa4dc1,15920,15920,0,,,
2023-01-14T20:48:37.000000,25fc54c0e6c9f433731335945b763766,87200,87200,0,2023-01-14T20:46:20.000000,email,0.0
2023-01-10T22:28:40.000000,995dcd18bf1fcfad2066e835cfead626,83200,83200,0,,,
2023-01-07T17:44:47.000000,f192ff7b6786dea3f7abbe9778012cf7,83200,83200,0,,,
2022-11-29T14:32:33.000000,4af229c8c0d3a67e20cb50d45d41657f,15920,3960,11960,2022-11-29T14:32:01.000000,kakao,0.0
2023-01-30T09:17:18.000000,cdc1e6f3b1f1493744e1d20e0a5541d6,95200,95200,0,2023-01-16T22:09:09.000000,kakao,13.46
2022-11-28T12:09:51.000000,8d7045ca43d4ab30f2e51a47b0f6224d,15920,3960,11960,,,
2023-07-11T19:05:06.000000,2d54727d489f68a7f69a13f46cb4b981,15920,14328,1592,,,
2023-10-29T18:22:00.000000,eaa6b8d822192cabc5c694374c5a2e3e,15920,15920,0,,,
2023-09-07T19:10:10.000000,81537c754c6f4042e15f4fa9ad624d15,15920,15920,0,,,
2023-02-08T10:51:12.000000,a32ed77b52172fe67bdd72af2912c547,15920,15920,0,2023-01-28T22:34:15.000000,kakao,10.51
2022-10-09T21:15:02.000000,58acc40afd3987c3cc5c337fea83b6b1,131600,131600,0,,,
2023-09-15T08:18:30.000000,3d75c11d2ddb5fa4cae6c57b080962b2,15920,15920,0,,,
2023-06-20T20:54:33.000000,c4e1ac2fdb72eea3264c9cc185748b99,131600,118440,13160,,,
2022-12-13T09:56:52.000000,7ef6adc8b3991efa25820f5ae78ef265,79200,79200,0,,,
2023-03-25T23:40:02.000000,0000572f2ba8079bcefd2760b632e820,15920,15920,0,,,
2023-03-22T18:40:02.000000,c3dc331bec7da45121952fb98ba30fe8,15920,15920,0,,,
2022-11-12T09:50:02.000000,9f4bf32dad209b761f0997b5756a5e58,131600,131600,0,,,
2023-08-29T15:42:51.000000,f2105505e9a6322d738a9660ac11e174,131600,131600,0,2023-08-28T16:40:05.000000,kakao,0.96
2022-12-06T11:09:34.000000,28ffb08a2bcb71146c505ea3a9222926,79200,79200,0,,,
2023-01-13T10:32:00.000000,68191adf4b70203f92000a09e209705b,87200,87200,0,2023-01-13T10:28:02.000000,kakao,0.0
2023-04-20T10:20:02.000000,86017c06e752f3260aaeab93444fc5d5,131600,131600,0,2023-04-12T20:21:22.000000,google,7.58
2022-12-05T16:34:06.000000,032dc9e44ff73a517194274c3b499dc3,79200,79200,0,,,
2023-12-23T11:03:47.000000,6c65d646cdbb1bea21fcbc37173404f4,95520,95520,0,2023-03-19T15:22:17.000000,kakao,278.82
2023-01-10T23:57:24.000000,1290594dfae00b630e7b2e913a91f2d5,83200,83200,0,,,
2023-08-23T14:03:56.000000,70439f6a4814a5e70ea56ae92eada854,15920,15920,0,,,
2023-09-28T08:20:02.000000,3b9739ab3caebcbe4217b950b9dbdd99,15920,15920,0,,,
2023-01-29T20:43:02.000000,5dad8f9c1567776c302049f6caa5dd14,95200,95200,0,2023-01-14T11:36:35.000000,kakao,15.38
2023-08-16T18:15:06.000000,54b239ddda8100f3e9843ac8e874c8e4,15920,15920,0,,,
2022-12-30T19:36:19.000000,645002780b01dfa2e1843e3b2cea1d62,79200,79200,0,,,
2023-12-16T18:04:09.000000,1ad01b349af182b47e7469714851ca29,95520,95520,0,2023-12-16T18:03:12.000000,kakao,0.0
2023-12-27T13:09:50.000000,d97f50d67ac1899873e173a99c830a4f,95520,95520,0,,,
2023-12-02T15:26:25.000000,0f1a9ba7eb474aac9123caef941d8cf5,15920,15920,0,,,
2022-11-23T13:44:44.000000,81450e098c14608d247a45fa7ab3995f,15920,15442,478,,,
2023-09-17T00:48:22.000000,147622d54847c51c7d7ddf1936048ea0,15920,15920,0,,,
2023-09-13T17:28:38.000000,f027d075992af1731d24d5e442e8e81a,15920,15920,0,2023-09-04T18:14:38.000000,kakao,8.97
2023-07-27T13:20:58.000000,26de1b1ec56673e098a932c77464c92d,15920,15920,0,,,
2023-04-17T11:15:03.000000,c66f52f0378515c6e84399948701fdf5,15920,15920,0,,,
2023-09-22T16:32:36.000000,c84d1e6416f327e39bb50aa000e6483b,131600,111860,19740,,,
2023-11-04T11:09:58.000000,587e2959f96acaf677addcbf6e341228,15920,15920,0,2023-10-14T23:20:41.000000,kakao,20.49
2023-08-17T17:16:35.000000,1bef191e09900a86eedc333ee1ce7f40,15920,15920,0,2023-08-15T00:59:08.000000,kakao,2.68
2023-07-31T18:13:46.000000,3ae159d0bc7c5b8a66b57fda570628c9,15920,15920,0,,,
2022-11-30T23:33:54.000000,c0717d490b54fd2de465a67717a1b800,15920,3960,11960,,,
2023-07-27T23:37:58.000000,8066abaaf5f11919d307deae22793e01,131600,131600,0,,,
2022-12-31T13:30:15.000000,56c70cdda2bf47948ee3fd2417d8d1cf,79200,79200,0,2022-12-31T13:26:24.000000,naver,0.0
2023-07-31T23:22:06.000000,1f7c9983fd9cd15ce809b3feade37354,131600,118440,13160,,,
2023-12-24T14:03:55.000000,1639d80a5c24d4f6944c25123321635b,95520,95520,0,2023-12-21T14:43:46.000000,google,2.97
2023-04-08T18:07:31.000000,294e0a5b450df6cdc6b02e91e2c1c14b,131600,131600,0,,,
2023-10-18T10:55:27.000000,0f79d685ecc00f6c805d779b8f8a7051,15920,15920,0,2023-10-17T15:13:46.000000,naver,0.82
2022-12-06T16:23:16.000000,0819c1391e2c82e9f9cadf28e6799ecf,79200,79200,0,,,
2022-12-17T00:04:04.000000,128aaf516702307aa64f67aeb6afb094,79200,79200,0,,,
2023-01-10T20:24:13.000000,5da718a1a6189b70fa745eccf5035fe7,83200,83200,0,2023-01-10T20:22:03.000000,kakao,0.0
2023-01-31T18:41:29.000000,f6e353d54eb231a2b9a2f9215e83c9b9,95200,95200,0,,,
2023-04-22T16:25:03.000000,eb077f56deed7fd8df8ee65577b5071e,15920,15920,0,,,
2023-08-02T23:40:32.000000,42d0a4253ccfba56d9b9133ae07089b4,15920,15920,0,,,
2023-11-15T21:39:46.000000,92ea6580e61f1f256e27ce43e3246332,15920,15920,0,,,
2022-09-17T14:10:02.000000,e0f76f6321b172de1e263b936efb1d3b,131600,131600,0,2022-09-10T13:24:56.000000,email,7.03
2023-04-10T12:15:02.000000,ce57eb86ec911c6c5f8fb8515b567de7,15920,15920,0,,,
2023-02-15T21:20:02.000000,d07fa6f1611383609ace47695c537bf3,131600,131600,0,,,
2022-12-30T17:34:25.000000,dc53a00a1b2dcca491a15e5200888565,79200,79200,0,,,
2022-12-18T20:10:43.000000,02e790ddbc210bff7eb7c804ed98d6ad,79200,79200,0,,,
2023-01-29T21:52:15.000000,5a72f0bad0e633f47d7eecdc98f5d244,95200,95200,0,,,
2023-01-19T19:51:50.000000,398a25d9b909a4e4839286ccf49e7aee,91200,91200,0,,,
2023-01-31T20:19:46.000000,89b40d48f31440e3f882945221bbe54f,95200,95200,0,,,
2023-07-13T11:56:30.000000,f8f04982fd298e7b0e72cc7423d4397a,131600,131600,0,,,
2023-01-03T23:36:51.000000,34a5f68a0a93d88d558d726228e23e01,83200,83200,0,,,
2023-04-13T09:20:02.000000,4b65c0a4eb0bc8285ff763e98578a4b5,131600,131600,0,,,
2022-12-18T22:17:49.000000,e4dca43d2345a5c72eeb17dc4f0b23c3,79200,79200,0,2022-10-29T15:35:44.000000,kakao,50.28
2022-12-31T19:17:08.000000,750fbfe40278d12c7c18aff33142727d,79200,79200,0,,,
2022-12-13T04:15:39.000000,dc18965660a260453f67aaea97887719,79200,79200,0,,,
2023-01-07T22:47:46.000000,b39f4d33c20c98b61885cceccc25a7e5,83200,83200,0,,,
2022-09-10T05:40:03.000000,1fa57c75cb7ac3f5ea881d9d75be9aeb,15920,15920,0,2022-09-03T03:22:05.000000,kakao,7.1
2023-11-30T16:53:57.000000,edc54b5b40753c78ebd7eb8000df24c3,15920,13532,2388,2023-11-17T13:59:19.000000,kakao,13.12
2022-12-01T00:11:19.000000,7911bf549a1dfa0cf9b405b8315af752,79200,79200,0,2022-12-01T00:10:34.000000,email,0.0
2023-11-06T18:46:06.000000,b68eb2001f546375ee296be63eabc8c3,15920,15920,0,2023-10-20T12:04:05.000000,email,17.28
2023-01-14T22:56:30.000000,b8a1bc57377d6abf9ccec5b5dcbe2090,87200,87200,0,,,
2022-12-31T23:08:55.000000,db74f93064daba3040b22874f0641d2c,79200,79200,0,,,
2023-12-27T15:02:39.000000,07757359f8b37b3e73cdb88d99753339,95520,95520,0,2023-12-18T21:49:11.000000,kakao,8.72
2022-11-14T22:50:02.000000,4b01106982ce76a475b30b68b0145a39,15920,15920,0,2022-11-07T22:42:39.000000,kakao,7.01
2023-11-08T13:50:01.000000,2309287ba3202f65c0081e49400951c1,131600,118440,13160,,,
2023-11-14T11:59:55.000000,3541656a761db35f74c17bb652510dbb,131600,131600,0,,,
2023-01-08T12:28:01.000000,41013401fd773aaa5869b0957d9790b9,83200,83200,0,,,
2023-06-28T18:40:12.000000,e75608f801e2c0168e082b12cc71dcdd,15920,15920,0,,,
2023-01-09T20:44:36.000000,c60a10fc1d58999308e98c1ba3776046,83200,83200,0,,,
2023-01-30T20:53:53.000000,a80ecef29265f2904963a8e9029302cd,95200,95200,0,,,
2023-01-10T23:52:35.000000,27219fb588c5c7d25edcbc558c1bae4a,83200,83200,0,,,
2023-01-16T23:45:39.000000,53ec0b7ebc42ec346817990448ffb42d,87200,87200,0,,,
2023-09-24T21:10:57.000000,88a67d72224a8885148e18a1309adf5e,15920,15920,0,2023-09-24T21:05:42.000000,kakao,0.0
2022-12-28T16:09:28.000000,795036b8093f1d6fc515c9eb6b6d3bf4,79200,79200,0,,,
2023-06-29T23:08:45.000000,d44be49faeeeab47dea9bdf862e2b940,15920,15920,0,,,
2022-10-18T12:05:02.000000,937b62729062c1619a7b8a8ddc9e15e4,15920,15920,0,2022-10-04T12:00:19.000000,email,14.0
2022-10-06T16:50:02.000000,1f4483941fa80b25741a5082892872b6,15920,12736,3184,,,
2022-12-30T22:30:48.000000,81818dfbdb6b1f78d3205d3a2092fce1,79200,79200,0,,,
2022-12-26T14:56:06.000000,3001aade44077e6363166b1a35bf65a7,79200,79200,0,,,
2022-12-27T15:49:04.000000,df97267d898e3b4f1c236738952a60f3,79200,79200,0,,,
2023-10-31T22:39:16.000000,739dbcf52bbeaf72d19718a0b4c2f577,15920,15920,0,,,
2022-09-22T01:15:02.000000,3adf8df3e3eeb8ccd24d3810ccd5357c,15920,15920,0,,,
2023-10-23T19:17:43.000000,a4cb49443ecc4df345dbbb6068435039,15920,14328,1592,,,
2023-11-12T16:35:39.000000,5d15b0a4d684a0a88f70f20ba4e5108b,15920,15920,0,,,
2023-07-19T19:17:51.000000,2764acb6e41cbf4aa4886e42d3bc668f,131600,118440,13160,,,
2023-01-31T23:31:33.000000,7b9643d4aee131a962bbb256730c3d5b,95200,95200,0,,,
2023-05-01T22:05:36.000000,04bf988f426c114d184d8930acb33542,15920,15920,0,,,
2022-12-31T22:55:25.000000,d55b7f6fdbbdb5d1f81b2186347728e9,79200,79200,0,,,
2023-06-08T10:45:56.000000,5ad3634c7c7e37169ef57f035d5b0338,131600,131600,0,,,
2023-06-22T21:53:25.000000,ff91a7edbe5caa0cf8045e182a28c65b,15920,15920,0,,,
2022-10-09T08:35:02.000000,3fd460bb6cba3313d0fbae337a61edb0,131600,131600,0,2022-10-05T13:05:18.000000,kakao,3.81
2023-02-08T13:25:02.000000,6e4cc43924c1693a65955a0798b093af,15920,15920,0,,,
2023-01-17T22:02:51.000000,8e92d1b1d8a2cc87e8cc964441da21de,87200,87200,0,,,
2022-12-30T09:10:55.000000,383ea6b1b137449fc2ef9ca7e09743e5,79200,79200,0,,,
2022-12-22T02:12:56.000000,a51b2cb23554cf64eee909c00cbbeb56,79200,79200,0,,,
2023-06-05T15:13:41.000000,5a177a2aa5ebad2d2a70ca0ff315e875,15920,15920,0,,,
2022-09-11T23:20:02.000000,eca1056b90449143e62cf65aff489a18,15920,15920,0,,,
2023-10-16T19:57:40.000000,8361bf9a9f985881df768506cbc17d99,15920,15920,0,2023-10-14T14:02:46.000000,kakao,2.25
2023-08-18T00:14:33.000000,999dbc1963df0ce7aed47c81e675a5cc,15920,15920,0,,,
2023-05-24T16:16:21.000000,321d3450e8df4ac982a96b8db1315121,131600,131600,0,,,
2023-03-30T07:30:01.000000,c63c79b2d00e63ad72e50e015ad739ae,131600,131600,0,,,
2023-05-13T12:51:43.000000,f4cfede774340576ebb92dd82ca7aaf5,15920,15920,0,2023-05-02T16:51:22.000000,google,10.83
2022-09-08T11:35:02.000000,34ba5a4453351b21c965e9cb07d1b535,15920,15920,0,2022-09-01T10:59:45.000000,kakao,7.02
2023-12-08T18:28:15.000000,6df9242de9dab8d8b61b26fd7c6f2849,15920,15920,0,,,
2023-12-16T17:27:19.000000,2419eaf7ddc794900006d51e737e3dea,95520,95520,0,,,
2023-01-15T09:56:41.000000,fa3a6b407a3949c64c8bcf160f5a8c07,87200,87200,0,,,
2022-11-30T23:42:11.000000,c135afa2a69ebedf270828bb0864d5bf,15920,3960,11960,,,
2023-11-16T14:59:13.000000,0aa187358846e9a6302425ea2fd058ed,15920,15920,0,,,
2023-10-02T16:09:06.000000,4dda405aee71bfeb499ac164b0a9ebd3,15920,13532,2388,2023-10-01T14:28:46.000000,google,1.07
2023-12-13T20:52:32.000000,b360b56247be6dce57ff1c8dd9fb4539,95520,95520,0,2023-12-13T16:28:58.000000,kakao,0.18
2023-12-31T14:46:15.000000,12280ceb9038186c7b360d7feca6826d,95520,95520,0,2023-03-27T22:38:29.000000,kakao,278.67
2023-01-15T15:17:34.000000,c54d45b14d854e718fa9d597bb620a8e,87200,87200,0,2023-01-14T09:57:13.000000,kakao,1.22
2023-06-25T19:54:08.000000,aa5db48ed15d6e3a28e728557289283e,15920,15920,0,,,
2023-12-17T18:35:01.000000,face97c5c57c91493743284da94a9164,95520,95520,0,,,
2023-08-13T17:04:24.000000,11e84ee868d27badf87e73743070ead7,131600,131600,0,,,
2023-10-31T13:08:40.000000,ebbc04a571afbf69524ca34249690c11,15920,15920,0,,,
2023-09-14T14:10:23.000000,def29fb1323fa2d07dff0024cf39289e,15920,13532,2388,,,
2022-11-30T09:29:15.000000,cb626331a31ad3e2c12cff26fb34adc4,15920,3960,11960,,,
2022-09-02T12:45:02.000000,40511809313b25cfae79a854480f758d,131600,131600,0,,,
2023-02-13T14:10:02.000000,25ee6b9ac63abe193bcf78fdf04fdbd1,131600,131600,0,,,
2023-01-09T17:40:21.000000,2782298276dc633ec3381f39e5475e56,83200,83200,0,,,
2022-11-23T14:31:07.000000,cdc6730105e1cd36d331e71ede1262c5,15920,3960,11960,2022-11-23T14:30:24.000000,email,0.0
2022-12-15T18:36:53.000000,c3448455e8c00b114bea5c95e858a21b,79200,79200,0,,,
2023-07-28T16:53:48.000000,91e17c974ed76891c9febf02678a84be,15920,15920,0,,,
2023-09-07T19:54:06.000000,0821f6ceca9111f9533fa4ddcb5a9540,15920,15920,0,,,
2023-09-22T19:37:34.000000,d478543925449453adfb38cfbf0d5c78,15920,14328,1592,,,
2023-01-09T12:53:51.000000,87a0b045a12a0b982b73fbbe6ed5e8a9,83200,83200,0,2023-01-09T12:08:29.000000,kakao,0.03
2023-06-20T22:26:28.000000,a35f2c01d6d3574d92337434ebdd7548,15920,15920,0,2023-06-13T13:48:17.000000,kakao,7.36
2023-01-06T09:24:25.000000,dec98edcf28da425a868034af7572c21,83200,83200,0,,,
2022-11-14T19:26:56.000000,e3bea08ba88fa95d708c4e89d45e0b27,15920,3960,11960,2022-09-19T18:33:29.000000,google,56.04
2023-07-23T14:23:09.000000,486a84342e786265465f06dd6aa7dac1,15920,15920,0,,,
2023-12-26T18:12:33.000000,b64735769c1c9b0fc3e326df5eeabccf,95520,95520,0,,,
2023-01-17T22:52:51.000000,6fc65cbb75389fb48853b07e80eddc0f,87200,87200,0,,,
2023-01-10T08:01:39.000000,14abe957ac48713e1cbeaef0b52dcebe,83200,83200,0,2023-01-10T06:52:57.000000,kakao,0.05
2022-12-18T13:20:17.000000,508023b34654ca6b261bbe4fb56e1e3b,79200,79200,0,,,
2022-11-22T12:31:10.000000,22479407380f8a79e4796538a2f7fc6d,15920,3960,11960,,,
2022-10-26T15:40:02.000000,03c7996610b76c5ccf897331f1700a8c,131600,131600,0,,,
2023-10-11T20:24:10.000000,b3f3aad35df0c240c3354fc5b2b26b6e,15920,15920,0,2023-10-11T20:14:50.000000,kakao,0.01
2023-01-22T10:36:09.000000,e663575006865b0cc012d8bb3f2d2c4b,91200,91200,0,,,
2023-08-01T12:37:30.000000,e79e8dad6c8a4ac465a0af2debf0dfea,15920,15920,0,2023-08-01T11:58:47.000000,naver,0.03
2023-07-11T20:32:26.000000,9c285d092ba37b027863024ec8ef895d,131600,131600,0,,,
2023-04-09T20:40:02.000000,2c8b1d97c4bf19e220803fbf0a912658,15920,15920,0,,,
2023-10-22T16:08:38.000000,17993feee19ec3650754e86956184674,15920,15920,0,,,
2023-09-09T14:07:28.000000,2815585e8a7909f08ebb9a1859507ae0,131600,131600,0,,,
2023-12-14T10:37:04.000000,9fb4ddaeb9f1f8c1a56431e0cffd93f7,95520,95520,0,,,
2022-11-14T11:55:02.000000,2c47885aaf508af388351cccdd4093ce,15920,15920,0,,,
2023-12-19T21:24:41.000000,b7d086f984f50d43b52374f32547b136,95520,95520,0,,,
2023-07-30T19:03:47.000000,b92c6889aa0c7563bef6e864d279ebef,15920,14328,1592,,,
2023-05-29T01:58:33.000000,f2367c844c2cb3687faed192e1149e73,15920,15920,0,,,
2023-05-16T08:54:50.000000,79441bd979fa38a155531352b361d778,15920,15920,0,,,
2023-12-14T12:40:42.000000,b915f1e085a2bd77c26d23c45fa70a2d,95520,95520,0,,,
2023-04-20T16:03:57.000000,e755ae0de8ac3fc2601f97c79a0d31fd,15920,15920,0,,,
2023-11-26T11:48:23.000000,8c009b3999ce512607c7f49947210935,15920,13532,2388,,,
2023-11-26T20:56:58.000000,994aff590f9de3fd4f39a92a1673985c,131600,131600,0,,,
2023-01-29T14:59:11.000000,38a4b921151d71f9f007be4502d640cb,95200,95200,0,,,
2023-09-30T14:29:33.000000,b0e90a5bf6ff4faf3289fb5d2c685d65,15920,15920,0,,,
2023-07-30T14:41:11.000000,01a72795602a89a7a6ee3cb039b6aa59,15920,15920,0,2023-07-30T00:53:22.000000,kakao,0.57
2023-01-24T23:05:09.000000,0556740df9c66444550599f713b0eab1,91200,91200,0,,,
2022-12-22T23:32:14.000000,5c5e6a8991ce822a4486c0166f10b01b,79200,79200,0,,,
2023-01-01T13:34:33.000000,170d984d54cc49cb157648f2a29ee53f,83200,83200,0,,,
2023-11-26T14:06:06.000000,d35a44d9a8d16e64f8e55cb1575c0c4f,15920,13532,2388,2023-11-25T00:33:57.000000,kakao,1.56
2023-10-31T11:01:30.000000,56efeba9ddd2362802af01d0f6045c0d,15920,13532,2388,2023-10-27T19:17:17.000000,kakao,3.66
2023-01-27T23:48:18.000000,2c58766bf4720b49de5461e5261266e9,95200,95200,0,,,
2023-05-29T15:37:36.000000,c15e6baebb4286ea827ac704bead2823,131600,131600,0,,,
2023-09-10T16:48:13.000000,c50f86bbb2c73bf54804243d696a7209,15920,15920,0,,,
2023-02-12T17:15:08.000000,fd77ec978de02fb050cce8fea1cb5335,15920,15920,0,,,
2022-12-31T22:57:49.000000,2b0b9b886a3435ab3ed4a087cb45346d,79200,79200,0,,,
2022-10-12T01:05:04.000000,2dcd88177cef411920c42e46cd42e214,42960,42960,0,,,
2023-01-13T07:00:58.000000,6a88e1bd9c9db03c4337b569fbf3f328,87200,87200,0,2023-01-13T06:53:14.000000,email,0.01
2023-08-25T12:22:37.000000,2326717dce50a62a476482728c06811e,15920,15920,0,2023-08-19T12:19:47.000000,kakao,6.0
2023-12-26T13:22:28.000000,682cba71293e90bf5f62c7fc3e10727c,95520,95520,0,,,
2023-11-11T19:22:45.000000,c577a1382dc7cc1a04cdedee8d3a7d96,15920,15920,0,,,
2023-12-03T16:30:37.000000,04aa107712930296c74699db4f2634fe,131600,131600,0,,,
2023-09-11T20:37:58.000000,a69c0781cbf86d05e0fccba1e65faeb0,15920,15920,0,2023-09-11T20:35:03.000000,email,0.0
2023-01-09T19:27:19.000000,353a54e7914f0c3577326a24819e9d94,83200,83200,0,,,
2022-12-27T11:09:56.000000,2e9ee1d85031a6ab281cd9ea42421262,79200,79200,0,,,
2023-07-07T20:11:02.000000,49ad018cb8a5bb03907c4b21cec1a803,15920,15920,0,2023-07-07T20:05:03.000000,email,0.0
2023-11-14T19:59:09.000000,351f7fae0254cd52fa0d2e432ffe73b0,15920,15920,0,2023-11-02T16:21:27.000000,naver,12.15
2022-11-24T10:18:38.000000,8680aac3a33379127d881e60b57ae278,15920,3960,11960,,,
2022-11-30T23:40:17.000000,0b07dde058b80b128dba9294af3098e6,15920,3960,11960,,,
2023-01-10T22:37:49.000000,50bcf0e2bb15ba5184743f73e59df622,83200,83200,0,,,
2022-11-30T11:43:28.000000,027b63acbf36849243cf71a796dc32da,15920,3960,11960,,,
2023-07-09T16:59:00.000000,ef8db2d6d01d9f00308aa0cb6ac883d2,15920,15920,0,,,
2023-09-06T13:39:18.000000,b0397e73eb6ff0c9eedfdb7893e365d4,15920,15920,0,2023-09-02T17:17:02.000000,email,3.85
2023-07-24T21:55:36.000000,5e55a4765b97ce9cff22b090e62a4af9,15920,15920,0,,,
2023-01-18T18:40:15.000000,c8f74738cebb8853e7698d4b1082ac45,91200,91200,0,,,
2023-06-24T09:33:48.000000,0b9e2dd8bc38e431e87683a9a7fcdbec,131600,131600,0,,,
2022-12-21T09:48:09.000000,abd129dda313c47e95236ba3f1e4bdfa,79200,79200,0,,,
2023-10-17T10:31:40.000000,fa7526a2becddd64a2247425468607b9,15920,15920,0,,,
2023-11-13T11:15:27.000000,2033e63a6a09c52cd3fa76e1e0f5e3f5,15920,15920,0,,,
2023-04-16T00:35:03.000000,cb24170d426024d817629d55fdf0ea32,131600,131600,0,,,
2023-09-04T13:18:55.000000,d021a53943ae0d26dc6b1ddaac1a5bf8,15920,13532,2388,2023-08-18T11:13:41.000000,kakao,17.09
2023-07-27T22:26:17.000000,ccb82ad0fdf37ff7784be3c0e80e28ec,15920,15920,0,,,
2023-05-28T20:49:58.000000,e03fa3cc24f8131af7006929543c69e7,15920,15920,0,,,
2023-11-03T11:35:05.000000,eefda05417440fb4e0943cf3f7fa634f,15920,15920,0,,,
2023-06-11T19:30:32.000000,2aba01b188d6b216ec6f6eceacdc123b,131600,118440,13160,,,
2023-01-24T20:32:01.000000,62933d4a40a60a686fc008944b7cb2ed,91200,91200,0,,,
2023-12-13T13:30:58.000000,7f51e642d2a5d1b2586cf4343b7a54d2,95520,95520,0,,,
2023-07-13T17:05:32.000000,2a2b01162165c5aaf28d0619fc67866c,15920,15920,0,,,
2022-12-19T10:04:33.000000,9b1816bee4ec7621f03119d16f70dd21,79200,79200,0,,,
2023-04-02T15:50:02.000000,2ded36105bcc205a23e9ad26d8278c00,131600,131600,0,,,
2023-11-28T22:02:36.000000,a2d7be4af2d033e0d10b1f91807c7335,15920,13532,2388,,,
2023-04-06T16:00:03.000000,d7df915ef825ab04f173acf8046bdb40,131600,131600,0,,,
2023-10-20T17:50:10.000000,1d46cd060354749c1df316d1609917de,15920,15920,0,2023-10-20T17:47:38.000000,email,0.0
2022-09-26T19:20:02.000000,7f6ac355cd862e7361735903b53f1c92,15920,15920,0,,,
2023-11-10T20:28:46.000000,c1b5a7f59be17ec85f6bdb11b32c9d5f,15920,13532,2388,,,
2023-07-17T14:22:27.000000,7dc00843f3daebe81d4b167ead1cf234,131600,131600,0,,,
2023-12-26T15:36:21.000000,6c40faa54e21211a59427a63f58a1cfd,95520,95520,0,,,
2023-06-10T00:33:31.000000,418b8cce279e6d7a9df82e2bceb6f234,15920,15920,0,,,
2023-06-24T21:05:20.000000,9f1f720232ffb7cb516d58a5be17e408,15920,15920,0,,,
2023-01-04T22:29:13.000000,8b29f48eb5c2e695877bc9a038bf4994,83200,83200,0,,,
2023-04-22T21:30:02.000000,b2849eab7d5d3b765c1bdd6aa2fd8f97,15920,15920,0,,,
2023-12-14T18:27:33.000000,1f5c1668a0d621c1420122bb6d7a8730,95520,95520,0,2023-12-14T18:15:21.000000,naver,0.01
2023-06-23T22:27:32.000000,2a913e4cce836b2d25eb74f49eb80d3b,15920,14328,1592,,,
2023-04-30T21:25:04.000000,e6f654e3c8b2870dd6a776181fb275f4,15920,15920,0,,,
2023-02-26T19:40:02.000000,0549e094cdbcfd78e59054d7acec27ba,131600,131600,0,,,
2023-03-02T15:25:02.000000,074ed890097a1afdb3032d3e3c7ac069,15920,15920,0,,,
2023-01-25T03:43:12.000000,5730ed126df5ae85e02c597bed1c718e,95200,95200,0,,,
2022-11-07T01:20:03.000000,3d05f2aeec274612ce4b0be59ad2e738,42960,25776,17184,,,
2023-09-22T23:17:35.000000,f81bf06746f1fea3365dd911d5626be7,15920,15920,0,,,
2023-09-26T10:38:13.000000,1a86820e3b8619ee162b07b8e214b170,131600,131600,0,,,
2023-05-26T18:56:51.000000,cee82e5266df59d94f1338c266ed850d,15920,15920,0,,,
2023-06-27T15:24:26.000000,dde2653286bbad5779785d307ef74f79,131600,131600,0,,,
2023-01-09T13:09:12.000000,51e5dc9688c8548c94743470f21884b3,83200,83200,0,,,
2022-09-19T07:25:02.000000,7db5b636dd40b2ebd80a89aa0f614468,15920,15920,0,,,
2022-11-21T20:46:22.000000,3aa5df687778262867f99c46b36e259f,15920,3960,11960,,,
2022-09-24T22:09:30.000000,2466261a18d5757e8504ff8045d4b0e1,15920,15920,0,,,
2023-02-24T11:10:02.000000,8880f9dffbeb04aff8fb80aab9c6b234,131600,131600,0,,,
2023-11-29T10:13:52.000000,0001f15911b404f3bf5b8571afafa4e4,15920,15920,0,,,
2022-11-30T22:32:21.000000,905fbd17baf0db113f0b55005ea1dde9,15920,3960,11960,,,
2023-01-15T17:42:26.000000,8292c8af9b1c80cd078eb1075c73aebf,87200,87200,0,,,
2023-03-24T22:15:03.000000,286780b812e77d997e9087e112bd9c34,15920,15920,0,,,
2022-12-30T00:31:51.000000,85976d76177d8f4baf7569c6694d5a72,79200,79200,0,2022-12-30T00:29:48.000000,kakao,0.0
2023-05-07T11:50:02.000000,bd13d44e2c591ec4434c53878e66e665,131600,131600,0,,,
2023-06-23T22:46:51.000000,7cd84917ac4c68560bfa90662cc8fb66,15920,15920,0,,,
2022-12-20T17:55:56.000000,4c0e70d4082e63a0a4735c6b6f5435a4,79200,79200,0,,,
2023-01-26T11:40:00.000000,bff5e5da4d26e1c73adbd4c812f2e446,95200,95200,0,,,
2023-09-04T17:32:38.000000,de9535a0ee1c1db3b7e4315337028653,15920,15920,0,,,
2023-01-31T23:21:19.000000,a08481d0bbb4a142ccfcc1f93b10e397,95200,95200,0,,,
2023-12-17T19:00:42.000000,e592c718f875992856015ffd8f3baebd,95520,95520,0,,,
2023-12-31T23:29:56.000000,e62150ff538400def300e905ae73b7fc,95520,95520,0,2023-12-11T22:16:06.000000,email,20.05
2023-05-21T16:24:48.000000,7777e148fac19c1d766153263a99aba1,15920,15920,0,,,
2022-11-26T12:37:39.000000,174ebe7597a0900d68af0261e6562e6e,15920,3960,11960,,,
2023-07-11T00:25:43.000000,66ec1b3b9f3aa0ef65468515e5f650bc,15920,15920,0,,,
2022-11-30T22:34:48.000000,8f571ddc0323396196ee1e1ff87ed671,15920,3960,11960,,,
2022-12-24T20:37:16.000000,e9bab279f6d32ed5c47d6683f31e26ad,79200,79200,0,,,
2023-01-11T13:54:59.000000,8c4b541fc2fd0ed9077efdbebff6754d,87200,87200,0,,,
2023-09-01T14:58:25.000000,7daa327236f9f864864e6f320ecddb35,15920,15920,0,,,
2023-08-02T18:15:02.000000,3767d4c7a827422fccf61d45ae889669,131600,118440,13160,,,
2023-01-17T21:31:22.000000,7103ae1d7741caca1dade5b25494dbbf,87200,87200,0,,,
2023-06-16T20:01:03.000000,4120c0fea171e8d574733216af4ba91a,15920,15920,0,2023-06-16T13:40:31.000000,kakao,0.26
2023-06-16T20:55:16.000000,169b16173fac35935a69712077f5fd88,15920,15920,0,2023-06-15T15:51:13.000000,naver,1.21
2022-12-30T12:56:17.000000,85ac0cd1c2a7fa2939df3061ec822eb1,79200,79200,0,,,
2023-03-27T13:55:03.000000,6caf7b4609d2a82ee4429f21e1a19c45,15920,15920,0,,,
2023-06-24T21:01:35.000000,3c797707575e92e11da3ab4b17bed32f,15920,15920,0,,,
2023-09-07T17:11:46.000000,7cd282e07825a29c85d04277b0e604d6,15920,15920,0,,,
2023-04-20T11:00:02.000000,5943531ca2cbcfbe8286bc5aae56f354,15920,15920,0,,,
2023-04-04T10:28:22.000000,ae891270fa6da16810e5db3fa8ea1294,15920,15920,0,,,
2023-01-28T18:30:44.000000,d15ce006bddf1c0882d132887a1916cf,95200,95200,0,,,
2023-10-21T01:22:50.000000,248f61abf400d188b10770679e157fcd,15920,15920,0,,,
2023-11-14T23:43:29.000000,2408996bdfa8758810e72fb47acf1f76,131600,118440,13160,,,
2023-10-16T12:21:21.000000,bf2b1cc30138fca160bf32b8453432bb,15920,15920,0,2023-10-15T18:33:58.000000,naver,0.74
2023-12-19T00:57:44.000000,a9bacbecfa090c9386e1836af675af47,95520,95520,0,,,
2023-06-22T23:19:07.000000,a3e6ae084b652961f55fd3ae50438240,15920,15920,0,,,
2023-04-11T11:57:56.000000,c6a9fe09b0c4f05585ebb51f5c5d2204,15920,15920,0,,,
2023-03-19T07:05:02.000000,8ee58bcaa05b234cdbf84167c0983385,131600,131600,0,,,
2022-12-15T07:09:12.000000,965e1dc7b84fdd40a7f83816eda70c5a,79200,79200,0,,,
2022-12-30T18:21:28.000000,2a343d934fbd1d5be0e9a715a98e5809,79200,79200,0,2022-12-30T18:19:29.000000,kakao,0.0
2023-04-25T21:30:02.000000,28bc1444b19eb284da2a94b7508f3542,15920,15920,0,,,
2023-01-10T21:11:15.000000,28021525650aaceb974c0217a3df19e9,83200,83200,0,,,
2023-07-15T16:27:11.000000,25a0329cb13d6a49b1198726fda3c742,15920,15920,0,,,
2023-11-09T00:04:28.000000,21c0c8712a46fd6e26a3aa59eec1bf92,15920,15920,0,,,
2023-01-31T16:50:20.000000,b667dee1f995367a6905cfbfaac7335c,95200,95200,0,,,
2023-01-14T21:46:11.000000,c37ba7863f5af0816ee8d1500bdc34a9,87200,87200,0,,,
2023-01-24T22:31:24.000000,9d3762aaac7716a7b5d1cef1b6c40ed1,91200,91200,0,,,
2023-01-31T21:21:39.000000,00cd5f24598f1c7ac0590bbf06370122,95200,95200,0,,,
2022-12-29T08:40:31.000000,1ac010496b8a26f49c2e5c549dd6c3e1,79200,79200,0,,,
2022-12-26T03:20:27.000000,f70cf2877fa7fcdac2f6a42a058d231f,79200,79200,0,,,
2022-11-28T01:23:10.000000,bfc741d9ea0adf7b3a5cc7ecd5305a52,15920,3960,11960,,,
2023-08-30T18:13:52.000000,c9ee9ab1827d2bcf1d5dc215d0c99e9d,15920,15920,0,,,
2023-01-10T18:10:40.000000,15d804291fb8e30c635768a175284211,83200,83200,0,2023-01-10T18:07:24.000000,kakao,0.0
2023-02-23T17:30:02.000000,3a82b3b370721997a69ccfaead24ebae,15920,15920,0,2023-01-31T22:28:42.000000,kakao,22.79
2023-05-20T21:31:59.000000,c7148e5b2e32ecd6e380b8cc2a721d34,15920,15920,0,,,
2023-07-17T16:09:20.000000,0a0b9f1170a926309e8443e6dc0d6b3c,15920,15920,0,,,
2023-01-05T20:02:52.000000,ec4d965c62a0baddf5581d52188639ab,83200,83200,0,,,
2023-05-05T14:29:41.000000,aca0e337045b00336e0b462b09f9a8ed,131600,131600,0,,,
2022-11-18T11:33:49.000000,fe86e44d48a26913b077489763de846c,15920,3960,11960,,,
2022-12-22T22:30:53.000000,b3038e4872238ee8134b747d7ce7e2d9,79200,79200,0,,,
2023-09-06T10:25:25.000000,c80df9a7880b199714f55663abd212f3,15920,15920,0,2023-02-19T09:30:15.000000,kakao,199.04
2023-01-10T10:29:26.000000,28752a08cac20eb39a4f714bb6f77aae,83200,83200,0,,,
2023-04-02T13:34:48.000000,fcc49077458d509f8ead525bc442fd33,15920,15920,0,,,
2022-12-27T21:11:51.000000,4f4fcf8a4a8beba638ca63f53004688c,79200,79200,0,,,
2023-07-31T21:23:56.000000,5e85934b7ac2c8b4efa2200539a4e124,15920,15920,0,2023-07-31T21:21:18.000000,naver,0.0
2023-07-01T12:27:33.000000,53a3868e0f8ca22e7464152a8cc41bad,15920,15920,0,,,
2023-12-05T17:46:09.000000,e4b4736f06a227328f04adba9a12f27c,15920,15920,0,2023-12-05T15:35:29.000000,google,0.09
2022-12-30T21:24:11.000000,90e3f6787036709bc1bc8f4ab576cf04,79200,79200,0,,,
2022-11-29T18:05:43.000000,0a99eb984cab248c976841f9fa02dc17,15920,3960,11960,2022-11-29T18:05:13.000000,kakao,0.0
2022-11-30T13:31:25.000000,9a091473a5e5b371d95557b80f8ee80f,15920,3960,11960,,,
2022-12-04T22:43:23.000000,3a3851586094b5659bacfecb62db7c94,79200,79200,0,,,
2022-09-15T18:00:02.000000,d300dba5d491444de139ac645559ff1a,15920,15920,0,,,
2022-12-26T23:32:36.000000,9564313c513c6382c4422ef5785910bb,79200,79200,0,2022-12-26T11:15:06.000000,google,0.51
2022-12-17T11:56:14.000000,99576fc45e33a8e900a9159808445287,79200,79200,0,,,
2023-04-17T19:55:02.000000,a3de70881853257fdade6f6bf9938fd9,15920,15920,0,,,
2023-08-07T13:54:35.000000,bbb6ef8ef46372dcb05d91730b40f93c,15920,15920,0,2023-08-06T17:54:09.000000,kakao,0.83
2023-09-11T21:23:22.000000,833e7ace0f0143932c8d54799dd0efe9,131600,111860,19740,,,
2023-12-28T15:59:09.000000,969d7974998655887ff45470993245c6,95520,95520,0,,,
2023-07-30T12:02:55.000000,4cf2d0bcb46b00d1ba6525a1ae560226,15920,15920,0,,,
2023-04-19T14:00:03.000000,d4dc00c02406ac796823c52cacc50193,15920,15920,0,,,
2022-11-23T20:13:18.000000,8eab3a0a3c4875f9da175f48fc71b1dd,15920,3960,11960,2022-11-16T02:25:10.000000,kakao,7.74
2023-11-09T11:40:31.000000,04076754997947f92c63c8a1c1a83aee,15920,15920,0,,,
2023-07-22T00:07:35.000000,c260df997cc5bc165f565b341b0201c4,15920,15920,0,,,
2023-01-31T14:30:13.000000,5d95d5df0503e1e8b75d67e389edb239,95200,95200,0,,,
2022-12-13T20:16:06.000000,dea70bb8a14efbc65d4550451996f82f,79200,79200,0,,,
2023-01-10T10:39:30.000000,0fd0dbb6de50fab61748d71e4f005c13,83200,83200,0,,,
2023-01-31T21:18:30.000000,96505fe0e12a66a0d6f2bab71bfee58e,95200,95200,0,,,
2022-12-31T15:58:58.000000,c16bd61201f13d8cc2060043010e3d59,79200,79200,0,,,
2023-07-22T18:08:28.000000,7e655d292bdc56c8533880e3380c475f,15920,15920,0,,,
2023-03-29T20:25:02.000000,62ac03721a9f448bd71b8f7f33e2c42e,15920,15920,0,2023-03-14T19:35:47.000000,kakao,15.03
2023-11-15T21:29:02.000000,3772f95ea95dbc8e6e76c87ffcfb95be,15920,15920,0,,,
2023-03-18T19:40:02.000000,467741f18b3af5f68c4bf1c630f18205,15920,15920,0,,,
2023-05-05T20:04:50.000000,7a42d2308be6e0e547ee6b22c1888ff3,131600,131600,0,2022-11-02T11:52:50.000000,kakao,184.34
2023-04-13T18:30:03.000000,8ce8b575666e047830298bb20bafd5b8,15920,15920,0,2022-12-06T10:36:02.000000,kakao,128.33
2023-11-27T11:43:28.000000,75aaab5de5bf71d395220f53189b6820,131600,131600,0,,,
2022-12-11T14:07:14.000000,97ce99b222cbf45d8e379003dcd44746,79200,79200,0,,,
2023-01-09T20:45:02.000000,8ad6d9af2c61a27a0c321552dcae263a,83200,83200,0,,,
2023-04-13T23:00:01.000000,069c8679e64743a70c0715c313211e84,15920,15920,0,,,
2022-12-18T21:13:53.000000,09255b2d6117dc795a7347f43428968e,79200,79200,0,,,
2023-01-01T01:08:23.000000,c77a6ab555bd5003e4dea25bc7222633,83200,83200,0,,,
2023-01-31T21:57:38.000000,1dc226b2eb6591fa7156acc4e53564b0,95200,95200,0,,,
2023-01-14T15:19:34.000000,78f3a9779381c6138fbb0884d03c4d23,87200,87200,0,,,
2022-11-28T16:30:53.000000,3f2185f98217397175c1dfb54a3d4ac5,15920,3960,11960,,,
2023-03-17T17:13:06.000000,f84615f8ce8a3f523c82a8ae40d70c25,15920,15920,0,,,
2022-11-30T18:52:21.000000,02aae75d38317ab788a9005e38ac77c0,15920,3960,11960,,,
2023-01-31T19:07:49.000000,f24ec362f990ac0df23a1d856907104c,95200,95200,0,,,
2022-12-22T17:33:28.000000,1b5f27a7987076010da9268c47441b6e,79200,79200,0,,,
2023-01-02T14:11:23.000000,86a1fae865bcad0412a6b36c9bbfb7b3,83200,83200,0,,,
2023-06-26T23:36:14.000000,1b88f006a87f31145613fd82234c14e2,15920,14328,1592,,,
2023-12-16T15:24:50.000000,c1d2cd80e7eb24490c04defd0afcc494,95520,95520,0,,,
2023-07-28T17:08:33.000000,98f8b9e66ddfc7067e131f4c046f5911,15920,15920,0,,,
2023-12-27T08:26:11.000000,d7b15e7f9b17c0b287aa184a04a26117,95520,95520,0,,,
2022-11-23T18:25:02.000000,ab24c9946d56ebccb559cf71c7ce2311,42960,42960,0,,,
2023-07-31T21:42:32.000000,5f362d3b1229d9e0019cc07f212e813f,131600,131600,0,,,
2022-11-21T20:46:09.000000,5c5f345102ac0c1dffe2e0e9386dc512,15920,3960,11960,,,
2023-06-26T23:48:05.000000,a5126b13e18dd9525eaa36b79d44c081,15920,15920,0,,,
2023-01-24T23:58:37.000000,3ca92b8849218efe61423ac909277678,91200,91200,0,,,
2022-12-25T15:41:07.000000,4ba7e9290eb84f4888001480896a27f4,79200,79200,0,,,
2023-07-30T17:19:20.000000,2bfa00f0c4f6777623266cc279d3a6ed,15920,15920,0,,,
2023-01-11T21:49:37.000000,8b388b723928b8f04ec5c36e16abd41c,87200,87200,0,,,
2023-10-29T13:59:55.000000,a91b66d335ff79f657bca16b118b02fe,15920,15920,0,,,
2023-01-31T22:02:36.000000,5cd3e35f4f6c10f14df3d800091aa048,95200,95200,0,,,
2022-10-16T15:50:01.000000,a69083b6bea443503f31ddfdaff41a53,131600,131600,0,,,
2023-01-08T12:25:52.000000,879eb4fd9e9d6a6cbb5333e124b7a8a5,83200,83200,0,,,
2023-06-15T16:56:31.000000,6a036ba7e70617af05909c190ace9914,131600,131600,0,,,
2022-09-12T18:40:02.000000,1b74bfad4dbf1928b829e3e388182174,42960,42960,0,,,
2022-11-27T21:05:33.000000,057ad31016667ab11d032933569894a1,15920,3960,11960,,,
2023-11-08T16:10:07.000000,56ab6340314ce0a7e75989da991cf3d0,15920,15920,0,,,
2023-09-16T14:44:22.000000,9ef45864dcfd4f35c011765757b1b6db,15920,15920,0,,,
2023-09-27T10:05:43.000000,f6b637866a5cf5e106168f345f959c69,15920,13532,2388,,,
2022-12-19T14:59:04.000000,00f15daf34e6e5834ff7f13397ffbb0a,79200,79200,0,,,
2023-06-12T15:18:48.000000,cf5067bb2aae372e079a52da56c0beea,15920,15920,0,,,
2022-12-06T22:09:28.000000,50d2fb8256568a370b0e41c7a56af503,79200,79200,0,,,
2023-06-22T00:13:50.000000,b46bcfeb9a1423624c7a6a51113b4f66,15920,15920,0,2023-01-20T20:01:11.000000,kakao,152.18
2022-10-09T20:25:03.000000,d7db04947a6b56b232d7d59e2a655586,15920,15920,0,,,
2022-12-30T11:10:02.000000,deb1995abab99fe5837fdd9d809be1cd,15920,15920,0,,,
2023-05-06T14:32:42.000000,a1d8680ae73b6b679c146cc51759047e,131600,131600,0,2022-12-13T23:33:49.000000,google,143.62
2022-12-16T03:07:51.000000,4d655b7648165ec01f9a2ba9739c4ce8,79200,79200,0,,,
2023-04-22T23:05:01.000000,e76f79c168cd1185adbda6694efde31b,15920,15920,0,2023-04-15T23:00:01.000000,google,7.0
2022-12-20T15:06:02.000000,cc3bd22972e1126dc77684491cc7420e,79200,79200,0,,,
2023-07-05T16:47:49.000000,607e4fbb4e36d288ac821f7b0caa204e,15920,15920,0,,,
2023-05-30T22:29:43.000000,5181d6131c5d3939486826f22261a514,131600,131600,0,,,
2022-12-20T22:26:26.000000,49f846fc8f1ff09fd1fe0cd6d08ac420,79200,79200,0,,,
2023-08-06T22:58:47.000000,3412635ccf56d4e17cb08bc98bbf5fa7,15920,15920,0,,,
2023-07-26T00:24:21.000000,f57aadf8463205a2bb63dc558a0f4d33,15920,15920,0,2023-07-12T18:03:09.000000,kakao,13.26
2022-11-30T13:58:06.000000,bebb7e811b13068a7b77362a8a9028f7,15920,3960,11960,,,
2023-02-01T08:56:31.000000,47c0c5284ff7f86a5ac16a3e6e07593b,131600,127652,3948,,,
2023-01-12T01:53:29.000000,4aefcdc87cf336044ba408eeb345f137,87200,87200,0,2023-01-12T01:36:23.000000,kakao,0.01
2022-12-30T22:48:27.000000,40b63bbdf2e65b026a2ba424de5e947e,79200,79200,0,2022-12-30T22:39:42.000000,google,0.01
2023-12-27T18:45:48.000000,915cda87aabe1e81ef18000178ddc174,95520,95520,0,,,
2023-12-13T17:07:03.000000,3ee28228eab2c3ce6f244a8a047a2225,95520,95520,0,2023-12-13T16:03:13.000000,kakao,0.04
2022-11-23T16:40:56.000000,7f58dcb34c74cf1efccf70b286d56a06,15920,3960,11960,,,
2022-12-12T13:09:55.000000,d7f602239b82aa0767f4b913674b507d,79200,79200,0,,,
2023-08-23T13:48:22.000000,f2a0697c46ab96d4b002d457c4af9686,131600,131600,0,2023-08-08T15:17:29.000000,email,14.94
2023-09-05T23:23:59.000000,4947b5a827347d8e92d1f4f51205ab29,15920,15920,0,2023-09-05T23:20:19.000000,email,0.0
2022-12-27T19:15:13.000000,7b7edc2cc6fca51e046665c287cc88fa,79200,79200,0,,,
2023-04-08T00:00:07.000000,56354809ba9270232b0dfe5936c20747,131600,131600,0,,,
2022-11-17T10:52:38.000000,bd9766aa488841a0c80ba161cd979679,15920,3960,11960,2022-11-16T15:41:50.000000,naver,0.8
2023-07-23T11:32:13.000000,300baf7c8dc9b9f08722cb49bed68037,15920,15920,0,2023-07-23T02:30:13.000000,kakao,0.38
2023-05-27T16:56:32.000000,6594f31a6b198bbd13e28a884d4b7794,15920,15920,0,,,
2023-06-29T17:17:20.000000,50bf6b821515742b7e44af00f51d1287,131600,131600,0,,,
2023-06-30T11:59:11.000000,8382ed8b2e96bd9d7036eaf3cab0097e,15920,15920,0,,,
2023-01-19T12:44:06.000000,837ed4dde939b4a7cf4081958a9bcb6b,91200,91200,0,,,
2023-03-25T21:54:19.000000,8554adf2323d9ed3bcb6dc6d1fe5cfd9,131600,131600,0,,,
2022-12-31T22:34:35.000000,4f1124384ab41123576a6102508390c5,79200,79200,0,,,
2023-09-28T22:23:10.000000,aaf76245862b5bab4f85bd13386bc3ab,131600,131600,0,,,
2023-01-17T16:01:39.000000,57cd62917662abfe6ab588da4b28d844,87200,87200,0,,,
2022-10-26T16:26:35.000000,47cbcf867acb1e11a61250ed08fb42f5,15920,15920,0,,,
2023-01-03T20:24:16.000000,7988a3884c2d3a10cfd963c861fc0857,83200,83200,0,,,
2022-09-14T20:00:02.000000,a90ae59b84a18e2c2f3564239a3b17e7,15920,15920,0,,,
2023-06-26T00:20:28.000000,f6139674c32022cc31873620194a1253,15920,15920,0,,,
2023-04-03T02:33:29.000000,05481b4840f1514f276aafbf396e22e7,15920,15920,0,2023-02-23T02:04:25.000000,kakao,39.02
2023-07-11T19:02:15.000000,75983d05dba4d5f05ed7f50d6969ce27,15920,14328,1592,,,
2023-11-10T16:20:14.000000,157b67cfd503cab527101473e4ea832b,15920,15920,0,,,
2022-11-30T19:37:14.000000,2a4a4609ec1ab2c66ef13919a099425c,15920,3960,11960,,,
2023-12-26T18:22:45.000000,746306827153859b74634a40e232a8e0,95520,95520,0,,,
2023-07-13T17:26:57.000000,d19cbefd417a0f92081a34b5e1f85a31,15920,15920,0,2023-07-12T09:19:43.000000,kakao,1.34
2022-12-31T15:19:01.000000,0db898fcf4d650eb8b9d40fe4e465bc4,79200,79200,0,2022-11-05T21:16:26.000000,email,55.75
2023-04-15T15:05:02.000000,1a80226f0fb5e43c072be4f53df7fa37,131600,131600,0,,,
2023-11-25T12:21:19.000000,28bc482463082a768d361af642622d66,15920,15920,0,,,
2023-09-15T10:46:50.000000,fa10d6e94acaecdbbbdbc141477f8d02,15920,15920,0,2023-09-15T10:45:41.000000,email,0.0
2023-01-20T09:51:13.000000,23d0bf874483c36c573605cf13d0fefd,91200,91200,0,,,
2022-12-15T22:30:44.000000,a2f2152d8942fe5f536b0fc7f7e04d40,79200,79200,0,,,
2023-07-03T08:16:27.000000,8e308d0cc459fd515afef65ec1cc0213,15920,15920,0,,,
2023-04-03T13:15:02.000000,2f490c62a17ba3b79d4fb0b9cb1780d3,15920,15920,0,,,
2023-11-01T15:05:27.000000,27f11a950b427298a7d093a25c54b044,131600,111860,19740,2023-11-01T14:56:04.000000,google,0.01
2023-09-11T17:29:26.000000,8a5817bf1540a55325e96ca482b18908,15920,15920,0,2023-09-09T10:08:27.000000,kakao,2.31
2023-05-06T23:40:02.000000,6d3fc97b10e336f6eaf0f35f4f34ee8d,15920,15920,0,,,
2023-11-08T21:48:24.000000,2a5784ad88b5e6ca7d692da3c39f597d,15920,15920,0,,,
2023-01-29T11:56:31.000000,e6be6415a9e439437f973a35659c447d,95200,95200,0,,,
2023-07-12T19:32:20.000000,9b1475ef80dda8c7b52efd06b04a77cb,15920,14328,1592,,,
2022-12-08T16:55:17.000000,9bc7a75c517776ef0e2d5ded060ec4f8,79200,79200,0,,,
2023-08-29T17:05:19.000000,8dd4cb44b4a82aa44bec1864160975f6,15920,15920,0,,,
2023-06-14T10:01:56.000000,173400c184ba0800ec4b3f997764e825,15920,15920,0,,,
2023-07-22T16:13:35.000000,39097c2bdc73d88e0b19194ca5305c0a,15920,15920,0,,,
2023-07-31T23:14:51.000000,27dc2de6633ec35a58443fafe34169be,15920,15920,0,2023-07-24T17:21:02.000000,kakao,7.25
2023-09-10T19:04:03.000000,65cf78b28c0abb0103e713197a36e791,131600,118440,13160,,,
2023-12-21T14:52:03.000000,76552cd1c7eda558d1d99598bc5e37e5,95520,95520,0,2023-11-14T14:55:46.000000,kakao,37.0
2023-01-01T21:29:55.000000,d8bac9d51fa14072f0876d804bd8b3da,83200,83200,0,,,
2023-01-16T02:01:10.000000,06000ced8391b0a74fad754bc96c8d33,87200,87200,0,,,
2023-01-10T15:28:28.000000,8371731028605c24ad0318db976ec40f,83200,83200,0,2023-01-10T15:13:56.000000,email,0.01
2023-06-19T18:56:49.000000,fc4c3ff840da112723192c51274190f4,15920,15920,0,,,
2023-08-23T22:11:24.000000,bc2281901a3e4e765672403e3e59be50,15920,15920,0,,,
2023-01-17T12:40:03.000000,577b33c538b0d3ad0493f1ebb9bda7dd,87200,87200,0,,,
2023-01-10T22:45:47.000000,917ffa7bdc06b5bdb57630da3033768b,83200,83200,0,2023-01-03T22:31:26.000000,kakao,7.01
2023-06-20T07:42:50.000000,d3e05711939fb2e8e41bfc34178fb01b,15920,15920,0,,,
2022-11-17T17:52:41.000000,2c07f69a8671b60d3bbee08e1a85c757,15920,3960,11960,2022-11-17T17:46:02.000000,google,0.0
2023-08-29T11:03:40.000000,336f520c0452fe606fabc1cda01c83aa,131600,131600,0,,,
2022-11-07T12:25:02.000000,c63b735c3ae017ce3b2fe3a7dcddfa3d,15920,15920,0,,,
2023-01-17T00:54:42.000000,cf6190d2093e84a61c3f09b01071f430,87200,87200,0,,,
2023-11-19T10:46:36.000000,47c3ef11bf065d06a4016a6937398c8d,131600,131600,0,,,
2023-11-05T21:35:59.000000,2e5fe71c91969f3d1ab7aee53c0fb009,15920,15920,0,,,
2023-09-01T19:27:31.000000,dba7cb52370703b9ef38bf21380a94e6,15920,14328,1592,,,
2023-04-03T16:20:02.000000,7364a081c069eafd6b15699aaf8dfb4f,15920,15920,0,2023-03-27T16:14:37.000000,kakao,7.0
2023-09-01T20:32:23.000000,81d07a8e7ad420165969100fb19571a2,131600,131600,0,,,
2023-10-06T12:49:57.000000,c8d26a6c521428dd675fd968dedfedc1,15920,13532,2388,,,
2023-04-12T03:10:02.000000,5c576158f152cc43dce52e949a5962b2,131600,131600,0,,,
2023-02-15T22:25:02.000000,f50202ef6fa9e445d26f66eddd6f2e70,131600,131600,0,2023-02-02T16:35:53.000000,kakao,13.24
2023-07-18T21:00:38.000000,abb01cafcd1e16b0e1743e5a865dcdc6,15920,15920,0,2023-07-08T06:43:02.000000,google,10.6
2022-11-20T17:30:00.000000,f0a0fa3316233a6c33109a51ce8562b6,15920,3960,11960,2022-11-20T17:29:34.000000,google,0.0
2023-01-31T21:34:43.000000,7a99bac592b6370fe5b191ce0d810dd0,95200,95200,0,2023-01-26T08:10:19.000000,kakao,5.56
2022-10-24T21:20:54.000000,13d606412aeae6c764e048abfa386ca9,15920,15920,0,,,
2022-09-04T23:18:53.000000,2a653dd9a0d1b13df8917286f6cd0336,15920,15920,0,,,
2022-11-30T12:03:47.000000,e5fa8e2cb389ef979154d198d2115cfb,15920,3960,11960,,,
2023-12-23T19:02:04.000000,73695fcf711b292002326835fcb611d2,95520,93520,2000,,,
2023-10-26T22:09:30.000000,868af629de980c800ddd176c22cc9e2f,131600,111860,19740,,,
2023-01-22T21:36:30.000000,34568c40c8e6ccc9888cf556ff5177af,91200,91200,0,2023-01-20T22:30:48.000000,naver,1.96
2023-03-18T12:12:41.000000,f7eb68b8020b75a537d46f73554da2e6,42960,42960,0,,,
2023-03-22T10:20:02.000000,d2deecdd54f9f8f8e534ac8b23974093,131600,131600,0,2023-03-03T14:33:30.000000,kakao,18.82
2023-02-27T17:50:01.000000,3a104ca9b92e372dc3b754df55f4609d,15920,15920,0,,,
2022-11-30T19:59:08.000000,22b55d6e93ee1c288e96ae91df1f8f3d,15920,3960,11960,,,
2023-07-12T22:44:14.000000,89934ea2915d73684aede3536d69caa2,131600,118440,13160,,,
2023-10-25T00:52:13.000000,6e7a9d73236c88d41a8d2fd37b687b79,15920,15920,0,2022-12-07T22:22:12.000000,naver,321.1
2023-07-10T14:02:30.000000,1e8b343a4ce0f3ba0bc9c22a4f87ef1a,15920,15920,0,,,
2023-01-04T14:42:17.000000,5411e9be6acbdf6c6f95700d2250eff0,83200,83200,0,,,
2023-02-18T00:20:23.000000,5a03862592d91c897422a66ad2248cac,15920,15920,0,,,
2023-06-14T17:07:18.000000,f1cbd9006fdc0ba1f39f342969891b6a,15920,15920,0,,,
2023-09-16T11:45:11.000000,eb5e0929f32134a6f1ac2557b1f41803,15920,15920,0,,,
2023-12-27T12:36:06.000000,37a65496534420ee3c141c2024fae73e,95520,95520,0,2023-12-27T12:17:01.000000,kakao,0.01
2023-04-04T19:50:03.000000,9c6e01899c4f27311d2a69b136f58306,15920,15920,0,2023-03-22T19:29:12.000000,naver,13.01
2022-12-10T16:03:47.000000,7c33f31133a222a43d43f1156731d42d,79200,79200,0,,,
2023-09-29T15:07:04.000000,97f7319a568696817675da42516b9cfe,15920,15920,0,,,
2023-07-25T19:18:02.000000,fe545b6c8fe51a680aac934edf8a24ee,15920,15920,0,,,
2023-01-02T17:30:23.000000,7d368014f846bce5829d6c2f20d1549a,15920,15920,0,2022-11-11T20:15:09.000000,email,51.89
2023-02-13T19:50:02.000000,3e81f1a3dbab7a66b91c925dbd52fd76,131600,131600,0,,,
2023-07-10T19:26:05.000000,d2c370e90d74e755ee278ba22a935e92,15920,15920,0,,,
2023-07-25T22:21:00.000000,b4e0f3b4ac703defc8033fb12ef1dd85,15920,15920,0,,,
2023-12-31T23:11:39.000000,2758db70a637efe7a0ba77e255648e37,95520,95520,0,,,
2022-11-25T18:24:18.000000,93b01a09395193f841cfc766d56b4b8e,15920,3960,11960,,,
2023-10-11T21:33:34.000000,53a574ffb460453d40bcb0b7bbdde535,131600,111860,19740,,,
2023-03-29T00:00:05.000000,5b826fba37e7ea0be91ea9121903450f,15920,15920,0,,,
2022-11-30T23:19:53.000000,7c97185d046b153d0e0b183a55bdb33e,15920,3960,11960,2022-11-30T23:08:16.000000,naver,0.01
2022-12-01T23:02:43.000000,960a681cce5970c3a84756a07a6549e4,79200,79200,0,2022-12-01T22:58:08.000000,kakao,0.0
2022-11-29T22:01:14.000000,37edd0b8bd2aa00ffce3d52ea4a383f0,15920,3960,11960,,,
2023-10-08T06:12:41.000000,cf51ae5cfb65ce6cc60860cef0578a8c,15920,15920,0,,,
2023-01-31T20:14:27.000000,dd6455d253bdba58574b25ddce2291e7,95200,95200,0,,,
2023-07-05T12:55:30.000000,4bf4f0dbbf47530f2547c8428639305c,15920,15920,0,,,
2023-10-30T15:59:21.000000,e05c80358d51cc38fd11fc3e8824a84e,15920,15920,0,,,
2023-07-25T16:03:35.000000,97be948958ed0105ad1c5cd1d0d59bd6,15920,15920,0,,,
2023-02-25T21:45:01.000000,d94fc62789063769a0dc54a33c2b6185,15920,15920,0,,,
2023-03-19T14:47:52.000000,ae4234692b3dda209ba2e27c28da671d,15920,15442,478,,,
2023-01-04T16:51:16.000000,11410bb79276f56dfe7623c8158bcf74,83200,83200,0,,,
2023-08-01T23:10:18.000000,084e507520cf70ae3fc33b2036aa4db8,15920,14328,1592,,,
2023-01-30T15:43:17.000000,220f874cc5cd328201418b8cbfd087da,95200,95200,0,,,
2023-04-16T22:05:02.000000,d660ce24a2bbfb843397476b02a5674b,15920,15920,0,,,
2023-06-19T20:58:44.000000,2f108c01f58dba8a816f7c67989f2855,15920,15920,0,,,
2023-01-31T12:30:47.000000,76b3f081a7109eb4fcc506c58eb3f934,95200,95200,0,,,
2022-12-07T14:38:58.000000,a903d4701d735e587cbed62f56fed9e7,79200,79200,0,,,
2023-10-25T22:35:33.000000,38f994349c95ecd4ba587c797b6f9da7,15920,15920,0,2023-10-23T21:23:56.000000,naver,2.05
2023-11-07T16:47:15.000000,fc360e8bbe260b62247921cbd060b3b5,15920,15920,0,,,
2022-12-17T18:23:45.000000,605d030031abcc173840c01086bdd196,79200,79200,0,,,
2022-12-25T17:31:45.000000,3f00bf4ce4fa11bd4860d26776f7f851,79200,79200,0,,,
2023-12-10T23:07:02.000000,aaedcbe9bd4c05aa3cce1bca5df989fd,15920,15920,0,,,
2023-12-07T23:40:03.000000,bd1549a04f76e1c822413245c8317415,15920,14328,1592,,,
2023-04-01T09:45:02.000000,543b20dbaad581ae678211fcfa44bd14,131600,131600,0,,,
2023-01-12T20:42:21.000000,397faabd2b7863afd707eabe096f5b12,87200,87200,0,,,
2023-05-31T15:33:43.000000,f570056493f381e8a696107899175c9f,15920,15920,0,,,
2022-11-16T23:28:42.000000,209fe2a6089ae0cdce00386bba68243e,15920,3960,11960,,,
2023-03-19T21:18:44.000000,2e8d53ab06b22002c35e5be7ef1babf4,15920,15920,0,,,
2023-10-02T00:09:51.000000,9963e4033f7a93aab7db0a4eea52a94a,15920,15920,0,,,
2023-07-07T23:40:32.000000,91411a2ddfa26ebc123c3c904f12262e,15920,15920,0,,,
2023-07-11T16:42:58.000000,43479bd0c5f9860965047b19ab639d65,15920,15920,0,2023-07-11T15:45:18.000000,google,0.04
2023-12-05T12:35:18.000000,3d2f9c45d9772db31a883dc31f8def77,131600,131600,0,,,
2023-01-11T10:22:01.000000,7f752564c3c71eace09ec5b77748307d,87200,87200,0,,,
2023-11-04T10:02:20.000000,2e35667bef4a2b49549ecfd47ae87985,131600,131600,0,,,
2023-10-03T21:32:56.000000,7870af9c79d4180f3ba2dc202bdaf4f4,15920,15920,0,,,
2023-09-17T21:27:39.000000,b281d54e403587c420f6b6c20f0a4ba8,15920,15920,0,,,
2023-11-16T16:49:07.000000,606d3f82453ca2f9398824c339f16314,131600,131600,0,,,
2023-01-11T19:47:03.000000,05b32068ca50c994444596034f0709da,87200,87200,0,,,
2023-01-12T18:34:05.000000,bd47e7c3efc74d0d99f832e0fd9e6c2a,87200,87200,0,,,
2023-10-02T21:43:22.000000,6ce99169e05737e1be94f87e8edd9e52,15920,15920,0,,,
2023-07-25T20:43:31.000000,b48953bea74d8e09f90b56f63ad68fe5,15920,15920,0,,,
2023-04-04T08:20:02.000000,51d60066f316d751ce7f3d9e507a78aa,15920,15920,0,,,
2023-01-28T15:30:25.000000,7649741f0998f4835b75dbe63967840f,95200,95200,0,2023-01-28T14:41:33.000000,google,0.03
2023-03-24T15:10:04.000000,04b4b461a2b6379e3cd203291d039c9a,131600,131600,0,2023-03-16T14:04:30.000000,kakao,8.05
2022-12-31T23:17:09.000000,cd9f7591931a4d235b9510e8dc7f5a13,79200,79200,0,,,
2023-10-20T03:53:33.000000,7df004f69c6295669a52adc4aeffd758,131600,131600,0,,,
2023-08-07T07:43:21.000000,afbb6d914378c3b7f012c1dc0c35ab59,131600,131600,0,,,
2023-01-12T14:00:02.000000,eb997583ba59e657368cc66c4c1f18eb,87200,83200,4000,,,
2023-03-29T18:15:02.000000,8b2b41364af9677ea92f42d509096b4f,131600,131600,0,,,
2022-12-01T21:36:51.000000,89d1a939c84d09eb053c7fc2fa8b4707,79200,79200,0,2022-10-28T10:20:40.000000,kakao,34.47
2022-11-29T22:07:57.000000,61d4b771ad9a39baf83b4e5243783a40,15920,3960,11960,,,
2023-08-19T21:22:19.000000,aed81bef86cd12a9b20242bb61c36ff3,15920,15920,0,2023-08-15T22:32:49.000000,kakao,3.95
2022-12-31T09:15:02.000000,2b42effb9fc2758d2448295626696e5b,79200,79200,0,,,
2023-11-08T12:43:04.000000,9a430d849d03f4492b18a32033b36672,15920,15920,0,,,
2023-01-02T12:22:49.000000,f2c0d7f4e4f7c02f70a7e351da1c7322,83200,83200,0,,,
2023-10-28T10:44:57.000000,fe1f175a97c8ccc547e6282bd81bb3ae,15920,15920,0,,,
2023-08-01T08:47:22.000000,ccf23c8fcf4b31e913da33c3d295eac3,15920,15920,0,,,
2023-09-22T23:13:24.000000,6165ad1741f817cc7d295ba0aa31fbb7,15920,15920,0,,,
2022-12-31T01:19:00.000000,edf348778cd730f64bc8d9bf68f88ee5,79200,79200,0,,,
2022-11-30T18:35:54.000000,166ef0a17da25cd0b9cd44fd3ee4de4c,15920,3960,11960,,,
2023-07-14T17:28:28.000000,9b7360e7028af2f5a7031a3409387b37,15920,15920,0,,,
2023-07-23T18:49:17.000000,11077648345dcd2cf1568afa631ed1c4,131600,131600,0,,,
2023-01-10T13:10:51.000000,4c48c409ceea493befefe7a548d37240,83200,83200,0,,,
2022-12-28T20:40:49.000000,9f5cf6ed21da9363777ea8332ccbe84c,79200,79200,0,,,
2023-09-15T16:25:55.000000,8cb6ee7c0a605b232c5decdd261a352c,15920,15920,0,2023-01-04T08:37:53.000000,kakao,254.33
2023-11-05T16:30:49.000000,8de6ee9e30066c8a548beaf8c99a5f0b,15920,13532,2388,2023-07-19T21:39:18.000000,kakao,108.79
2023-08-14T10:54:43.000000,f57fa0f17d02411b88a711fcc71a5b91,15920,15920,0,,,
2023-05-29T12:05:18.000000,c7bc99300b773338605483348ec815bb,15920,15920,0,,,
2023-09-15T08:49:28.000000,c85436352ab49a61c36fd5e9399e179e,15920,15920,0,,,
2023-01-11T11:00:02.000000,7e96239f0375fcd1d94a5f5a37c4eaee,87200,87200,0,,,
2023-01-24T22:44:58.000000,16eb12b954cb35dd5b18ac45b2ee5b75,91200,91200,0,,,
2023-11-17T19:33:21.000000,3cfd2c4b023566c3314b44f9f48a3372,15920,13532,2388,2023-06-18T01:04:16.000000,kakao,152.77
2023-01-15T15:26:14.000000,6838c3de8f03d1979e65c5fb95fdb511,87200,87200,0,,,
2023-05-30T00:35:59.000000,3e73d3b6d834449a1d7d28ef9672d486,15920,15920,0,,,
2023-05-13T13:43:35.000000,b67a3fad4e4ae130384db59a1553f3e2,15920,15920,0,,,
2023-08-04T17:52:41.000000,42679e212338ab78986c1b5ce886850d,15920,15920,0,,,
2023-03-23T13:45:02.000000,7e34c47e3181fb4da54b34c111fc81c3,131600,131600,0,,,
2023-11-26T17:16:11.000000,59a50d46ec1525c42e93aa9741330af1,15920,13532,2388,,,
2023-09-14T15:23:32.000000,bde42097f55ad16c511fd3bc4c05e038,15920,13532,2388,,,
2023-12-11T15:33:20.000000,f323aab3096629662a8618e777c5bb48,95520,95520,0,,,
2023-08-29T15:25:55.000000,f1cba0399d568b5510edf534d0b0f97c,15920,15920,0,,,
2023-06-15T20:09:19.000000,42cd0e901d53306bdd44ebc13332f5aa,131600,131600,0,2023-02-24T13:25:12.000000,kakao,111.28
2023-07-12T13:45:19.000000,e961374dc7b9a590339402cc047fa434,131600,131600,0,,,
2022-12-01T09:49:07.000000,82d9a16aff92f31f20d6017f283f36ff,79200,79200,0,,,
2023-02-10T18:15:03.000000,d85dfe2e4b8d9787653a39604fb17a1e,131600,131600,0,,,
2023-02-14T10:38:54.000000,36f77a210ddcc33b2e28188d24a6c319,131600,131600,0,,,
2023-01-28T11:56:16.000000,aafac52a4df7dc9190da0bf6c639798d,95200,95200,0,2023-01-15T19:25:31.000000,naver,12.69
2023-01-15T23:19:59.000000,88ec5f2466c55e5e85b42ac5edffc10d,87200,87200,0,,,
2022-12-04T21:01:15.000000,a4bff54f8f26165715078dd240862785,79200,79200,0,,,
2023-08-28T21:40:13.000000,41e2a6d4335f72a4dfb1c96689c7bc9d,15920,15920,0,,,
2023-12-31T21:30:04.000000,a769c6af99882a7c65e6bd49e447657f,95520,95520,0,2023-12-24T14:06:51.000000,kakao,7.31
2023-10-24T21:24:41.000000,fe9d2d85ff4f4c68def5b034ff0262f7,15920,15920,0,,,
2023-07-31T18:20:50.000000,a4819bc6e14375ae11dd280d77febcaa,15920,15920,0,2023-02-16T17:43:12.000000,kakao,165.03
2022-12-22T00:48:10.000000,c5c70ae9bbfb8f3bb649397f77f1ea2c,79200,79200,0,,,
2023-01-07T19:33:42.000000,62b892b40797e9471e65622875b4dd61,83200,83200,0,2022-12-27T20:27:37.000000,kakao,10.96
2023-06-28T22:20:31.000000,84990b2df560e0a527316d6d74fc4b75,15920,15920,0,,,
2022-12-29T15:03:21.000000,32ee97be104c6c25f7f24b3380d84718,79200,79200,0,,,
2022-11-30T15:17:27.000000,a1e14dd206f09c426cf394ac3178a5dd,15920,3960,11960,,,
2023-12-27T12:17:07.000000,e93f88f3c623128b13551ac3076fdc16,95520,95520,0,,,
2023-07-01T15:43:02.000000,b51f89e26ca81e7997ca02ba75b042ce,15920,15920,0,,,
2023-01-16T21:30:00.000000,694f9ba5947940c13fd302ae92f6c45d,87200,87200,0,2023-01-16T21:26:50.000000,kakao,0.0
2022-11-30T20:37:56.000000,a5a4cb28a1d90fcd50a2eb8ae9dbd237,15920,3960,11960,,,
2023-03-21T16:40:04.000000,9fdfb0873b2371b5807e06af7f9840eb,131600,131600,0,,,
2022-11-29T16:34:22.000000,9f0636527b7a3787fc39f54445f207d0,15920,3960,11960,2022-10-01T07:35:56.000000,kakao,59.37
2023-01-17T19:06:58.000000,66634ec8eb07a69a00a627949c189b75,87200,87200,0,2023-01-17T19:05:20.000000,kakao,0.0
2023-08-29T19:45:54.000000,2b0cdcc022470191a2427f7899872e0c,15920,15920,0,,,
2023-12-30T23:40:23.000000,7fe2be89fb4c82046890b3041c9a8a83,95520,95520,0,,,
2023-02-28T20:25:02.000000,4ef759e5be6ec18d041d5320da0b2a97,131600,131600,0,,,
2023-04-05T15:47:19.000000,c764b6e966e0e7cc5bd4ce67e48b5334,15920,15920,0,,,
2023-04-26T16:50:02.000000,34769fd5231dfc2430e41e0723cd69da,15920,15920,0,,,
2022-11-20T11:34:50.000000,2633fec2523ce9737b9b628b10d845ba,15920,3960,11960,2022-11-20T11:33:52.000000,google,0.0
2022-11-18T06:34:42.000000,6a37b903b5b4a6d70a1a0b453ad835ab,15920,3960,11960,,,
2022-09-27T14:15:02.000000,7d96a1af1269f59f5864ae130c582cd2,15920,15920,0,2022-09-20T14:08:48.000000,kakao,7.0
2023-07-09T20:09:53.000000,6e2213f9e0bbe1a84a6de5ead5b60697,15920,15920,0,,,
2023-11-09T00:14:26.000000,26f3de14a1ab0d54368f7f83f2dd84e9,15920,13532,2388,,,
2023-10-11T09:46:52.000000,85edd5bf7969b859e7d4463a490e84d6,15920,15920,0,,,
2023-09-13T17:39:08.000000,84bbd39360814ab10e4d2d951dd7dc23,15920,15920,0,,,
2023-09-03T15:56:11.000000,dee555668d8a9ec76b9d7c7217627225,131600,111860,19740,,,
2022-11-07T07:05:01.000000,543c5e2a996e218e03f44b8e83ee39af,42960,42960,0,2022-10-30T14:13:41.000000,naver,7.7
2023-01-05T16:56:36.000000,541b6f9d6ec21cd9c8ac820932e223a3,83200,83200,0,2023-01-05T16:54:44.000000,email,0.0
2023-07-20T13:25:48.000000,0d2b48eb5efaf12be9d694988acd6136,15920,15920,0,2023-07-14T17:34:44.000000,kakao,5.83
2023-01-24T15:07:34.000000,6ef42cdee72ed38593727c6090bab313,91200,91200,0,,,
2023-01-10T15:17:52.000000,1c0f1eacba78104b0188b42d6bde7c99,83200,83200,0,,,
2023-11-25T11:35:50.000000,c21329b1802ccee76fd25b39fc265951,15920,15920,0,,,
2023-11-15T23:28:11.000000,e063e15056eaec1546f0f63626e55d45,15920,15920,0,,,
2023-12-31T23:38:32.000000,8a01c8092d46749618e3d3a610a8825b,95520,95520,0,,,
2023-11-29T09:59:51.000000,14aa9b09485449ca960b6fff9346e58e,131600,131600,0,,,
2022-12-15T10:05:17.000000,0e3a1d0f83dd317c984a908c1f2f5165,79200,79200,0,,,
2023-09-10T17:03:55.000000,38a23157cb4e7d584e720e3e0e073b74,15920,15920,0,2023-09-10T16:27:58.000000,kakao,0.02
2022-12-01T21:37:04.000000,4a3f5431fd46672d5b535796e01cc289,79200,79200,0,,,
2022-11-17T13:33:25.000000,6e99d9cd72974ac6c4bb1be8ef01d9fa,15920,3960,11960,,,
2023-01-06T12:38:06.000000,dd2b0914e9b7d6cf9bf52b43b8762b87,83200,83200,0,,,
2023-08-31T23:36:21.000000,7945c3c2535965791c3571827ea19f4c,15920,15920,0,,,
2023-03-19T14:50:02.000000,c2baa6b9601e526e46f18e4c1f11b7e8,131600,131600,0,2023-03-12T00:36:21.000000,kakao,7.59
2022-12-03T10:53:16.000000,19c09c2ea0ec42e7310c411d8972c5f8,79200,79200,0,,,
2023-01-17T21:05:39.000000,c8c6af71a3ed178a7234f2db30c479ec,87200,87200,0,,,
2023-04-24T15:50:02.000000,6125c2ddf601a13532204ccd2f6e587d,15920,15920,0,2023-03-20T02:32:04.000000,email,35.55
2023-10-26T19:35:03.000000,e38be6eaac258bba6514495bad78336e,131600,131600,0,,,
2023-04-01T14:50:02.000000,ab5a0103d842a286f83a0accb7dd8f2e,131600,131600,0,2023-01-24T17:00:17.000000,kakao,66.91
2022-11-30T21:37:12.000000,a236a6d88b3097efb0dbabab6230a84e,15920,3960,11960,2022-11-28T02:03:23.000000,naver,2.82
2023-12-17T23:50:05.000000,5ea94da2e12152116e40eaa49adbb545,95520,95520,0,,,
2022-12-29T21:27:11.000000,58c6dc477c3b66263b57be7878fdc073,79200,79200,0,,,
2023-09-11T11:56:14.000000,af11dcd39e11306db24a465dbf740d57,15920,13532,2388,,,
2023-11-26T00:52:49.000000,0440d59280deefe1ee9f30867fc844fa,15920,15920,0,,,
2023-06-01T14:25:51.000000,aea38094daa70b63505943365fc85a04,15920,15920,0,,,
2023-06-20T09:10:06.000000,64454ca3c9cbe0a5cfd44a1fb10c294b,15920,15920,0,,,
2023-01-25T07:32:15.000000,b6d6c8115435c61ca210e885882224f6,95200,95200,0,,,
2023-01-02T12:49:17.000000,a6701160279d007022e5d00db71ff5e9,83200,83200,0,,,
2023-05-06T09:19:59.000000,aca0e337045b00336e0b462b09f9a8ed,15920,15920,0,,,
2023-10-04T14:16:33.000000,47c5bc593a30c3b1323e2e1bedbce710,131600,131600,0,,,
2023-04-19T22:30:02.000000,261b26cff3759e248dc82732a2d395e1,15920,15920,0,2023-04-11T22:51:40.000000,google,7.98
2023-12-30T20:47:03.000000,7414c18987f9983d0ecbdd28a613dcd0,95520,95520,0,,,
2023-01-07T22:41:46.000000,ccbd0164df60286a8520c26a6e5ebc8f,83200,83200,0,,,
2023-04-04T09:50:02.000000,279baeddc185ca7da2edc55ecfa0a576,15920,15920,0,,,
2023-04-13T21:25:02.000000,29937c4bcd8dcd6709c10b90524edee0,15920,15920,0,,,
2023-12-07T20:52:13.000000,64ccafad8106041b91bc14e37d817795,15920,15920,0,,,
2023-08-30T01:02:13.000000,3004bd304e2cc81be1e002d5cfa15a6d,15920,15920,0,,,
2023-01-17T09:15:31.000000,2364e0ce0a8744a07f5e4057ec92686a,87200,87200,0,2023-01-17T09:14:05.000000,email,0.0
2022-12-29T16:52:38.000000,5089a57446a6c26a06b7ab06731e0523,79200,79200,0,,,
2023-03-26T17:30:02.000000,7f64596c288560dd297784698e0b1a9a,15920,15920,0,,,
2023-02-20T09:45:02.000000,e45b1447f7aa04e14f51bdaf6c3e614c,15920,15920,0,,,
2022-11-25T14:32:05.000000,e7b5e154bafeb176a2d9a723a2cb3e4f,15920,3960,11960,,,
2023-01-15T20:32:44.000000,bb529ce22c038b546c993a672834f13b,87200,87200,0,,,
2022-12-15T00:40:29.000000,65ed292e90592349ba2280e4001d5e23,79200,79200,0,2022-12-14T23:12:45.000000,naver,0.06
2022-11-15T11:10:05.000000,2d520368e6d0eadc065c07c70215b2b3,15920,3960,11960,2022-11-15T11:07:53.000000,email,0.0
2022-09-20T22:45:02.000000,2f9515b05f6ce5b96e94bb83843abb79,15920,15920,0,2022-09-13T22:35:46.000000,email,7.01
2022-11-30T09:41:38.000000,4bbc3fe4db7085a8667f1afac6228c3c,15920,3960,11960,,,
2023-10-31T06:13:37.000000,079e2807360fe4d0048b6c6ae15f4e6a,131600,111860,19740,,,
2023-12-20T11:13:19.000000,55bbc06c4b645934a1b11bc7f4822e8c,95520,95520,0,,,
2023-08-04T13:21:00.000000,1d4c7425bbefb37a25d163356122c02c,15920,15920,0,2023-08-04T11:35:49.000000,kakao,0.07
2023-07-24T20:42:20.000000,f98d38d351e8a38bf616d934d092aeba,15920,15920,0,2023-07-21T15:31:37.000000,kakao,3.22
2023-11-22T14:48:08.000000,84e4470f58182b75435c084c4bec3b6b,15920,15920,0,,,
2023-12-27T11:39:21.000000,17e00253e98c9ce0d679700696616084,95520,95520,0,,,
2022-12-16T14:00:21.000000,e4b43c3ba9505fa05bf53797b98f7f90,79200,79200,0,,,
2023-11-21T15:08:59.000000,30c44432e2080d9d7d9e0dcb8f93f0e9,15920,15920,0,2023-11-13T13:04:16.000000,kakao,8.09
2023-11-29T09:01:01.000000,048a4c61331e02f5a4a13963f0415d41,131600,131600,0,,,
2022-11-30T23:19:01.000000,e762ab4fd7d3826f9adaabe446971790,15920,3960,11960,,,
2022-12-26T21:30:48.000000,fb1133cff45fcc013c718cfd5b82d396,79200,79200,0,,,
2023-11-26T04:56:35.000000,409c294bedefaa68872d548525a432ff,15920,13532,2388,,,
2023-12-31T19:27:19.000000,b88388d2cb84ff754d1c1979149d9772,95520,95520,0,2023-09-27T21:16:52.000000,kakao,94.92
2022-11-17T16:15:03.000000,05e37d5a82656dca15709b9e4f94e421,15920,15920,0,,,
2023-07-05T19:42:51.000000,b5676450102add9037200de59bf5b1a1,131600,131600,0,2023-07-02T22:03:27.000000,kakao,2.9
2023-07-06T16:15:09.000000,be847bc0f4e75d9f693035883cbab56d,15920,15920,0,,,
2023-07-12T09:45:26.000000,4f402d12f8b6f2dd4d4dd10c1c40066e,15920,15920,0,,,
2023-06-28T20:18:14.000000,7c7350b4cbb7dd78ed2a83df654edc05,131600,131600,0,,,
2022-11-19T13:52:09.000000,9f6edb0f95b8f88f71d5eda31702aad1,15920,3960,11960,,,
2023-07-17T16:10:06.000000,dabdaf028548ecac11e3bf23edba16b9,15920,15920,0,,,
2023-07-21T14:09:21.000000,916a94d06a45567fb92a5546630f36af,15920,15920,0,,,
2023-04-17T22:25:03.000000,2821f0979fa2e72de84637bfb80c398a,131600,131600,0,,,
2022-12-31T09:15:41.000000,122de39fe9f6f27e32272c80517f931f,79200,79200,0,,,
2023-01-08T23:15:55.000000,0622fcf42fb0aff654db06b94b917fef,83200,83200,0,,,
2023-05-04T18:15:04.000000,5408e12879f02c39aa33b028d7239f98,15920,15920,0,,,
2022-12-15T13:53:31.000000,e2ecaf752ad1367706b8e5f7f04d348b,79200,79200,0,,,
2022-12-31T20:42:12.000000,4fc6ae3669821ef09839caabb0a6ccdb,79200,79200,0,,,
2023-12-27T16:11:38.000000,1ecbf4ba45d2ea6e107c93ca769e59ff,95520,95520,0,,,
2023-09-26T21:10:10.000000,6eaac48c121bbe117e6ff274ef8d98bb,15920,13532,2388,,,
2023-10-14T13:06:48.000000,9da5ec4c63de82b45a81e9995e171c1e,15920,13532,2388,,,
2023-07-26T13:40:07.000000,e1240d16c28d09a608e0da5c7a96a956,131600,131600,0,,,
2022-12-05T10:03:26.000000,8f12a9df26ac36343251c2df3880545f,79200,79200,0,2022-11-30T19:35:19.000000,naver,4.6
2023-01-10T23:55:40.000000,e5bb7cf33004931566b7f50c6660a6d1,83200,83200,0,,,
2022-11-30T19:20:14.000000,a52c7bd0b5f801dd642b838c4ad25744,15920,3960,11960,2022-11-30T19:14:27.000000,email,0.0
2023-07-25T04:49:09.000000,2703011f942ea2668104523a7045305e,15920,15920,0,2023-07-23T23:46:06.000000,email,1.21
2023-07-31T16:08:58.000000,d78b3218dfad433950dcf4222a8da0b2,15920,15920,0,2023-07-31T16:05:09.000000,kakao,0.0
2022-12-24T09:33:18.000000,4e36aeac2771ae2a7449b140c0203118,79200,79200,0,,,
2023-07-05T13:13:37.000000,afe0c80b1159a12c2640b45311c871da,15920,15920,0,,,
2023-12-03T03:58:11.000000,acd1e6b9cc91792713493f48b914f450,15920,15920,0,,,
2023-01-30T21:40:48.000000,eac3a5ab5bd6370c9703cbf6abb31835,95200,95200,0,,,
2023-06-24T03:42:43.000000,d900c7879f45a293bc01f5b1db424aeb,15920,15920,0,2023-06-24T03:39:31.000000,email,0.0
2023-07-31T18:43:40.000000,eda1efb09a0eadc2492bee9e3f2db974,15920,15920,0,,,
2023-01-24T14:36:17.000000,d6fc4547121d4e12485122632423fefd,91200,91200,0,,,
2022-11-28T11:28:06.000000,9c23acac0637916e93de70393fa63e40,15920,3960,11960,,,
2023-06-23T15:35:47.000000,dad89f3e1ab2219991e6493ba049cad7,15920,15920,0,,,
2023-12-18T21:31:47.000000,bce3f1086d6dc578813eeba495e495f6,95520,95520,0,,,
2022-10-31T00:20:02.000000,7bb10407b9bd756539ffe64c02fabc9c,15920,15920,0,,,
2023-11-29T19:25:41.000000,7cadbc83021f9b9bd2a330ab848cb0b6,131600,131600,0,,,
2022-12-15T22:42:47.000000,a02adff8efc5b24ffe4df273652ea0eb,79200,79200,0,2022-12-15T22:29:20.000000,naver,0.01
2022-12-31T16:56:23.000000,9685200a4093c124f51f61b8848ff71a,79200,79200,0,,,
2023-12-18T10:53:27.000000,044fb2dbdf1f332d405a2d0e7a7c0f71,95520,95520,0,,,
2023-12-30T12:18:03.000000,fb3b5097838bddac26e60090e5266479,95520,95520,0,2023-12-22T09:49:22.000000,kakao,8.1
2022-12-30T22:32:07.000000,f5cc597ffb1eb62926f3fa22a860e0f0,79200,79200,0,,,
2023-09-10T22:48:51.000000,19c7b1cccb0fcd6cb2fea153743cf37f,15920,15920,0,2023-09-10T22:45:14.000000,kakao,0.0
2023-08-25T17:54:47.000000,e113d8040fb065dbd986a47bcb9ad508,15920,15920,0,,,
2023-01-03T16:53:56.000000,4830be0bf4f596aa94879c18b3d3d677,83200,83200,0,,,
2023-09-29T20:50:58.000000,fcde9fb343fef7c9e65ab510914f7b2d,131600,131600,0,,,
2023-06-08T00:04:29.000000,134bc2c45388a6ed7a71cddd58601f1b,131600,131600,0,,,
2023-11-28T21:31:11.000000,ea1e45942d05aa94336f7a8126623d8a,15920,15920,0,,,
2022-12-28T13:58:05.000000,9549fcdef521ced44fff220c8ed0dfc9,79200,79200,0,,,
2023-10-03T22:39:00.000000,5a1ea3299fa7937e0a42729634ae868d,15920,15920,0,,,
2022-10-09T19:00:04.000000,fd35e6f4c96e4f1d2b5ebd12ef26bced,15920,12736,3184,,,
2022-12-04T23:46:38.000000,003d94a1c1aacab781d2f811503fc806,79200,79200,0,,,
2023-02-23T04:30:02.000000,cd319bb29675aa371bf1c2fd4690fb39,131600,131600,0,2022-10-03T18:57:14.000000,kakao,142.4
2023-12-14T19:31:25.000000,7f06f9fde8c564ed0e5d6c755ac2759b,95520,95520,0,,,
2023-12-27T17:44:25.000000,8e831250c8d18a76dcf7d2c46f9504b5,95520,95520,0,2023-12-23T09:44:32.000000,naver,4.33
2023-01-24T08:33:12.000000,613e5ec52eae62de3270829b99845fbe,91200,91200,0,,,
2023-12-21T00:58:30.000000,0208c2c67b021dcf80a99d903823ce1f,95520,95520,0,,,
2023-01-22T23:49:53.000000,2e514e969a2cce920dd733b640e9e866,91200,91200,0,,,
2023-03-17T21:10:03.000000,1a9097bc48b646eb5c9704d0ced87ee1,15920,15920,0,2023-03-10T20:19:57.000000,email,7.03
2023-07-30T14:23:17.000000,410bf6a629ef74559f218040ce410da7,15920,15920,0,2023-07-30T13:57:25.000000,kakao,0.02
2022-12-23T14:35:43.000000,ff0a9434206cf5457eb2532196ff733c,79200,79200,0,,,
2023-01-29T22:43:41.000000,017d6e433b7d65b5ebee8efd7764b238,95200,95200,0,,,
2022-11-16T10:39:57.000000,7edd737db6545e5643be41453c0f6431,15920,3960,11960,2022-10-21T18:45:40.000000,google,25.66
2022-11-25T13:09:50.000000,bb6d6b356b1dcee349002bafc16571da,15920,3960,11960,,,
2022-10-13T23:40:02.000000,9a6e7fbcd3cc2ccb18c90ba1009ca466,42960,34368,8592,2022-10-03T11:54:29.000000,kakao,10.49
2022-10-21T20:30:02.000000,42a0575943a53d5c9f9238c488b4fd33,15920,15920,0,2022-10-13T15:26:55.000000,naver,8.21
2023-01-10T22:45:53.000000,932021e1432e25009365b9a516e256f7,83200,83200,0,,,
2023-09-27T11:03:15.000000,d33975e1b7430a21e29675807e15cf57,131600,111860,19740,2022-12-03T11:45:20.000000,kakao,297.97
2023-07-04T21:08:51.000000,eee8ef48093bfd8f98aea7f4977fb80f,15920,15920,0,,,
2023-01-10T12:53:22.000000,56fd23095e1da2ca66411ca4d3473602,83200,83200,0,,,
2022-11-28T08:30:38.000000,75e3deec81439c03fa213683a3a85b1c,15920,3960,11960,,,
2022-11-16T00:19:37.000000,9adf129f82bcbf35f6e3de33fec38d5f,15920,3960,11960,,,
2023-01-31T15:19:57.000000,efaf90b34d66e5f79e62b7786ee7ec21,95200,95200,0,,,
2022-11-17T14:11:31.000000,f64d2b60a7b142d27a5427391cfa8c3a,15920,3960,11960,,,
2023-12-04T03:51:29.000000,10fe143b4d5215970a7a23a9cbc71efd,131600,131600,0,,,
2022-11-17T23:24:05.000000,e2e7187a275bf2344f8fb6f5e7e805eb,15920,3960,11960,2022-11-17T23:15:57.000000,email,0.01
2022-12-23T12:07:21.000000,3d64d4c8cf4b938de9e065cab676a143,79200,79200,0,2022-12-23T12:05:57.000000,naver,0.0
2023-02-13T18:15:02.000000,28d42eca904f389ed695dd9f8999f2ee,15920,15920,0,,,
2023-11-09T18:26:21.000000,74fbc51112a633955aa1b8f280fc303b,131600,111860,19740,2023-11-09T18:22:41.000000,email,0.0
2023-11-10T03:00:58.000000,310c7316dfc38f5c1cded37174d02e33,15920,13532,2388,,,
2023-06-29T14:37:40.000000,0e6a916d685865633d3606f8cb3a2943,131600,131600,0,,,
2023-02-27T17:00:07.000000,bdaccf3b8535d78a81114fb5855232c3,131600,131600,0,,,
2023-07-11T16:25:20.000000,46804eecc8f8594337f9ed05ccc91811,15920,15920,0,,,
2023-01-24T06:18:35.000000,5fcfeb0533e6aff0c9e86135e4dea210,91200,91200,0,,,
2023-12-04T15:33:14.000000,8ae878f3b9a5e06375f08dd0fbf9bd92,15920,15920,0,,,
2022-11-14T00:21:01.000000,88a14a5e16c3c0963cde35d1e31e1182,15920,3960,11960,,,
2023-12-26T18:15:05.000000,1e566c19286562f793c53de189a541cf,95520,95520,0,,,
2023-07-23T17:25:01.000000,df7a360e5c74d98c176a7b0e68681141,15920,15920,0,2023-07-23T16:21:08.000000,kakao,0.04
2022-11-18T00:42:03.000000,2b54885373780bd8004a60904e038686,15920,3960,11960,,,
2023-01-31T23:36:59.000000,08488d882a77ee36f78d01abbad76e2b,95200,95200,0,,,
2023-01-25T19:41:24.000000,099c3984b8db7691731f6b4b4b102d01,95200,95200,0,,,
2023-12-31T20:41:28.000000,02070c627b39ec154e6990a655fc80de,95520,95520,0,,,
2023-04-12T17:20:02.000000,2c3e69a22969fb4b765957c5d416a2b8,131600,131600,0,2023-04-05T17:12:56.000000,kakao,7.0
2023-06-07T13:03:14.000000,f3ccc92eb9bb461410781046eba9d7b5,15920,15920,0,,,
2023-11-23T10:15:20.000000,2b92075590c7e401197c21d54150ce7b,15920,15920,0,,,
2023-05-03T13:40:45.000000,b540bf34533ce0a5295f027bf60a3a42,15920,15920,0,,,
2023-12-28T20:20:01.000000,e0cf295c4e0fe9d8d326296eb561ceba,95520,95520,0,,,
2023-06-20T22:33:45.000000,ee8e36781d0d76b942f18efc3eb1428d,15920,15920,0,2023-06-20T01:48:09.000000,kakao,0.86
2023-01-08T21:10:51.000000,bded75c5d180466146161ac5e0fd41f9,83200,83200,0,,,
2023-01-24T16:12:46.000000,82e7111d179242947815246b5afa2d9f,91200,91200,0,,,
2022-12-20T21:56:25.000000,6c5b0a83b81906d406b471e27a0dc9eb,79200,79200,0,,,
2023-12-29T09:32:13.000000,1d7685b4e7ad57603a41ff27a9eacab2,95520,95520,0,,,
2023-01-31T10:51:15.000000,281b01d3705fe443e7d93426dcc8a22c,95200,95200,0,2023-01-31T10:44:15.000000,email,0.0
2023-11-09T21:17:03.000000,dd52d924c8782412595d0316e77aa4ae,15920,13532,2388,2023-10-29T13:10:53.000000,kakao,11.34
2023-07-12T17:02:18.000000,1378011d4e126fa56760b6647cd2a13d,15920,15920,0,,,
2022-12-24T21:05:44.000000,dae79e2a52fdf7d666980982a967921c,79200,79200,0,2022-12-24T02:52:34.000000,kakao,0.76
2023-08-31T13:24:51.000000,e7038f9cc3fc79816bff2b2fbff6cbd5,131600,131600,0,,,
2023-04-18T23:50:02.000000,c1940650c6275aabd005b43d28418029,131600,131600,0,,,
2023-11-30T19:09:23.000000,e5a7f53169d592b8aa8a51fcac1375ae,15920,15920,0,2023-11-28T08:12:23.000000,kakao,2.46
2022-10-14T16:31:21.000000,e53841b5c5628b324f224ca1e11ed629,15920,15920,0,,,
2022-09-17T00:50:02.000000,93860ae33d4df1b6c3c21d171516b28a,42960,42960,0,,,
2022-11-19T11:49:34.000000,40d8e621af6bce919653172c942da7bf,15920,3960,11960,2022-11-19T11:45:59.000000,naver,0.0
2023-02-16T16:05:02.000000,5c699551554217a1b3a9f10849ac911f,131600,131600,0,,,
2023-10-13T21:14:17.000000,4c28615d696c71bdf71f07757b8f9fa6,15920,15920,0,,,
2023-11-15T09:47:40.000000,c5b0294359ab5267552d9fd638470b2b,131600,131600,0,,,
2023-11-29T20:11:49.000000,ce8e846b55410f07be6a36b2abb6885b,15920,14328,1592,,,
2022-10-19T16:30:03.000000,495a4949ed4bd74ce8333acab8c2ae0f,42960,42960,0,,,
2022-12-10T09:39:06.000000,acc83adcf82bf5d9d2755a60a66489ad,79200,79200,0,,,
2023-03-07T09:17:55.000000,09b6da87506b2d21201435c1755d144d,131600,127652,3948,,,
2023-10-17T13:55:33.000000,6a32e0eb8d3f2f58cccbc0212a60b442,15920,15920,0,,,
2023-07-01T13:11:39.000000,7ec9744fa59faf9291350d285f55247f,15920,15920,0,,,
2023-06-10T18:43:07.000000,14c77148d6db20994365125691e10804,15920,15920,0,,,
2023-08-29T23:49:39.000000,24a9a9beae15aaa63e7be844e8e65c79,15920,15920,0,,,
2023-07-14T22:01:13.000000,0ff9117141bc69840d77fb7ea9e2d577,15920,15920,0,,,
2023-06-21T13:33:24.000000,0a0cefc682612fc92ab52195cfb8b401,15920,15920,0,,,
2023-07-13T19:47:25.000000,911a3df5ec9df471ef6cda7cec5cc5be,15920,15920,0,,,
2023-09-20T23:50:37.000000,b99ef40179fc594cea9bd1a4f963fbd1,15920,15920,0,2023-09-12T20:12:21.000000,email,8.15
2023-12-24T12:55:10.000000,570bc7be2791c4053b5118920efa2835,95520,95520,0,2023-12-18T22:00:14.000000,kakao,5.62
2023-06-30T12:03:40.000000,04e3ed921de9a3cb187256ece5cf81bc,15920,15920,0,,,
2023-11-24T09:57:36.000000,c063ef61e521f3a54234116b23ddb8da,15920,15920,0,,,
2023-07-30T15:50:02.000000,160019610898f7cd439bea564d076b88,15920,15920,0,,,
2023-08-01T15:09:00.000000,4ffb5ff432eb5229de1d78f2195ce94f,131600,131600,0,,,
2023-01-02T20:41:32.000000,c4d77bea39a5f1586ed0223a40100faa,83200,83200,0,,,
2022-09-24T16:00:02.000000,3592f339339ad8f1df94a6976179bef2,15920,15920,0,2022-09-01T16:22:19.000000,kakao,22.98
2022-12-23T11:20:55.000000,506b87d7dfcf7f63f7ce722ff049d022,79200,79200,0,,,
2023-08-08T13:13:42.000000,95827e31d4ea611e4a88157fd791e187,15920,15920,0,2023-08-07T23:02:29.000000,kakao,0.59
2023-07-11T00:00:26.000000,86efce4dc980202a05b303567af51c1b,15920,15920,0,,,
2023-01-13T22:47:58.000000,cde59f46f1fa7089f88b3fde6c6a36fa,87200,87200,0,2023-01-13T22:38:18.000000,kakao,0.01
2023-04-06T23:40:02.000000,3a9f3ff820597aaa9166513912a87f48,15920,15920,0,,,
2023-06-25T22:40:24.000000,cf72c34fedbde3c1aed83dac43ed5586,15920,15920,0,,,
2023-12-28T14:54:51.000000,d5c63d04fd30cd8110346f830f2dfafa,95520,95520,0,,,
2023-10-25T20:05:56.000000,3ca0ee7aa713237ced357261e51c0c2b,15920,15920,0,,,
2022-11-18T15:53:49.000000,db97caca4dc25e428465cead0c5221cd,15920,3960,11960,,,
2023-01-04T19:28:39.000000,2758f32d8bb29b7f59a1a332898a05c4,83200,83200,0,,,
2023-01-10T09:46:58.000000,d852ef031e50760f31ce1a7964ecfbc9,83200,83200,0,,,
2023-01-28T00:40:13.000000,46469962faf1f060f5d71444dd5b28e9,95200,95200,0,,,
2023-01-24T22:19:03.000000,e6c819c1c66fe68a11d8358d3b7b5b91,91200,91200,0,,,
2023-05-17T10:55:48.000000,288da820436c493d3bafa1f501950578,14328,14328,0,,,
2023-06-22T20:32:04.000000,b2892c60b643f1650fc66917b4d5778f,15920,15920,0,,,
2022-11-30T20:30:33.000000,ec711130ac5745f7af7495e3724f37f8,15920,3960,11960,,,
2022-12-13T10:02:12.000000,5302234ea8ccc323f6a955335c6e0f49,79200,79200,0,,,
2023-02-14T21:05:02.000000,3a27fc0b90e8fbc9d27fe351888762eb,15920,15920,0,,,
2023-09-01T21:04:20.000000,db0dbe96fa53df048b2209e4e703a4d1,15920,15920,0,,,
2023-07-12T15:53:29.000000,9c228bc6e66e44710c04a2124a3d7b7c,15920,15920,0,,,
2023-05-27T14:05:47.000000,8f19e4832651ff3c64cd3708417fdda2,15920,15920,0,2023-05-27T14:01:13.000000,email,0.0
2023-10-24T12:22:07.000000,d20a1271b197f64aeb2fa92961c7b338,15920,15920,0,2023-10-24T12:12:06.000000,naver,0.01
2023-09-15T23:52:32.000000,51e25f45a405fffaa4411416b4f0ecaa,15920,15920,0,,,
2023-07-07T09:45:09.000000,d3179d924970f39b4eccabf46dcc9c20,15920,15920,0,,,
2022-12-13T14:32:52.000000,965f5ad1f3f5ce2a3320c258612e70e9,79200,79200,0,,,
2023-07-25T19:34:14.000000,df565bbe414f03a6fd2b9ec364443fcb,15920,15920,0,2023-07-25T19:32:42.000000,kakao,0.0
2023-10-13T15:39:26.000000,317a77c61b7675c8d2d75efe1f555929,15920,15920,0,,,
2023-01-17T14:40:13.000000,e1c4010b2eb01133335deb55f6d6da7e,87200,87200,0,,,
2023-01-16T17:37:55.000000,8bdfdb021e9acbce3095aacabdb60596,87200,87200,0,2023-01-16T13:34:19.000000,kakao,0.17
2023-06-30T23:49:52.000000,d1803a09a32a46a99ff03f499efe906e,15920,14328,1592,,,
2022-12-31T20:48:55.000000,43338a21732fe795ef8eb9cd93d22808,79200,79200,0,,,
2023-07-04T17:42:17.000000,1edd7f35b4813c864cf98e0980144cee,15920,15920,0,,,
2023-02-09T17:25:04.000000,2b1d088792b5327d0b2191b6ba69e355,15920,3960,11960,,,
2023-07-10T09:57:47.000000,b70d3f3e4ecc607bb7716dc06bfdf44c,15920,15920,0,,,
2023-08-01T09:15:26.000000,612f83915d464c468e44cbff7ad8d4c7,15920,15920,0,,,
2023-06-12T12:33:07.000000,cfe09a1c5ca830078bd29c403bd3a696,15920,15920,0,,,
2022-11-24T20:32:40.000000,777bde91d071c6629683257c4c268f7c,15920,3960,11960,,,
2023-11-07T19:06:38.000000,3258e93465c48b517ab9e8130a6157b5,15920,15920,0,2023-07-13T05:33:39.000000,kakao,117.56
2023-08-01T20:37:53.000000,3767d4c7a827422fccf61d45ae889669,131600,131600,0,,,
2023-09-04T10:52:23.000000,1cbd483332b29dc18b0960039f977b36,15920,13532,2388,,,
2023-08-07T16:43:43.000000,a0f1932d680346be2338c627ab814f39,15920,15920,0,2023-08-02T09:39:54.000000,kakao,5.29
2023-06-15T19:43:44.000000,ca95977847348d247356a613409b3efa,15920,15920,0,,,
2023-09-01T16:35:49.000000,f491048721dc8470e54f92a433657705,15920,15920,0,,,
2023-02-17T17:10:06.000000,6402ea307bf87a542018424a4d2fe1f5,15920,15920,0,,,
2023-12-01T13:14:09.000000,6ead0618ace80dafc99e54fbc061abd8,131600,131600,0,,,
2023-02-15T15:50:02.000000,2e52447ae24338ac8fc86f6a0b99c90d,15920,15920,0,2023-01-17T17:21:47.000000,kakao,28.94
2023-01-02T13:36:40.000000,d5c373b3ed111d341cf4b3627b6dddf1,83200,83200,0,,,
2023-08-16T23:48:11.000000,e2c59d444736eceee9eedba85bd4e209,15920,15920,0,,,
2023-08-15T19:07:27.000000,003dc1089ee8075dfe8aab161efc6188,15920,15920,0,,,
2022-12-15T15:32:59.000000,97f9b2cd3e0d4b60b3fa97248d503a13,79200,79200,0,2022-12-15T09:16:44.000000,kakao,0.26
2023-12-13T21:36:43.000000,f0f5ea8f9067667d7c2fca399d7252ee,95520,95520,0,,,
2023-09-19T20:28:55.000000,ee9c54a9717863239b80ac673359a710,15920,15920,0,,,
2023-01-10T20:44:15.000000,4430de2736bce101dca422e704ad8af6,83200,83200,0,,,
2023-12-05T23:32:00.000000,e5d556073b09559760673d268a1cb831,15920,15920,0,,,
2023-02-20T15:10:03.000000,27b2db0e4ed770375521607a5c57bc0f,15920,15920,0,,,
2023-11-21T13:39:51.000000,78e8eec402de6633c7c096a0c921a96e,131600,111860,19740,,,
2023-06-25T22:42:51.000000,8df97cede3667fcd685ba9a372c90dd4,15920,15920,0,2023-06-25T22:16:48.000000,kakao,0.02
2022-12-03T13:49:03.000000,f7fa5d3d0dad9cddb640579eef063d14,79200,79200,0,,,
2023-08-18T12:37:52.000000,cb5bc9b2c2da706a0034da5897c0098f,15920,15920,0,,,
2023-08-31T22:24:17.000000,3a17da08416d88a788dc7afa4f02b5e5,131600,131600,0,,,
2023-08-19T16:48:28.000000,8bd0d20cac1f61da3a56d1cecc3c0f36,131600,105280,26320,,,
2023-11-26T14:50:35.000000,92b45490e1119fde830d7887f1fc6272,15920,15920,0,,,
2023-04-02T15:30:03.000000,a799f3d456bbedbb8aa30ff4292019af,131600,131600,0,,,
2022-11-02T17:21:14.000000,ef4388c7fff8f363062ea7e1f8ff4d77,15920,15920,0,,,
2023-01-04T13:08:35.000000,e95c97a669fd5b9113d578b8e38197f3,83200,83200,0,,,
2022-12-23T12:15:07.000000,0d89010dcd128c6c047a90946104ac59,79200,79200,0,,,
2022-10-03T08:20:16.000000,1a9bc9f6ba2ab755b45b04d981555ba5,15920,15920,0,,,
2023-12-31T18:12:20.000000,b470fd3cfe74a18172292f2dbdee30f1,95520,95520,0,2023-12-24T17:48:00.000000,email,7.02
2022-11-24T17:56:07.000000,7d74044906debe6d7e39932556d890b0,15920,3960,11960,2022-11-24T17:55:51.000000,kakao,0.0
2023-09-05T18:46:08.000000,cfcccd5118838ec4d954d3d70ccf79eb,15920,15920,0,2023-09-05T18:43:31.000000,kakao,0.0
2022-11-29T18:44:13.000000,d7dc806c5293174ed0d5c0990baae301,15920,3960,11960,,,
2023-07-17T16:07:44.000000,79c236df4f619c12ec59e5529a4bd64d,15920,15920,0,,,
2023-11-11T11:50:07.000000,08aac406f81fd159786262e1265ae83e,15920,15920,0,2023-11-11T11:18:08.000000,kakao,0.02
2023-02-12T09:30:02.000000,b19ce0be0e9297e2f41baf73b386b0b8,15920,15920,0,2023-02-02T13:55:17.000000,kakao,9.82
2022-12-30T20:34:47.000000,c2277f7f8ad4e40b37681ca7d6218672,79200,79200,0,,,
2023-01-12T19:29:01.000000,904f10034ce71626fccbb55fded1537a,87200,87200,0,2023-01-03T04:32:57.000000,kakao,9.62
2023-06-23T21:41:12.000000,8625d23e4d694862cbb3fdaada36775f,15920,15920,0,,,
2023-04-02T21:10:02.000000,71c96bed9b83ecfda326c41c2ea771e2,15920,15920,0,,,
2023-02-28T22:35:02.000000,5bfb21c31d51c0457abf68032997f06a,15920,15920,0,,,
2023-06-26T17:23:34.000000,6122016eeaff5ee18ff7135a0d119a12,15920,15920,0,2023-06-25T18:55:37.000000,kakao,0.94
2023-04-06T23:05:02.000000,4f19c754050149011b6a977366e12951,131600,131600,0,,,
2023-05-18T21:35:04.000000,45389a9c6ecd03949c78654a4d2ff224,131600,131600,0,2023-05-09T10:30:57.000000,kakao,9.46
2022-10-21T23:25:02.000000,652919495a5ced112f08df63195055b3,15920,12736,3184,2022-10-03T23:38:54.000000,kakao,17.99
2023-04-15T03:01:44.000000,2b238df192eed6fa94ec32d166cb91a7,15920,15920,0,,,
2022-12-13T10:54:23.000000,d3bb3cf631e0c97402042f1bbe2fb692,79200,79200,0,,,
2023-12-05T03:29:34.000000,bb8c46d46c0af682c70eee0d941d501a,15920,15920,0,,,
2023-11-19T10:00:29.000000,ce93467769c0d354f6c5a2a02292506e,15920,15920,0,,,
2023-09-22T16:04:46.000000,76910b1458b6c9cab2d1585eabc94354,15920,13532,2388,,,
2023-08-01T07:34:00.000000,53e0c47936849d902d5559e204ebb343,15920,15920,0,,,
2023-09-06T19:23:06.000000,2bced6719959cebe262e8c0bb321ecaa,15920,13532,2388,,,
2023-12-12T16:24:53.000000,ba2cb029819783d15707673293873e85,95520,95520,0,,,
2023-09-08T15:48:54.000000,a6dc613a88083e5c2e8c7c0acd99dca6,15920,15920,0,,,
2023-01-09T11:19:10.000000,a3362a928d6f601ca8a258a877ceaeda,83200,83200,0,,,
2022-12-04T17:51:15.000000,c156cdf310640e742d9f469d71326445,79200,79200,0,,,
2022-11-30T23:03:39.000000,90653681e7d0d9930ae019727ecb2178,15920,3960,11960,,,
2023-07-17T19:04:14.000000,757d7150a7604e21d0d4ac4b03fd181f,15920,14328,1592,2023-07-17T18:08:12.000000,kakao,0.04
2023-07-22T10:41:12.000000,5f06ec8e62be18f16de6d14f45c0b84f,15920,15920,0,,,
2023-05-03T10:25:02.000000,ef9d384dd053ca52809502e49afccd15,131600,131600,0,,,
2022-12-22T10:33:02.000000,f312857941c6a0bcf9410d9355364449,79200,79200,0,2022-12-01T13:45:26.000000,kakao,20.87
2022-12-06T16:28:01.000000,049ce7f67ebae2994dfb7674eb5bd518,79200,79200,0,,,
2022-09-08T11:35:02.000000,e82d45b25b6c097781a0acbad4d23c4d,15920,15920,0,,,
2023-09-10T10:45:16.000000,b3a5a2d5b588bdaf2db3c37eb4be50be,131600,131600,0,,,
2023-11-30T21:53:50.000000,660d5580ae50f309f3bdee0d08f5ee50,131600,111860,19740,,,
2023-04-03T11:05:02.000000,2563e86690169082c3548d3f4bb09275,15920,15920,0,,,
2022-11-23T22:04:44.000000,729166653bcab102ae10942e1902ebd6,15920,3960,11960,2022-11-23T22:02:58.000000,kakao,0.0
2023-12-14T12:03:41.000000,1fe8ec15ce938f13954bed656166cc6a,95520,95520,0,,,
2022-12-30T10:52:33.000000,89d50bc284643d9daa2d5c2de73a296c,79200,79200,0,2022-12-29T15:19:28.000000,naver,0.81
2023-07-07T13:41:47.000000,d9af0110ce727ff679cd93f3f086f6fa,15920,15920,0,,,
2023-03-03T00:05:31.000000,d94fc62789063769a0dc54a33c2b6185,15920,15920,0,,,
2023-08-21T21:25:24.000000,9a155452215f0a326ecef98137c831ed,15920,14328,1592,,,
2023-10-24T21:31:32.000000,02ebee2fe7842c4f4dfaa3828d5e24d5,15920,15920,0,,,
2023-06-21T16:53:33.000000,122bec9f0a81ac6de93b64f61ae9e72c,15920,15920,0,,,
2022-09-14T04:00:02.000000,a325b2c136a656ef1f745a865cdd07a1,15920,15920,0,,,
2023-07-29T21:50:57.000000,bffe3bd1b236194783bddee98d94d338,15920,15920,0,,,
2023-01-26T16:19:41.000000,c584eed565b4897c35b16322f4f82523,95200,95200,0,,,
2022-12-18T03:19:08.000000,360addd6aa5fc0457e442c1ee58308c3,79200,79200,0,,,
2022-11-30T09:39:44.000000,a7b7e4f01ad88fe997fafcc69e47b988,15920,3960,11960,,,
2023-03-25T10:25:01.000000,df15af5177020753ebb41791ce6865a6,15920,15920,0,,,
2023-05-01T13:48:31.000000,5b25fa877a26b669f3895c369ac38908,15920,15920,0,,,
2022-11-30T23:06:42.000000,5e537689b782b3933a9d87664c78d850,15920,3960,11960,,,
2023-05-05T14:26:40.000000,130f994edec3410d6e02452a080659f7,15920,15920,0,,,
2023-03-28T13:40:03.000000,bc9246ca66888c55cc61dd872c1d8d3c,15920,15920,0,,,
2022-12-27T13:54:56.000000,4fe35bb0845d8fe4a83b7c6bb71aba2d,79200,79200,0,,,
2022-12-15T11:01:06.000000,f2381e1ce208e00a65abf48851e5995b,79200,79200,0,,,
2023-01-28T17:21:45.000000,7f1eb982eb01b95295c40f7f5c91efdd,95200,95200,0,,,
2022-11-15T15:35:42.000000,b91b254a34cd3eb53ca009bd8876aeb9,15920,3960,11960,,,
2023-08-01T13:24:50.000000,e79e8dad6c8a4ac465a0af2debf0dfea,15920,15920,0,2023-08-01T11:58:47.000000,naver,0.06
2023-06-19T08:59:24.000000,d140f1326b923e95677feff6dc916792,15920,15920,0,,,
2023-07-31T16:47:18.000000,702db7b840dc368334307be08d2c1af5,131600,131600,0,,,
2023-11-24T14:34:14.000000,9aa3f5128758b4cc8a29cc53c5fa50f6,15920,15920,0,,,
2023-08-31T22:12:13.000000,934da19e1b09eaef4701a55ab9d3371c,15920,15920,0,,,
2023-08-30T20:05:29.000000,18f087ac45ee7ab3803600dd4f4914ae,15920,15920,0,2023-08-30T19:34:44.000000,kakao,0.02
2023-08-26T22:13:39.000000,cc7e017b362b98e6a44ca79438949333,15920,15920,0,,,
2023-08-22T11:04:38.000000,e1dd741c4bf216e5fd62e1e6c2a6eb96,15920,15920,0,,,
2023-06-16T10:13:52.000000,195f111b42308110e908904f10e222d0,131600,131600,0,,,
2023-06-13T22:49:08.000000,cda83364cc4235a655b77f115835665b,15920,15920,0,,,
2023-10-15T10:40:50.000000,763d078df1a656bff46732fbe0d9a817,15920,15920,0,2023-10-15T10:39:53.000000,google,0.0
2022-12-03T19:07:44.000000,c5b917703420d6ccb439f0a9bdc4c82c,79200,79200,0,2022-12-03T18:55:08.000000,google,0.01
2023-01-24T23:51:58.000000,c5d7813595e5a666d0b91c02accdf517,91200,91200,0,2023-01-24T12:56:18.000000,email,0.46
2023-06-19T20:55:08.000000,49a12ed2bb34c0974c03fed9e1037e1b,15920,14328,1592,,,
2023-04-29T10:54:29.000000,d5dc4aac489bb13b6089bb0e56a8a0b8,131600,131600,0,,,
2023-11-02T15:43:43.000000,04c0dba1598712141d818b241b041a06,15920,15920,0,,,
2023-06-11T19:10:45.000000,c3e1e213fa7f817a6b8871b57e15694f,131600,118440,13160,,,
2023-08-29T16:20:52.000000,e8b3a5e6cecb1c724b5c76a4edfe6466,15920,15920,0,,,
2023-07-31T15:50:41.000000,1940888b14259d07f11b600f879a2983,131600,131600,0,,,
2022-09-26T15:50:03.000000,7e0d25bd89ddb36858c45c0413ff62af,15920,15920,0,,,
2023-11-16T22:25:43.000000,e74b8e79fdb6fa7c15c962f74bd83254,15920,15920,0,2023-11-15T03:13:56.000000,kakao,1.8
2023-11-08T19:38:48.000000,6ceaf96ff37bdd548362322ef612393d,15920,15920,0,,,
2023-03-21T23:30:02.000000,ad0285b25cdd598b49e300d5fc618643,15920,15920,0,2023-03-14T23:03:54.000000,kakao,7.02
2023-12-04T07:32:35.000000,57c3d67d555b07b3f9dbefd67dc7a62f,15920,15920,0,,,
2023-10-11T20:14:37.000000,cbd7810700702855896913c1d13a8dcd,131600,111860,19740,2023-09-24T19:38:49.000000,kakao,17.02
2023-06-21T18:34:13.000000,48f828d376f65128ef532b877609ff72,15920,15920,0,,,
2023-10-07T19:56:10.000000,30ce563913eb98feb1d4888498f988c2,131600,118440,13160,2023-10-05T21:17:57.000000,kakao,1.94
2023-07-19T13:21:11.000000,fdce880ec2e72b5ba355decdf135dd34,131600,131600,0,,,
2022-12-28T22:20:29.000000,4ad5a48c722849e2ec59a2817488f092,79200,79200,0,,,
2022-11-20T15:37:43.000000,89339a9351c71451946a6f348ec1a4b4,15920,3960,11960,,,
2022-12-11T13:58:26.000000,44f7e0cd696e810ebddba2d8be23967f,79200,79200,0,,,
2023-12-20T20:39:57.000000,65a286ba0ea7d45414e730ed95b68213,95520,93520,2000,,,
2023-01-04T20:05:36.000000,b7d056c947f411e8de536fae96d87fc2,83200,83200,0,,,
2023-01-11T17:15:51.000000,05e0cab0d7f6d53029581ca105e1cb7e,87200,87200,0,,,
2023-06-21T14:57:03.000000,1e8124c56c6371d5009d420ef3a5f0c2,15920,15920,0,,,
2022-11-30T19:20:21.000000,2fb3912f01e36cabee7ae812a1f48464,15920,3960,11960,,,
2022-11-29T23:12:03.000000,648bef90523bec7d426db375073109f2,15920,3960,11960,,,
2023-12-13T09:56:22.000000,a2d320cdc535698722142155a3a14831,95520,95520,0,2023-12-10T18:53:54.000000,kakao,2.63
2023-11-08T18:47:10.000000,11ecdd7e2efc9f592bf1a6986db38375,15920,15920,0,,,
2023-11-16T19:26:31.000000,63896cdea4aefcea3e0d9422a339786e,15920,14328,1592,,,
2022-12-05T10:36:15.000000,727a7f2080be4fd91402df7c3b5b9d92,79200,79200,0,,,
2023-05-05T19:54:59.000000,e4013af0ffb1b0e6e261d080cdc3e76c,15920,15920,0,,,
2023-08-15T19:18:15.000000,3b5606e6ca72a8cabfc1fe8576d07c29,15920,15920,0,,,
2023-01-15T16:39:23.000000,bee76090efc17a0407a436ebef2f8550,87200,87200,0,,,
2023-10-06T14:57:45.000000,82afb66c5c364ecba395a7f6242a0fa9,15920,15920,0,2023-10-06T14:21:05.000000,google,0.03
2023-09-14T16:05:21.000000,b2a0ddb6c8e5f5871bfb596289f836d3,15920,15920,0,,,
2022-10-02T19:52:32.000000,a6d285eca3b6df1bdbb183c3a80e7d71,15920,15920,0,2022-09-20T00:13:47.000000,naver,12.82
2023-12-31T22:58:57.000000,df1a8321463bae5c810eba2d0220864c,95520,95520,0,2023-11-07T21:30:03.000000,kakao,54.06
2023-11-08T16:34:59.000000,18e118b8b3003f8aae2a504fcb1e20bc,15920,15920,0,,,
2022-12-09T12:39:35.000000,75ba9c163048e9e8dd1e38f871550813,79200,79200,0,2022-12-09T12:37:54.000000,kakao,0.0
2022-12-31T22:33:33.000000,ff6ef6dfe5316654cb91fa15bfdd5aea,79200,79200,0,,,
2023-11-26T21:52:07.000000,d4bf73224c5995120dec5fc742b5e216,131600,131600,0,,,
2023-08-03T15:33:57.000000,62b23b059ae989791f3b1ac249702233,15920,15920,0,,,
2023-01-10T13:20:48.000000,6fdf9c8d0bfdabe6714ad03d8210ae06,83200,83200,0,2023-01-10T10:57:13.000000,kakao,0.1
2023-07-18T18:54:09.000000,a99a5c994752eb925f62d2ecc76927d8,15920,15920,0,2022-12-29T01:41:44.000000,naver,201.72
2022-11-30T23:07:17.000000,487738ebc279a98cf3b4b3d1ff0f151c,15920,3960,11960,,,
2023-12-30T19:48:32.000000,432e579eb5634e42d9c7f00b684a7ebe,95520,95520,0,,,
2023-07-05T23:32:10.000000,47dc232422f578d6d95c0462bb9be586,15920,14328,1592,,,
2023-01-25T13:47:34.000000,219e53732dcbe173310e9eff33cd18b7,95200,95200,0,,,
2023-03-25T20:45:02.000000,e9873efcf45620c9600375c338f03cef,131600,131600,0,2023-03-18T20:36:32.000000,naver,7.01
2022-10-12T22:20:02.000000,6d4e9870f87a8917a338247bc807575e,15920,15920,0,,,
2023-10-10T16:39:29.000000,15deca0b5b86368fdeca5c0e563a25d4,15920,15920,0,,,
2023-09-06T09:15:21.000000,2d5cece618dec52c7f647c74ac775178,15920,13532,2388,,,
2023-07-15T14:51:18.000000,306f2be3fc154fccc78104333e2ce45a,15920,15920,0,,,
2023-02-08T10:15:02.000000,f373a11d3df5c7d10fc4f7e9694ebb91,131600,131600,0,2023-01-19T15:47:23.000000,email,19.77
2023-01-10T20:52:33.000000,c44fa6d73f2e214a18764945ce3c0196,83200,83200,0,2023-01-10T19:00:05.000000,email,0.08
2022-11-28T15:05:36.000000,aa8340c147ccb58cc8111f254c4ffe89,15920,3960,11960,2022-11-28T15:04:36.000000,google,0.0
2022-09-06T14:05:02.000000,399141b0e808e2de645c52be9de0b26c,131600,131600,0,,,
2023-08-02T09:57:37.000000,3767d4c7a827422fccf61d45ae889669,131600,131600,0,,,
2023-01-24T22:02:12.000000,fe60a30401927cf7aa549796b4d88d14,91200,91200,0,,,
2023-04-01T13:20:04.000000,ada74c24559f9a8800694ea6e07f96c4,15920,15920,0,2023-03-23T09:49:20.000000,naver,9.15
2023-03-26T15:35:01.000000,048ca04c87e9e0d112172ff10930b323,131600,131600,0,,,
2022-12-29T13:42:52.000000,b900e7eae5cf33f995dd9eb6c394a440,79200,79200,0,,,
2023-12-02T01:23:02.000000,f6fed34324ac8b1ee7fc698823a36cdc,131600,131600,0,,,
2023-12-04T18:08:23.000000,0bc5c753649c6f7141f929830be7ca8c,131600,131600,0,,,
2023-01-24T23:26:54.000000,b2bb377b41dddba256dbe55ce0306087,91200,91200,0,,,
2023-12-19T21:41:26.000000,40e6fde4598866394863560ead8a9522,95520,93520,2000,,,
2023-04-10T23:20:03.000000,c0f5678df8967163e6e2c464ed006791,131600,131600,0,2023-03-20T14:08:46.000000,kakao,21.38
2022-12-28T21:28:37.000000,c8e9b2a5c4f4fc6cae7df67f91eda77c,79200,79200,0,,,
2023-07-14T13:34:27.000000,0c1dccbc4e0624eea3c9b3d3f25f9896,15920,15920,0,,,
2023-08-31T10:09:37.000000,88d81e93358c0d39f0dcc7f5e7dd320f,15920,15920,0,,,
2023-01-25T16:43:45.000000,f5252a2f65695acf6dd3a795052ea975,95200,95200,0,,,
2023-08-28T16:38:02.000000,d928297faf1f6fe02f950ac935380724,15920,15920,0,,,
2023-10-09T18:59:28.000000,93db31403a1e059c4372ac9e134116fb,15920,13532,2388,,,
2022-12-30T17:18:23.000000,ab6949410690c046a04b4f09241eff93,79200,79200,0,,,
2023-12-21T11:00:15.000000,40a5c3f9b04c61e5632eaef241f3ac2e,95520,95520,0,2023-07-20T00:39:34.000000,kakao,154.43
2023-08-08T19:23:10.000000,afd52892b1129e9a21d948242f032248,15920,15920,0,,,
2023-03-26T22:15:02.000000,4bb2043661b7ed80e805d7c4055a3819,131600,131600,0,,,
2023-02-22T20:45:02.000000,fadf78dc3fcada5ca07dca59e9054b67,131600,131600,0,,,
2022-12-30T07:56:56.000000,11065f223c6e1aa3baf723322d5b3490,79200,79200,0,,,
2023-01-10T20:09:06.000000,d0287313f3be542724d7c8abc2830c7e,83200,83200,0,,,
2023-12-09T12:28:23.000000,ab0e2a7e6561a408934cc03783cb8b16,15920,15920,0,2023-12-08T21:54:45.000000,kakao,0.61
2023-12-16T19:28:45.000000,c8da2d061f8e8e01fd63677fad89296a,95520,95520,0,,,
2023-10-14T19:12:19.000000,851b4f2848af48c1861399adf5797741,131600,131600,0,,,
2023-11-27T12:26:04.000000,750623843ef94cc8d08a3d5e56cb2dd9,15920,15920,0,,,
2022-09-19T11:15:02.000000,816882e8871f9f0f09b1e4030c9b287d,131600,131600,0,2022-09-12T10:44:09.000000,kakao,7.02
2023-11-21T17:48:22.000000,c7a66ae289952ef12a8e4155acd9fc2c,15920,15920,0,2023-11-21T15:31:36.000000,kakao,0.09
2023-09-06T12:33:33.000000,526e43ac21f80d076bde38fb6ef43121,15920,15920,0,2023-09-05T19:35:18.000000,kakao,0.71
2023-05-01T12:03:07.000000,5db4488744a5eb62c104a64bfa885152,131600,131600,0,2023-04-28T23:39:45.000000,kakao,2.52
2022-11-27T17:49:44.000000,6097a1a40c3a32ee6af796e32ff82a15,15920,3960,11960,,,
2023-10-29T17:19:01.000000,03d12827025821f178d55933d7c898f5,131600,131600,0,,,
2023-06-25T14:29:03.000000,e4fc632b847f4dbb9e9093f733b1a357,15920,15920,0,,,
2023-01-02T13:00:49.000000,a5e77e7eaf66c0e641bd34a6f84c3c1a,83200,83200,0,,,
2023-02-09T16:40:02.000000,6112b261163fb451ddcaa9437c94c34c,15920,15920,0,,,
2023-04-03T08:35:03.000000,a3c08b170e87dd21cd78dcc0efcead4e,15920,15920,0,,,
2023-01-24T21:06:11.000000,201d94cfae6b61a006b5f513663f9064,91200,91200,0,,,
2023-05-02T10:54:01.000000,a9fefa5b25dd272da6b666c18d204948,15920,15920,0,,,
2023-01-10T11:35:41.000000,e0bae81fe1eb7c3b3e863934577e2f21,83200,83200,0,2023-01-06T22:29:57.000000,kakao,3.55
2022-11-30T00:55:48.000000,8709eaa3cd958c90c1f8a096d2a302f0,15920,3960,11960,,,
2023-02-09T16:55:02.000000,cc7be5528ecdb5436b4f632227da61e9,15920,15920,0,,,
2022-12-20T22:03:31.000000,bbb0fa012eeb899d4d1c1ad112de86f7,79200,79200,0,,,
2023-11-27T20:37:39.000000,55730f53a9b86ca591767a6525780570,15920,15920,0,2023-10-21T13:25:37.000000,kakao,37.3
2023-12-22T14:50:57.000000,9734f56e9c42a2ec15cc23a898ee8f1e,95520,95520,0,,,
2023-01-05T10:55:30.000000,adce866579a9351388796635908d4596,83200,83200,0,,,
2022-10-04T22:30:01.000000,bec7a2c29df9dc87fd1022aafcf6a359,15920,15920,0,,,
2023-09-21T18:29:27.000000,09cc5b4e4cf81db499ed0f90fc3bbc99,131600,111860,19740,,,
2023-07-30T17:42:34.000000,29868f59f3515e7142877e8c8f2f5ade,15920,15920,0,,,
2023-10-08T15:45:48.000000,1326fd627401c1fcddf96a58ea7153d4,15920,13532,2388,,,
2023-04-01T23:25:02.000000,5aca05b1477ac27d25309d8aee3f74c5,15920,15920,0,2023-03-25T23:17:18.000000,kakao,7.01
2023-12-28T07:42:19.000000,6dfe8d1545496c30718e4985f66bc13a,95520,95520,0,2023-12-26T15:39:39.000000,google,1.67
2023-11-20T00:04:25.000000,b914d356dc532e11208a95f41bd3f815,131600,131600,0,,,
2023-02-24T23:45:02.000000,0b85d60810cb49d49e0b32ccfbe9627d,15920,15920,0,,,
2023-10-19T14:41:24.000000,64c02545e7200b188157b08dcd5a506d,15920,13532,2388,2023-10-06T23:09:29.000000,kakao,12.65
2023-01-30T18:58:42.000000,6b02b3413b743e17a38d938864c2568e,95200,95200,0,2023-01-30T14:51:34.000000,email,0.17
2023-02-22T01:28:08.000000,50177d3e4633d75d949a0a815f7c78dd,15920,15920,0,,,
2023-05-01T21:05:02.000000,ab08ba8bd1e1167b3dafa179c3c8805a,15920,15920,0,2023-04-24T20:45:30.000000,kakao,7.01
2023-08-10T22:13:44.000000,0b4468ae22a9e3cd503ffd679d260eb3,15920,15920,0,,,
2023-08-02T16:17:18.000000,3964117644d55e7ddab4eec165cfb0ad,131600,131600,0,,,
2022-10-06T13:55:01.000000,ca2d56eea53420a6dc30696f48852fd1,15920,15920,0,,,
2023-07-04T22:22:14.000000,1e016614110d0c9f80d7212d89e199b5,15920,15920,0,,,
2023-01-24T01:32:16.000000,4b8a81a908327cbfcb64decf3f146bbf,91200,91200,0,,,
2022-10-02T10:10:51.000000,41aa0116e4ddf9f13e4ccabd7f1f8040,15920,12736,3184,,,
2023-07-09T09:08:56.000000,2f5146ef39c78bd6c2b45345e0c4c7a3,131600,131600,0,,,
2023-01-20T00:13:11.000000,728de538ef4533008da8e781b52b8708,91200,91200,0,2023-01-18T23:18:09.000000,google,1.04
2023-07-29T17:41:16.000000,4fc086c51536d91ea585deb2961f8540,15920,15920,0,2023-07-29T17:32:55.000000,kakao,0.01
2022-12-05T12:28:02.000000,e75f37a4c53fd515e485782c0ef2198a,79200,79200,0,,,
2022-12-31T23:21:37.000000,d92efb6b6f3e64b855d47545c5a9b990,79200,79200,0,2022-12-31T06:19:53.000000,email,0.71
2022-12-05T20:20:03.000000,42ae549ad6966cc5e9d30dbd4eccbad0,79200,79200,0,,,
2023-04-03T19:30:01.000000,48695e7cb76d7eaf0e24bde1dd81fd64,131600,131600,0,2023-03-26T17:22:57.000000,naver,8.09
2023-01-30T13:47:47.000000,8d0173f65d500921a8449a20338bc4cd,95200,95200,0,,,
2023-06-25T21:54:34.000000,cfe684eeae57e4cc7037f498882a653e,15920,15920,0,,,
2023-04-29T10:20:03.000000,056442841ff694649c3f75ce9a233f57,15920,15920,0,,,
2022-12-30T18:35:58.000000,2d560d0a3bfc2ad2915638749cb4e48c,79200,79200,0,,,
2023-01-05T21:25:19.000000,5a0099deffc1e2def829590197c6f2c3,83200,83200,0,,,
2022-12-09T01:22:58.000000,9e93104a286755e72536779c9e94daa0,79200,79200,0,,,
2023-06-24T12:46:41.000000,89094042e5ba868b7016524a6e5b2a00,15920,15920,0,,,
2023-01-17T01:24:23.000000,8dd79fa0bdd9face808f8fa809e369fb,87200,87200,0,,,
2022-11-30T23:56:54.000000,38c2908f6c1a111ee7cecdedfa668841,15920,3960,11960,,,
2022-12-10T18:53:07.000000,48779b57ac3607fb32115d37a8fd16d4,79200,79200,0,,,
2023-08-18T21:39:51.000000,900cf42e103a2fa3cb9acdbf72db7bfb,15920,14328,1592,,,
2023-06-21T10:20:24.000000,1480f1b180ceb360d5d3e18495aa2d26,15920,15920,0,,,
2023-11-29T21:02:30.000000,42d2c8e6ebe9f406e33c6883dd102c8d,131600,131600,0,,,
2023-08-30T21:38:34.000000,538bf7fe1838c0773cbbc031de39b675,15920,15920,0,,,
2023-07-22T21:22:29.000000,81fdd6345094310b6081a6c102516a94,15920,15920,0,,,
2023-01-04T21:54:50.000000,e12af4f207b61c8e2599fb78219251d5,83200,83200,0,,,
2023-07-20T12:43:03.000000,ea96cbb23a03a3b137d37188f34ff9fe,15920,15920,0,,,
2022-11-30T23:25:04.000000,ccf088bdcdf80437880f475be4989b22,15920,3960,11960,2022-09-03T15:22:06.000000,kakao,88.34
2023-07-02T12:13:02.000000,ee5fa985aa5195dc393c6a382731f9bc,15920,15920,0,,,
2023-12-26T05:48:03.000000,ab255d26025450c94d9308ca2367d99b,95520,95520,0,,,
2023-02-13T10:30:03.000000,de4bd90c7b330ee18c6c4fb9137e9da3,131600,131600,0,,,
2023-09-05T23:46:39.000000,218f164250ff5950adea55db7c983382,15920,15920,0,,,
2023-11-27T14:41:15.000000,60e3b6cb53e35956560f400c081d8b8f,15920,15920,0,,,
2022-11-17T00:30:03.000000,2582144fb904eb8600e78c1aff2e2180,15920,15920,0,2022-11-10T00:15:39.000000,kakao,7.01
2022-12-26T14:24:57.000000,41f1e543cced94053571ac0d1400bd26,79200,79200,0,,,
2022-12-18T13:07:50.000000,1064336ee05d82fbea97b244abf0e6ea,79200,79200,0,,,
2022-11-28T13:45:55.000000,421a72916eef59c9ac090d2adde15ae4,15920,3960,11960,,,
2023-11-21T10:53:35.000000,7eb417115476be5f1ff8a57558a6dfa1,15920,13532,2388,2023-10-18T14:58:29.000000,kakao,33.83
2023-01-31T23:34:07.000000,4709e953b2860f2186de7741f3e6f076,95200,95200,0,,,
2023-06-09T17:48:25.000000,577640b431fd1ebe97c61c6f81831e41,15920,15920,0,,,
2023-07-22T21:14:08.000000,066de01def9e7eed7dd1013292d4a084,131600,118440,13160,,,
2023-08-08T23:36:46.000000,258ce1a838bfef15f959ce0aefdaaaf9,15920,15920,0,,,
2023-08-27T19:56:32.000000,b8ecc19e7931a43d26cc1a0f3cfb3435,131600,118440,13160,,,
2023-05-08T16:22:05.000000,f937fb08d7fab586f2722f6ae2fcb828,15920,15920,0,,,
2022-11-17T20:20:02.000000,5a5fd216d22d5a6ea4000735eb29f5fe,15920,15920,0,2022-11-10T14:28:57.000000,kakao,7.24
2023-01-10T15:44:30.000000,a1d32f871abb643c45d0b01214159c8c,83200,83200,0,,,
2022-11-30T21:46:11.000000,0296695ea9a2e62c2127c9a120bb3ff5,15920,3960,11960,,,
2023-10-15T12:08:16.000000,c0f0ffa766c417dc516517946f7fb9e5,131600,111860,19740,,,
2022-12-24T10:03:18.000000,7e8640aba7d255146ce775b04b5c4c87,79200,79200,0,,,
2023-03-31T21:10:02.000000,e749b9279e8b67d7b59ecf298c397a44,131600,131600,0,,,
2023-01-25T21:01:51.000000,38684a0d240983946654fd374c9bca1d,95200,95200,0,,,
2023-06-02T23:17:45.000000,4b5a6d889399062fe502b323bd6ad99e,15920,14328,1592,,,
2023-07-25T22:15:36.000000,e24d611813f033b1b48bc979b8da5a68,15920,15920,0,,,
2023-12-12T12:11:56.000000,3fef95b310c0735768150f61c3638cc6,95520,95520,0,,,
2022-12-30T23:57:46.000000,b0ac02c786e9af9f88e148f13e7f808e,79200,79200,0,,,
2023-01-08T13:20:22.000000,a97d4f779d79e62fffe2a575425e893d,83200,83200,0,,,
2022-12-20T19:06:41.000000,033aa2d4daf232589cf386204e54dfbc,79200,79200,0,2022-12-20T18:59:55.000000,kakao,0.0
2023-06-25T23:05:44.000000,b6c8dd5349c9108347cc28bfda0c5ff7,15920,15920,0,,,
2022-12-18T16:33:31.000000,55fe47a261f4a7e0d58e221d0d3ded1a,79200,79200,0,,,
2023-08-22T09:53:14.000000,ecb0612dfb7e69e4d14ccfd82b67b78f,131600,131600,0,,,
2022-12-13T00:04:18.000000,f7f5506eaafb0d1e24a05b400a9907a9,79200,79200,0,,,
2023-01-10T17:45:30.000000,ced863cb6330e8d9c939441b5bce9a32,83200,83200,0,,,
2022-12-12T15:33:25.000000,ba7fb8e8aa08d0d4acac1cdb49648d1e,79200,79200,0,,,
2023-06-19T20:28:04.000000,a88611252149ef3b8bfa7cf4dd23e13a,15920,14328,1592,,,
2023-11-26T21:02:19.000000,7e754a1fbc28245b3bf3e67e4f43f931,15920,15920,0,,,
2022-12-05T08:53:59.000000,cdbeaf91ec21c9eb88b107a9f35c8fd7,79200,79200,0,2022-11-01T12:58:28.000000,email,33.83
2023-06-13T03:36:35.000000,1f7382d9c8562c7cb887f85947647389,15920,15920,0,,,
2022-12-31T11:38:44.000000,89626095911f2b7c5daee090b4774284,79200,79200,0,,,
2022-09-08T11:35:01.000000,ffe13db0ad3751c9be06a73aa38bc9fc,15920,15920,0,2022-09-01T11:26:52.000000,kakao,7.01
2022-12-03T19:03:37.000000,be3ddb73dafead8370398a5a0afe0136,79200,79200,0,,,
2023-07-02T18:02:26.000000,313e63a2763bfd9a578fd97701b82874,15920,15920,0,,,
2022-12-31T21:46:40.000000,b0329646d15b23728be334c54ef42238,79200,79200,0,,,
2023-03-23T11:45:02.000000,ac10bbcce8f2d03d4d7bad40464c5882,15920,15920,0,,,
2023-01-13T16:16:31.000000,4b2e2c7f111a3b0dfc7ebde6b54239f6,87200,87200,0,,,
2023-01-27T11:54:24.000000,52b230d5b426d28b5857caf4e8870e01,95200,95200,0,,,
2022-12-29T06:28:13.000000,d11b7f8d36e17a83bf23aa3489dcb901,79200,79200,0,,,
2022-11-21T09:17:11.000000,6fd06b1662245f14c43e444ed7c4aa6d,15920,3960,11960,2022-11-04T14:05:19.000000,kakao,16.8
2023-12-30T09:47:12.000000,f5fa11c534bb44549fe241216c303271,95520,95520,0,,,
2023-05-08T17:47:49.000000,2dff8489aff8c559580385eef9ea51cd,131600,131600,0,,,
2023-04-17T16:05:03.000000,da1f322fcfaf8966f0cd8b9494ee33a2,15920,15920,0,,,
2023-07-25T09:39:52.000000,9cba9a5b66a0ae6f7ecc061dd8e16025,15920,15920,0,,,
2023-08-06T20:20:25.000000,93abd8c407f805249708e8d44126d315,131600,131600,0,,,
2023-07-23T19:50:35.000000,2a7f6e9d52502919973f53ccfc038f53,15920,15920,0,,,
2022-09-14T21:40:02.000000,37d121e184c70c75592935f59da33687,15920,15920,0,2022-09-02T22:33:06.000000,naver,11.96
2022-11-19T14:43:47.000000,9832380cbd7bcf28d4a727afce724ff8,15920,3960,11960,,,
2023-07-10T22:52:12.000000,5f726442e7767524273cf6beefcf4740,15920,15920,0,2023-07-09T22:35:34.000000,google,1.01
2022-12-21T12:46:00.000000,cd08765e9f2486f6e6a782c03efbb08b,79200,79200,0,,,
2022-09-04T20:10:02.000000,72984766905e21e76f179db7a3a14369,131600,131600,0,,,
2023-01-10T16:25:27.000000,e1f2b6d5b222223bb536db4e3fa552b6,83200,83200,0,,,
2023-02-24T15:56:18.000000,ae8df4979ae5f02e446c4a12d7d9a955,15920,15920,0,,,
2023-01-09T15:56:49.000000,0ab8412933e3a5fb8af6b690b195da35,83200,83200,0,,,
2023-01-17T22:09:07.000000,9fdbe4a83cbea2c3c55210f83b5a5f9c,87200,87200,0,,,
2022-09-04T21:45:02.000000,cb4f5b943f6ff81454ff5b914b35260b,15920,15920,0,,,
2023-03-20T20:05:02.000000,1d5b8bc5b3a1bc526935be28be19dcb7,15920,15920,0,2023-01-31T12:19:18.000000,kakao,48.32
2023-04-05T22:05:01.000000,e1b50e82e0e30747b4195a5d5aede190,15920,15920,0,,,
2023-06-17T22:25:59.000000,c484988e4b74a13ea8ea47ffc2895518,15920,15920,0,,,
2022-12-28T22:20:13.000000,ec6ba07c50229e40960d0c9724f99cbe,79200,79200,0,,,
2023-01-06T15:56:45.000000,0faf789a71a4174ee491588fb623497e,83200,83200,0,,,
2022-11-30T13:05:24.000000,78e421d533977352b022b0c4414982a6,15920,3960,11960,,,
2022-12-17T12:57:44.000000,342f86eed4b1d7242794c98b7bd2c137,79200,79200,0,,,
2023-06-30T17:14:55.000000,6204d440e1e0c023955665ac46ec7b87,15920,15920,0,,,
2023-04-10T20:30:04.000000,ac697a180d81c6837c91b9ca5681d4b7,15920,15920,0,,,
2022-12-20T17:55:26.000000,68a9b377f4649513c4d0513453e21923,79200,79200,0,,,
2022-12-27T17:32:16.000000,945b213d6f8f58961897bbdf74c094d9,79200,79200,0,,,
2023-12-26T22:56:28.000000,57ccaec293dd573fcd8d7697919719a6,95520,95520,0,,,
2023-11-15T15:48:32.000000,7bc10fc699ea255b002c2206636b7cfe,15920,15920,0,,,
2022-12-31T22:48:32.000000,477e4480f871b22b0ac4d0a1559bf4c6,79200,79200,0,,,
2023-11-18T19:11:25.000000,e5a47d590da83734234b80c3c4119b6f,15920,15920,0,,,
2023-11-13T08:24:43.000000,7cc2e5862563d6fc4690bf97a61e2c83,15920,15920,0,2023-11-13T08:22:17.000000,kakao,0.0
2023-06-29T23:13:41.000000,5c8bcf9f48106d489f67716e1fd45520,15920,15920,0,,,
2023-06-25T23:50:46.000000,eb40c91d5da8f47a57d8bf717258e833,15920,15920,0,,,
2023-01-18T15:45:35.000000,68ef7072f39f6d46842e6ce00520f8ee,91200,91200,0,,,
2022-11-30T17:57:05.000000,e69f4da9bf451b722f09fa45a4fab511,15920,3960,11960,,,
2022-10-19T16:40:01.000000,ab8359c47fe54c567fa20fafe16a6629,15920,15920,0,,,
2022-12-18T00:30:39.000000,9214373b82df3a39fe2fa21b343da1a3,79200,79200,0,2022-12-18T00:28:45.000000,kakao,0.0
2022-12-31T01:31:20.000000,4d1d02b9986b3351c060d2d327109621,79200,79200,0,,,
2023-08-14T05:23:58.000000,98310432465eabb89457229d9025ebe8,15920,15920,0,,,
2023-12-23T18:37:40.000000,e69083e172d1494c8a5307091b931218,95520,95520,0,,,
2023-09-07T09:22:25.000000,a65e80cdf321ebc3caa7a25e673fe5af,15920,15920,0,,,
2023-08-12T09:06:25.000000,954af21f8cb361aca97791fe5e4aacf5,15920,15920,0,,,
2023-07-29T16:10:16.000000,aa570bb0511e13e12af1bd4a5a8f67c4,15920,15920,0,,,
2023-03-28T21:30:02.000000,56677192c38a60520f1e82f035ae1cce,131600,131600,0,,,
2022-12-28T17:48:12.000000,44d42e1980b197e90e4e943f900d1dea,79200,79200,0,2022-12-27T18:01:06.000000,naver,0.99
2022-12-25T10:59:28.000000,eb4d04e7e32fae8afb70b2bfdb5a8bcb,79200,79200,0,,,
2022-11-29T21:40:51.000000,fcd5a223418b5fc8aa86b47faa271bec,15920,3960,11960,2022-11-29T21:35:47.000000,email,0.0
2023-07-21T16:30:55.000000,9450901ef107f52e332f52ba82ee8a58,15920,15920,0,,,
2022-11-01T14:56:23.000000,9c0b0a22552a7b6701137bd0d67dc049,42960,42960,0,,,
2023-04-11T08:25:03.000000,096a9e35a84b0c7ff1a591885d13cca8,15920,15920,0,,,
2023-12-31T20:17:52.000000,7079785832f489a60be4583d4858a88d,95520,95520,0,,,
2023-11-23T15:42:50.000000,3400d5b06eee408037882814eca98acb,15920,15920,0,,,
2023-01-27T16:22:07.000000,835648012945728e7ca76f49664e02fc,95200,95200,0,,,
2023-05-31T22:06:29.000000,8e27af685f9749892280c9f09a4f9c58,131600,131600,0,,,
2023-10-09T13:58:11.000000,81f3b3ae6d841d279a7173fd6b76ba95,15920,15920,0,,,
2023-07-18T20:29:13.000000,5c71c4d9299f1a8f4c93c9d68c0e6500,15920,15920,0,,,
2022-12-20T09:02:36.000000,81871470b2cb8c069d3b9ec9880b5621,79200,79200,0,,,
2023-01-01T16:25:06.000000,eb61df8e9c33fa1186e6016bb3c41cb9,83200,83200,0,,,
2022-11-23T00:06:23.000000,893b6a2ed803ab967519ca82791f64b6,15920,3960,11960,2022-11-23T00:04:28.000000,kakao,0.0
2023-09-03T10:10:09.000000,aeadc518fa5e28d1abad7f3da9ca4720,15920,15920,0,2023-09-03T08:34:33.000000,google,0.07
2023-07-16T21:30:28.000000,2482e6a7fa12788134e83fb809f581c8,131600,131600,0,,,
2022-11-14T21:33:40.000000,e118ad0c0cee0082b48e06c165ddce0c,15920,3960,11960,,,
2023-12-31T22:57:32.000000,26424eff46aff693015b314fb9f480ec,95520,95520,0,2023-03-05T22:37:50.000000,email,301.01
2023-11-21T23:33:46.000000,8bbf20906479149f845724577a58b3ec,131600,111860,19740,,,
2022-12-26T22:54:50.000000,df9fd27f09df2d0113f57e19c353fa05,79200,79200,0,,,
2023-01-17T12:44:26.000000,f6beca478fe7c12d2c07947e3f69aad5,87200,87200,0,,,
2023-04-16T13:00:02.000000,ac72badd306aba411cfc1d1604026765,15920,15920,0,,,
2023-06-23T23:51:29.000000,fdb94bf793624f13454e6dfa9ddb5658,15920,15920,0,,,
2023-01-08T12:16:21.000000,24f3f35d177424821028f3ce7abb0065,83200,83200,0,,,
2022-12-31T15:09:37.000000,9b5f990df86b0a7ee5044eb0a58993cf,79200,79200,0,,,
2022-09-25T12:10:02.000000,d24289b2c1f65f16a945010121b8c544,131600,131600,0,,,
2023-08-25T11:09:11.000000,254187b6a8d209ac537f3cc15cf716cf,131600,131600,0,,,
2023-12-15T16:52:00.000000,90f132d5cada9d0a92e5d77c4781708e,95520,95520,0,,,
2023-07-17T20:29:58.000000,6dcce751871070d90a44e006289c6e6d,15920,14328,1592,,,
2023-07-16T02:24:58.000000,29854ae686fee7d82e461930d7f06bd6,15920,15920,0,,,
2023-06-10T19:42:35.000000,cf6ebe28536b02c55ae3db39da3681a6,15920,14328,1592,,,
2023-10-17T09:05:32.000000,638c939bfb78d9e751740b2b06623d10,131600,111860,19740,2023-10-13T19:46:29.000000,email,3.55
2023-01-17T23:19:00.000000,d82db5ad2053f3bd28386dec4a75aa1e,87200,87200,0,,,
2022-12-23T09:35:37.000000,7d8da013092df9caba42f91d7850b202,79200,79200,0,,,
2023-07-20T19:02:52.000000,23196496dd8266015b2498b53a48534f,15920,15920,0,,,
2023-05-04T14:50:50.000000,d14e96386c235615e9c2f45eb80e5900,118440,118440,0,,,
2023-12-31T13:40:42.000000,51a1e2443247696e3cca58336e28ccc9,95520,95520,0,,,
2023-12-28T23:10:52.000000,3eae8cc8a4940a01d438c610c2870416,95520,95520,0,,,
2023-01-17T11:23:35.000000,7fea734f10cd144b20aba3cc215b1436,87200,87200,0,,,
2023-06-13T16:56:41.000000,983e211b442526c6fd6352ae54727361,15920,15920,0,,,
2022-11-30T02:18:04.000000,e466a566ead763e23b1158973a7d0e6f,15920,3960,11960,2022-11-30T02:16:37.000000,kakao,0.0
2023-07-23T18:48:23.000000,77ea5b4a017ad2c3f601b6b642769222,15920,15920,0,,,
2023-01-09T15:43:06.000000,f4ee48bf8ec59225e21b744989ed0cc0,83200,83200,0,,,
2023-08-28T19:53:26.000000,f71853b588d515ead95472d854d70790,15920,15920,0,,,
2023-11-13T15:23:12.000000,7fe2e123d5fc8a58c76d93fcdb878056,15920,15920,0,2023-11-10T15:02:08.000000,kakao,3.01
2023-11-21T08:08:03.000000,2f6c4f067a1a886780b87af57c063ea6,15920,13532,2388,2023-11-17T13:49:06.000000,google,3.76
2023-07-26T19:22:03.000000,d972c0064ff5c61da66703b4098ac784,15920,15920,0,,,
2023-06-08T11:27:11.000000,e8a88adfedca5db9216799b75a986025,15920,15920,0,,,
2022-10-21T14:00:02.000000,8c5a6306d6ae6b35e2f0c1607d1b3a39,42960,42960,0,2022-09-06T08:23:15.000000,email,45.23
2023-03-27T22:45:02.000000,2a4799c58c60575f7f241062756a3b5b,131600,131600,0,,,
2022-11-30T12:22:40.000000,c058fe8295dcfded09a37a6b9fc67e08,15920,3960,11960,,,
2022-11-10T20:35:02.000000,569c27d726d89288bfd9cfd9384dfd30,131600,131600,0,2022-11-03T20:16:46.000000,kakao,7.01
2023-01-24T14:05:26.000000,92d288a428de15e2f0f608459004be14,91200,91200,0,2023-01-23T04:32:37.000000,kakao,1.4
2022-12-27T21:08:28.000000,39faa7eb7356311b5056a4c7ca7197bf,79200,79200,0,,,
2023-03-28T00:05:02.000000,40d11514d6e37a82c7aec6ddec02a1b1,15920,15920,0,,,
2022-12-31T20:31:52.000000,0d7a647fc66f819e295d4944c0f60d42,79200,79200,0,2022-12-25T11:45:52.000000,email,6.37
2023-04-29T12:55:02.000000,4724507cce09b7a6dda672213aef1f8c,131600,131600,0,,,
2023-03-21T11:18:29.000000,46e93f192595d8ff7fbc2d4334c7dd70,15920,15920,0,,,
2023-10-27T20:44:42.000000,0bd6a51dd31905f4a98a9e542ee4ed49,15920,15920,0,2023-10-15T13:15:32.000000,kakao,12.31
2023-12-23T12:41:13.000000,d6c3bc0140fdc2ad4da34c7d4f8fde19,95520,95520,0,2023-12-17T13:41:55.000000,naver,5.96
2023-01-10T18:54:16.000000,9e6293ff84568bb89fe36c2264c6f3fb,83200,83200,0,,,
2023-01-08T18:15:39.000000,d29d8d09159abf3eb49804a2d9e224ff,83200,83200,0,,,
2023-01-08T18:56:47.000000,044f278f5d0fdcb21e1604469138efb2,83200,83200,0,,,
2023-06-25T22:36:44.000000,1d984d29d868d7d96e60ca2c96789af7,15920,15920,0,2023-06-15T15:50:17.000000,kakao,10.28
2023-11-29T12:47:40.000000,0b6400715130b2a1de659e364d98fc4c,15920,15920,0,,,
2023-08-31T03:03:25.000000,63518a68900f95baa9d76fb444a4e183,131600,111860,19740,2023-07-28T22:58:46.000000,email,33.17
2023-06-16T19:32:55.000000,0ee61dcad9ef19dd556664b301d23575,131600,118440,13160,,,
2023-11-27T13:36:39.000000,fcb731f4ba97fce758b72d9a6f3692a2,131600,131600,0,,,
2023-01-08T15:08:20.000000,53f53a6f35a106639a2c20a53c56877c,83200,83200,0,2023-01-06T10:31:13.000000,kakao,2.19
2023-06-29T13:37:15.000000,3e96b7fec6c922629b7f1c4d7e0b77d5,15920,15920,0,,,
2023-12-31T18:20:37.000000,3139c33150b176366c99712a848734c8,95520,95520,0,,,
2023-11-06T18:42:53.000000,9fc261c70d67c35d3eadca806c5c035a,15920,15920,0,,,
2023-04-22T10:00:02.000000,0e5c9adcb97cb72602daa3fe0a68c4c6,15920,15920,0,,,
2023-06-23T02:33:23.000000,8c1f69a32fb3a4050d0272081c51a91b,15920,15920,0,,,
2022-12-22T23:11:35.000000,2ce81d5991b618a36857c5ee01462776,79200,79200,0,,,
2022-12-20T22:47:13.000000,508023b34654ca6b261bbe4fb56e1e3b,79200,79200,0,,,
2022-12-15T22:39:25.000000,38f3bfb5d2199b7508e61b89ee6e6d57,79200,79200,0,,,
2022-11-30T22:12:59.000000,63b033e79bafc057da4c8121821eafaa,15920,3960,11960,,,
2023-12-30T12:58:22.000000,c1971084bae4306185be8d4e88d34018,95520,95520,0,2023-12-21T09:26:40.000000,kakao,9.15
2023-06-15T22:38:00.000000,7d2713c9bc9858f4be588bb48c767249,15920,15920,0,,,
2023-07-16T11:50:55.000000,d48a04e03de9d8f5cc210936c8bd6517,15920,15920,0,,,
2023-12-31T19:33:05.000000,01fb1a4c489019b67bc2b08253c9ef86,95520,95520,0,,,
2022-10-02T13:20:03.000000,5d6d35c58073186d188dd3285b5be4e4,15920,15920,0,2022-09-25T13:14:56.000000,email,7.0
2023-07-28T13:37:28.000000,132eb7735fff589b4f8b83c87101b6bb,15920,15920,0,,,
2023-07-31T11:20:44.000000,77fe8281092716b2ddb15d4181e16ae6,15920,15920,0,2023-07-31T11:18:21.000000,kakao,0.0
2022-12-29T11:36:13.000000,142723e438e152a3a2f60ff288d1c535,79200,79200,0,,,
2023-09-12T10:36:32.000000,6f1097113dcd4c5e86f107298dbc0d26,15920,15920,0,,,
2023-11-04T03:23:33.000000,aa1af250e52dbb3092408e4ba42a81d7,15920,13532,2388,2023-09-02T08:43:10.000000,kakao,62.78
2023-12-16T17:17:39.000000,cd40549bfc8ec3afefe5a12fe0a532ce,95520,95520,0,,,
2023-08-24T14:47:21.000000,8fa677806936fce4751eda4ce34544ad,15920,15920,0,,,
2023-08-04T18:57:11.000000,09222ea1498285570fc10f68481ef1d3,15920,15920,0,,,
2023-08-28T11:55:31.000000,ea0c36e6b6464ca06204916b89b10c19,15920,15920,0,2023-01-13T18:17:39.000000,email,226.73
2023-06-23T20:13:16.000000,e9efb44c62f514ae93221dc9d92935f9,15920,15920,0,,,
2022-12-23T13:59:44.000000,cffccb6957cc4dc9434e3c25c49dec04,79200,79200,0,,,
2023-01-10T21:31:38.000000,89039e0a0f3760ebb2ed77c90c8df7d7,83200,83200,0,,,
2023-01-28T13:39:55.000000,7c612c634f4e782445f12131e905d50e,95200,95200,0,,,
2023-11-20T01:52:55.000000,bed8084e7325d1e71bcbb4424bf4378d,15920,15920,0,,,
2023-03-23T19:35:02.000000,32080906eab70a07cf68e32ad8fc842b,131600,131600,0,,,
2023-11-07T23:10:08.000000,72ae2cba7acfefcadb8a23d0c27de6b0,15920,13532,2388,,,
2023-10-06T20:54:45.000000,a28a5847f7cd2602c9088a9b02c7b475,15920,15920,0,,,
2023-03-25T23:15:02.000000,03750f5b18258b5447bb77b67efacbd0,15920,15920,0,,,
2023-01-04T17:32:06.000000,a174ff322112e04d04ea0567639afe09,83200,83200,0,,,
2022-12-11T11:39:48.000000,fd1a55eb971acd6a42552f948e4dd30e,79200,79200,0,2022-12-11T09:42:29.000000,kakao,0.08
2022-11-30T19:19:12.000000,94f915e89f9ff0f3f234f1e643f68a17,15920,3960,11960,,,
2023-09-09T19:10:13.000000,d0c57836c9543ce703466628fb757e33,15920,15920,0,,,
2023-01-24T21:34:22.000000,f4b24ecdca255c4e308e86acac52c860,91200,91200,0,,,
2023-07-31T16:03:57.000000,d82a1691de8ec7af138752391e2b205b,131600,131600,0,,,
2023-11-06T17:22:08.000000,ad1f3ed002241758e4c03594a3e1017c,15920,15920,0,,,
2023-03-22T16:59:16.000000,46f1829db7d8ff0a861dced7442d7f52,15920,15920,0,,,
2022-11-23T09:19:52.000000,3d2e0029b9d0387d71859bc266b27e87,15920,3960,11960,,,
2022-12-21T17:23:26.000000,9003777ce0bf998b58cba4efc83d08b7,79200,79200,0,2022-12-21T17:22:10.000000,kakao,0.0
2023-09-06T13:24:20.000000,8891e7f6bd5f7b7fd8c15a8d3548dc7e,15920,15920,0,,,
2023-01-26T15:23:50.000000,51b09baf0c9f14e355ce58ab920525e4,95200,95200,0,,,
2023-09-05T00:01:49.000000,4ef4df1473887a68d4d8ef4dc0b8c11d,15920,15920,0,,,
2023-12-25T21:54:45.000000,9376d852aa3d216f0f206af3c2c31382,95520,95520,0,2023-06-27T08:13:24.000000,email,181.57
2023-11-20T20:03:50.000000,c9f7b45202fc107a2401a83f22bc66de,131600,131600,0,,,
2023-06-25T22:31:20.000000,7b5e3a0e07c3b8ecf4717dae12ef5e76,15920,15920,0,2023-06-25T22:22:34.000000,kakao,0.01
2023-12-16T15:49:14.000000,d7c0a4b9a577b074f91c46d60e356234,95520,95520,0,,,
2023-09-19T20:40:45.000000,5d7a598204d41fe963febead2f7a818a,15920,15920,0,2023-09-19T20:28:50.000000,kakao,0.01
2023-04-12T15:50:02.000000,0d56e092a171342d8d8b0bedb6fa346e,131600,131600,0,,,
2023-04-16T16:20:03.000000,1d3d6b01cc563efc55f07510fb2edd39,131600,131600,0,,,
2023-01-14T02:19:02.000000,24102bc5428dc2911d2dae4682e907f7,87200,87200,0,,,
2023-12-07T21:00:37.000000,7280663494a2eea5dbe871feaa0b16f0,131600,118440,13160,,,
2023-12-03T14:52:34.000000,3fc644662cbd401023d589974b5ab426,15920,15920,0,,,
2023-12-26T20:08:45.000000,269e0b6e690ef8ec0f8745925970d0f1,95520,95520,0,,,
2023-12-19T19:40:52.000000,71094b369f825279c571620409887127,95520,95520,0,,,
2023-07-16T17:52:26.000000,4856c895102a56a726c40c8c025fb781,15920,15920,0,,,
2023-07-22T21:16:58.000000,12f341649c1e9d2f0ea4b3a2aa4c5df1,15920,15920,0,,,
2023-01-05T11:17:05.000000,35c4348521a78af3341e8cb0775e90d0,83200,83200,0,2022-11-01T12:46:55.000000,kakao,64.94
2022-11-29T22:10:26.000000,e5143dcb73b786063f3aed5f4a33110e,15920,3960,11960,,,
2022-11-20T04:13:21.000000,63562eb8641858b034ff4929c9fcf8d7,15920,3960,11960,,,
2023-12-11T23:25:51.000000,a778affa6c541ea46adc612800580b36,95520,95520,0,,,
2023-08-05T20:02:27.000000,9736b22303514dd5efa8d703521ef801,15920,15920,0,,,
2022-12-30T18:37:17.000000,05db1b5d1c1972794e8d882589d1cf5b,79200,79200,0,2022-12-30T18:35:10.000000,naver,0.0
2023-05-20T15:35:50.000000,58abdb64089c8c78c9b7815208387bb1,15920,15920,0,2023-05-20T08:14:48.000000,kakao,0.31
2022-11-30T15:37:42.000000,eb0ba3cfd2125a21cc3fa38e57128486,131600,131600,0,2022-11-30T15:24:17.000000,email,0.01
2023-12-25T14:29:53.000000,ca35ed617f3738dba0c4a986a6653a6d,95520,95520,0,,,
2023-04-18T19:05:02.000000,5aafe090d641abda1c0910f9ca7f9ae6,15920,15920,0,,,
2023-07-18T00:01:46.000000,a3251335980bf0efcf868964dfb7d281,15920,15920,0,2023-07-17T23:35:41.000000,naver,0.02
2023-06-16T11:41:05.000000,1cc4220b5909eeeb457af6fe4be352c1,131600,131600,0,2022-10-02T01:24:34.000000,kakao,257.43
2022-12-31T15:00:22.000000,486d9ff019509b8f8df32d63f1074448,79200,79200,0,,,
2023-12-30T15:21:27.000000,7fd77ac657f95f0b9a07e08bf7f03a7d,95520,95520,0,,,
2023-04-03T11:45:03.000000,a62312852c82fc247324a0513802c628,15920,15920,0,2023-03-27T11:41:21.000000,kakao,7.0
2023-12-31T19:23:28.000000,830a27b4f9408e0ba0e9855afc88af85,95520,95520,0,2023-07-14T18:06:24.000000,kakao,170.05
2023-03-17T22:15:02.000000,c340ba4af1f4208e45c024c5c5019717,131600,131600,0,,,
2023-05-08T18:36:44.000000,6d8bb0d4d7bde9c87e4f62e6ea4001f0,15920,15920,0,2023-05-08T13:45:19.000000,kakao,0.2
2023-12-18T11:39:40.000000,45e14dee889a884a7582ddf73c4f61c2,95520,95520,0,,,
2023-05-13T19:14:03.000000,f143f1bd5bb0a80e3d31dd5024ad8743,15920,15920,0,,,
2022-12-09T20:27:38.000000,42cc94215ac13a6cdbd31806fe3281c1,79200,79200,0,,,
2022-11-29T01:22:24.000000,a1de80d254e7e12814e7c89acf6763ec,15920,3960,11960,,,
2022-11-28T12:39:12.000000,6966b15292d89349c178bc306ed17815,15920,3960,11960,,,
2022-11-26T01:57:22.000000,5ccc1c5f8b268e8827c05ce760438ee7,15920,3960,11960,2022-11-08T20:32:09.000000,kakao,17.23
2022-12-19T22:13:08.000000,fdd854ade5dbeb6e0f19d26dc53ab423,79200,79200,0,,,
2023-11-19T21:54:24.000000,1b80d8ca599867cdc2cdcd0c0be8b861,131600,131600,0,,,
2023-01-16T19:25:43.000000,6029e903d1c63593a675e9e42eea7d89,87200,87200,0,,,
2023-06-07T19:31:43.000000,eb5ab0e0ccd27f941598857e345b3a0e,15920,15920,0,,,
2023-01-15T19:13:25.000000,9711f6d92d1e7deeae925c5a131506f0,87200,87200,0,,,
2022-12-20T13:47:54.000000,6f312ab4ec689f57d7ed98f4e31dbcfc,79200,79200,0,,,
2023-12-11T00:06:35.000000,6177a815f661474afafd08c2d029d5c5,95520,95520,0,,,
2023-11-06T21:43:46.000000,695768b402a7ceca6261be2f91f9255e,15920,15920,0,2023-10-23T23:26:26.000000,email,13.93
2023-07-31T23:03:56.000000,690ba4576bc3e61d58e0bc92a9dcb087,15920,15920,0,,,
2023-01-13T17:35:15.000000,9ad5ef0e2eb7ba675957d815efde96ff,87200,87200,0,,,
2023-09-08T13:42:47.000000,dd6e6e90bdc0b82953b3b45102b1b477,15920,15920,0,,,
2023-12-24T10:20:16.000000,dd18296ecc7e724021d4bc2b8ae12a19,95520,95520,0,,,
2023-04-10T22:45:02.000000,d381dc4fdffe281884ecae2a93864171,15920,15920,0,,,
2023-05-21T11:31:40.000000,0d497da51b3f7c1aa23bd65d2c67c224,15920,15920,0,,,
2023-10-29T17:49:45.000000,6aa1a01f73d4c35e6e33df3c33777a91,131600,131600,0,,,
2023-01-17T16:33:03.000000,422b2db8a2dbd11ed7ba1b04a449a5a2,87200,87200,0,,,
2023-07-18T01:49:13.000000,10d05e80b6b6403fcf6f98732afe2693,15920,15920,0,,,
2023-08-16T18:58:44.000000,4588408f9d8fb43bc669fe07b05abc9d,15920,15920,0,,,
2023-05-12T23:56:35.000000,c728d41321b97edf05a594d4bf20ef28,131600,131600,0,,,
2023-07-01T20:55:56.000000,c325b0516f60aae786c90a5af623dea6,15920,14328,1592,,,
2023-11-18T21:53:48.000000,28c4471bc4a6edb35f6adbc24e0e2036,131600,111860,19740,2023-11-16T19:25:04.000000,email,2.1
2023-08-19T12:42:57.000000,4bbc7a8a26c4b0d5b69c08cced08db1c,15920,15920,0,2023-07-29T13:00:02.000000,kakao,20.99
2023-12-30T21:37:26.000000,66c3c1c497e82e963affb66d55efd87f,95520,95520,0,,,
2022-12-09T16:06:03.000000,4baf471bfa7b966e064d64821aa44f4b,79200,79200,0,,,
2023-12-06T16:45:52.000000,16e2aaf02cdb4536878c22214c98efb5,15920,15920,0,2023-12-03T07:19:45.000000,kakao,3.39
2023-08-29T23:15:48.000000,698e3d8ae36568eb1d4898b0ee3b2353,15920,15920,0,,,
2023-01-11T13:27:27.000000,4d169d9094f8c90211f1d704db83fe8d,87200,87200,0,,,
2023-01-26T22:16:30.000000,9e73dce4f918b71f2ae7c4066b1be22e,95200,95200,0,,,
2023-04-25T19:10:02.000000,bf13b4da746d753875c2f80e03b59e77,15920,15920,0,,,
2022-09-12T06:37:25.000000,83396f1ba7ed74e0ab1abb83b4aea464,131600,131600,0,,,
2022-11-25T23:37:30.000000,271b33df86d9e80450a1b42dd624c9c4,15920,3960,11960,,,
2023-06-13T20:52:05.000000,0c94a92bde9e62b161b0c5a0172e21c1,15920,15920,0,,,
2023-11-20T20:22:00.000000,49636bf994f341201e63323112c6a5f3,15920,15920,0,2023-11-20T20:15:15.000000,naver,0.0
2023-08-17T15:35:59.000000,68826a227f2fc7062bc37e973de26413,15920,15920,0,,,
2023-04-06T09:15:02.000000,fb786f80eb6228a394b63d8717fae46d,131600,131600,0,,,
2023-01-31T21:37:16.000000,69d9fa50f4967a19f01bc22471172c4f,95200,95200,0,,,
2023-12-24T14:40:15.000000,e878163856cdac57985dae65831aa0fe,95520,95520,0,,,
2023-01-08T15:53:42.000000,fcf74644c716e68dbec574878ea47bdd,83200,83200,0,,,
2023-12-25T07:08:19.000000,5d8d810547a132fbbd46aa2e55862ac1,95520,95520,0,,,
2023-08-29T11:39:12.000000,6b0844f770aa9d53710421cf235a08fa,15920,15920,0,,,
2022-12-23T17:09:18.000000,2c7aa73840fcee1c5692300969c5839a,79200,79200,0,,,
2022-09-08T16:15:02.000000,19e512a7f43998e40ef164887b5a55bc,42960,42960,0,,,
2022-11-18T00:18:31.000000,6005973ceb935d30a476c9425dd73f61,15920,3960,11960,,,
2022-11-30T16:47:26.000000,1405499a2a5259310b96906c3334bf06,15920,3960,11960,2022-11-30T16:43:03.000000,google,0.0
2023-10-04T19:29:27.000000,066b2d8e514c5700bae25f4ed00d9f15,15920,15920,0,,,
2023-02-19T21:00:02.000000,76dd37d8c067a327e930769c764a03a8,15920,15920,0,,,
2023-12-04T14:55:05.000000,5a9a521f909efae1d263edb18317d192,131600,131600,0,,,
2023-12-30T10:19:12.000000,72ce3d4fd838da5b5289030a11c395ff,95520,95520,0,2023-12-27T09:08:23.000000,kakao,3.05
2023-06-17T19:14:41.000000,ab2b896e17ce6841b25be4eae8f14a0a,15920,15920,0,,,
2023-01-05T14:02:38.000000,cf127ee5f0685a455a5bf7cf07241241,83200,83200,0,,,
2022-11-18T06:11:19.000000,ab0280d96a396d1f3079a1ad91e83138,15920,3960,11960,2022-11-18T06:10:29.000000,kakao,0.0
2022-11-17T00:55:02.000000,2224ca341fc08e5603c82c0f63d75b70,131600,78960,52640,2022-11-09T12:15:28.000000,naver,7.53
2023-01-21T05:37:59.000000,569ee31a45586bf542706ac86d3453d2,91200,91200,0,2023-01-20T06:11:32.000000,kakao,0.98
2022-11-27T03:10:58.000000,cc34ed08b23540c2391b9ed2c8536730,15920,3960,11960,2022-11-27T03:09:30.000000,google,0.0
2022-12-07T22:35:09.000000,16b1336bac171e8b2d0a3b096db3747a,79200,79200,0,,,
2023-09-03T14:50:19.000000,8c1bf896c3a1b84b10c2ea1f206a3e6a,15920,13532,2388,,,
2022-11-30T22:17:33.000000,389995c8433509434a4e0b9ae6ad0d08,15920,3960,11960,2022-11-30T22:15:50.000000,kakao,0.0
2023-01-10T23:08:37.000000,ccc5b57e542c6246f7363dbba9e53400,83200,83200,0,2023-01-10T22:58:31.000000,kakao,0.01
2023-08-28T11:40:04.000000,cc932c50ffaf0aef5ee52437f5d3ff25,15920,15920,0,,,
2023-07-06T22:51:48.000000,e84ee17596fd65a6d3dab16d73135193,15920,15920,0,2023-07-06T19:21:39.000000,naver,0.15
2022-11-22T18:49:09.000000,43aa9be7f46da1d966a65ae0f7731a72,15920,3960,11960,,,
2023-07-03T06:19:57.000000,4a306c6277c2ffeb36bfea7592b85e4a,15920,15920,0,,,
2022-10-04T13:35:02.000000,4f96165042d46b4c336875f9ba7de31d,15920,15920,0,2022-09-27T11:25:55.000000,kakao,7.09
2023-01-31T23:36:13.000000,dec51e74352c460cf2046179c1612a3a,95200,95200,0,2023-01-24T10:59:47.000000,kakao,7.53
2022-11-30T10:47:16.000000,485855681809e35739ed819c63302bb2,15920,3960,11960,,,
2023-05-18T22:04:41.000000,047bd50251c4f27c3b5b00f94154e5ac,15920,15920,0,,,
2023-01-24T19:56:50.000000,434df90a4a61969bf474d9738b4b4d7c,91200,91200,0,,,
2023-06-30T16:07:19.000000,39fc7b11f907ef2bde5e054010be9d48,15920,14328,1592,,,
2023-09-04T17:18:11.000000,917eb6ac1b904897600578aa785c391a,15920,15920,0,2023-04-05T13:14:16.000000,kakao,152.17
2023-02-22T17:00:02.000000,d991ae4ec1b0e3f29a3389c0bc4c6f9c,15920,15920,0,,,
2022-12-30T17:35:41.000000,52f8290627bbb214ae97491a0a2378ee,79200,79200,0,,,
2022-10-22T17:05:02.000000,6dfb0009269a6b0146695f0a07098951,15920,15920,0,,,
2023-06-04T17:25:58.000000,4e3236f764f6d2a7f90db332247d6ef2,15920,15920,0,,,
2023-05-11T23:36:07.000000,00783882554ab6c4f46ea21973c2516b,131600,131600,0,,,
2023-07-31T23:14:20.000000,7ad34be2200d6a484681e8c47e040498,15920,15920,0,,,
2023-11-11T10:20:27.000000,d63ad86c45d51a93de1388cf5213fff7,15920,15920,0,,,
2023-07-08T23:46:41.000000,c4f5d2b723f77226db11beb096371cd6,131600,118440,13160,2023-07-08T09:47:26.000000,naver,0.58
2022-12-20T19:52:04.000000,d14e83bb25eaac62ce8aedff8849dde8,79200,79200,0,,,
2022-11-29T21:35:50.000000,4aae7ccd18e46ca8965ab1233d48d702,15920,3960,11960,,,
2023-01-05T09:36:18.000000,09325597c0cb94ecef7401103244fe6e,83200,83200,0,,,
2022-12-31T22:22:19.000000,6e6822ff7b81e6a9f62e2481c2815176,79200,79200,0,,,
2022-11-14T00:20:02.000000,21fdeec4cae2b5512f39ac6ed3a4fdcf,15920,15920,0,,,
2023-10-15T15:25:58.000000,63b5ee0826897bb416aad272f67c27d4,15920,15920,0,,,
2022-11-30T23:47:06.000000,d8abcbca0068c7fe0d95499c8d9c3d85,15920,3960,11960,,,
2023-02-16T11:20:02.000000,a3fd96101691d45f3ff6bfd9594717de,15920,15920,0,,,
2022-09-15T16:30:03.000000,2bf29dcd9485c681fd29eb7ad6da7b0b,15920,15920,0,,,
2023-05-31T10:27:06.000000,ac7c3298f6afc990333b9dbf937f2378,15920,15920,0,,,
2022-12-10T14:25:25.000000,d1bfd4088206b4ee107fabbe0e44233c,79200,79200,0,,,
2022-11-21T22:27:40.000000,b70976bb293be7dda59bd840ec14f2e8,15920,3960,11960,,,
2022-11-23T20:24:38.000000,3f56869506c91eb321e4a88bc667bc1e,15920,3960,11960,,,
2023-12-31T19:47:33.000000,26d58597e679b594969438530c8fc42a,95520,95520,0,2023-12-17T20:42:56.000000,email,13.96
2022-12-13T20:11:10.000000,71889f4ede18b2ccb3fd07537fd85b0b,79200,79200,0,2022-12-13T01:02:18.000000,kakao,0.8
2023-06-23T18:06:36.000000,909a94e0e7d1149b81cee0ffc32006eb,15920,15920,0,,,
2023-06-28T20:54:50.000000,e88b078a9392bc8101de973d2d5f7df6,15920,15920,0,,,
2023-07-21T15:12:48.000000,451b0fcaba5dfb7fe6b2647a235f6270,15920,15920,0,,,
2023-09-05T20:17:29.000000,1506b48341f3aa8afda22cda3def2ac4,15920,15920,0,2023-09-05T12:57:19.000000,kakao,0.31
2023-07-23T21:44:15.000000,bb0a422063dad7852413eba862c7ce03,15920,15920,0,,,
2023-02-23T08:15:02.000000,004cf75983af1fead9ecf6815b5da6ce,15920,15920,0,2023-01-31T07:57:18.000000,kakao,23.01
2023-01-30T19:59:56.000000,165c651462fb06975500b1b11859781e,95200,95200,0,,,
2023-01-16T22:51:40.000000,5d9ad4e03d2f8ace4a926f8e91f67d27,87200,87200,0,,,
2023-01-16T20:39:25.000000,a5bc1e0839570d8184a089a94f9469f6,87200,87200,0,,,
2023-11-19T23:32:42.000000,1e047f75b59d4363fe90470a367efa9d,15920,15920,0,,,
2023-09-25T17:29:13.000000,96fde8938ad712983c5fb0f8dd1c28b8,15920,15920,0,,,
2023-03-28T11:40:03.000000,e362c3fba9c701f352af1b91b2f2cab8,131600,131600,0,2023-03-08T14:53:23.000000,kakao,19.87
2023-07-21T21:40:41.000000,af0bec26459057dd6de468de7742903f,15920,15920,0,,,
2023-11-18T16:39:03.000000,b1075e68bb1bb85440cfa80424c9348e,131600,111860,19740,,,
2022-12-28T13:37:30.000000,fa5a28127649235ecd3b9ad38ba6c29e,79200,79200,0,2022-12-28T13:29:23.000000,kakao,0.01
2022-12-07T14:41:22.000000,6d29bd536965774d18be3c3d1fe4e59f,79200,79200,0,2022-12-07T14:37:07.000000,email,0.0
2022-12-06T01:40:45.000000,c2b0183641a348e917a375299d50b7a7,79200,79200,0,2022-12-06T00:36:40.000000,kakao,0.04
2023-01-15T17:45:30.000000,ecfb9b4bca1c074df80e16a05532711d,87200,87200,0,2023-01-15T17:41:21.000000,email,0.0
2023-04-01T15:50:02.000000,49a4a6c8f3cf99329e0fc14bd11e50c4,131600,131600,0,,,
2022-10-10T14:55:02.000000,3c5411d15600a72de7bbd28118e586eb,15920,15920,0,,,
2023-09-08T13:25:30.000000,edbfdf9029ef673c765d2ffe5ce52fb5,15920,15920,0,2023-09-08T13:21:58.000000,kakao,0.0
2022-09-11T00:25:02.000000,b5e4be98627a57a2960c618620f5d192,15920,15920,0,,,
2023-09-05T23:04:04.000000,bed5b63ef00e0ec0632c09f34be1c0e3,15920,15920,0,,,
2023-02-27T16:15:01.000000,7e2647c4ba6f3914190801a5d4ed36f1,131600,131600,0,,,
2023-10-28T13:43:56.000000,d42ae3dde7b2912c7d075e4127fbea99,15920,13532,2388,2023-09-24T21:27:48.000000,kakao,33.68
2023-11-30T09:55:31.000000,82824c4fbc924c0602f291634e1aca3e,15920,15920,0,,,
2023-05-22T23:37:12.000000,a3971d1453f3050a3f0ab38fa2b746d6,131600,131600,0,,,
2023-11-07T22:37:43.000000,e69839110f9127759173525a388938bb,131600,118440,13160,,,
2023-11-02T23:16:32.000000,75ceb7d263d5015aeab4d135dbdff20b,131600,131600,0,,,
2023-06-25T20:59:18.000000,7f12b54c826fdf1d30e07a39b24090fe,15920,15920,0,,,
2023-06-01T11:33:42.000000,afd71a03746273e5ea24c3679a430c0f,15920,15920,0,,,
2022-11-20T12:45:02.000000,ae66280e5e1a08fd53ea3b5090b0ac5b,15920,15920,0,2022-11-11T18:51:18.000000,naver,8.75
2023-11-14T15:12:56.000000,6dffa76bd6056362327f99012fd3828a,131600,131600,0,,,
2023-09-25T14:23:22.000000,40acb860987b78bf2bd54f40c5060cf4,15920,13532,2388,2023-09-23T09:26:28.000000,kakao,2.21
2022-11-22T09:57:21.000000,3c110eef0bc49a5d8c9f9d7b231fdee9,15920,3960,11960,,,
2022-12-21T15:40:16.000000,31f3fa98c001c139a02213349a0bff15,79200,79200,0,,,
2023-11-23T21:50:07.000000,0f6079f64ac595a6faa914711e214f8d,15920,14328,1592,,,
2023-12-20T23:56:17.000000,e32a9f1aa213f253c9fd06f4095756f9,95520,93520,2000,,,
2022-11-16T01:12:58.000000,9fd56c9024668cdce5f6b75d60f4cfe9,15920,3960,11960,2022-11-07T01:36:54.000000,kakao,8.98
2023-02-24T00:05:02.000000,58fa484d2be8865a27f4c038a5ee20e1,15920,15920,0,,,
2023-10-03T18:09:51.000000,3125a2f13beede1de54b414d90ac2a03,15920,13532,2388,2023-08-06T11:51:31.000000,kakao,58.26
2023-07-26T22:04:11.000000,29868f59f3515e7142877e8c8f2f5ade,15920,15920,0,,,
2023-07-31T17:11:37.000000,266a3f5c8d38c5b8ed8380c3d894f99b,15920,14328,1592,,,
2023-07-15T19:12:52.000000,7bc3550bbd5c6b9b2ba4c25ca7a8f7c8,15920,15920,0,,,
2023-04-10T18:55:17.000000,446367fdbdd852b61025cbbcd78f60dc,131600,131600,0,,,
2022-12-26T23:17:33.000000,f17511e2073e5933f3ba696f78abfa51,79200,79200,0,,,
2023-04-10T12:25:02.000000,9208ea02ebbb1ff71eeab791d1234730,15920,15920,0,,,
2023-12-27T11:09:41.000000,c3a1a71bddcc4239ed5fe050eed857dc,95520,95520,0,2023-12-16T19:51:39.000000,kakao,10.64
2022-11-24T20:21:06.000000,7d735be4da082c63d5c7b4061d8f19be,15920,3960,11960,2022-11-24T20:17:37.000000,google,0.0
2023-08-02T20:33:37.000000,87e2e521025385f693abc00d23b22697,15920,15920,0,2023-08-02T20:32:45.000000,kakao,0.0
2023-07-29T19:35:53.000000,56fb2233cfb70ed6ff781a5979999454,15920,15920,0,,,
2023-11-12T03:42:20.000000,164a33dd1bce4dcd795e0120fdd748e7,15920,13532,2388,2023-10-17T01:56:30.000000,google,26.07
2023-06-03T20:31:12.000000,dbdc3f4963739cbd63a5e305f68f5bae,131600,131600,0,2023-06-02T19:47:29.000000,google,1.03
2022-09-08T16:15:02.000000,f86ca0f3da4b3f1ee56cf3e07fac88c7,15920,15920,0,,,
2022-09-06T00:00:02.000000,8ed62492e5574d1c63d1e92556a32a7f,15920,15920,0,,,
2023-11-23T11:25:14.000000,f8ccc11d7f9789b9ac497b1cf46cb6f8,15920,15920,0,2023-10-18T10:34:19.000000,naver,36.04
2023-08-30T12:27:05.000000,3c603319e6a8c1bd24062217e1379d2f,15920,15920,0,,,
2023-06-06T16:39:36.000000,2b0ba94fbb7118c89c2f47d9fdc596fd,15920,15920,0,2023-06-06T16:38:58.000000,email,0.0
2022-11-30T16:39:08.000000,824f0ca2497e122ec941463066b3d588,15920,3960,11960,,,
2023-01-16T19:57:01.000000,5ce3e13a2db2a72ecfca7037aa282d3c,87200,87200,0,,,
2023-12-13T18:07:17.000000,1de8dddf442535e5e7619679eb88c938,95520,95520,0,2023-09-28T19:22:53.000000,kakao,75.95
2023-03-22T23:46:25.000000,f853aa18605bd7f11162236b6b8ac4c5,15920,15920,0,,,
2023-07-22T17:11:30.000000,ceac76c9d4c55908261fad110ef61a30,15920,15920,0,,,
2023-07-31T22:50:13.000000,8c94ee219df765bf3e42454996645a7e,15920,15920,0,,,
2023-04-03T07:50:02.000000,7b0d15c9d19c00c0fa58a0c28c12db13,15920,15920,0,,,
2023-01-24T20:13:45.000000,b9357e2e605ed6f673f80f09325dee35,91200,91200,0,,,
2023-06-13T21:52:24.000000,f28146486b26830c41e8e0ece6dcf716,15920,15920,0,2023-06-04T01:35:36.000000,kakao,9.84
2023-01-10T23:39:35.000000,01a79dcc18ec4e26a713ceae7337f285,83200,83200,0,2023-01-09T23:36:40.000000,kakao,1.0
2022-11-30T20:29:11.000000,42f688241c5c3fa379d086532e059896,15920,3960,11960,,,
2023-01-08T23:31:17.000000,a1ebbd36da561c084e06a37a185fd35a,83200,83200,0,,,
2022-12-07T14:34:43.000000,d2e2d567394f3d8352b82a8b2a698302,79200,79200,0,2022-12-07T13:24:36.000000,email,0.05
2022-11-30T23:50:35.000000,54ecff7f3fa8c44b71cf6f24a118549f,15920,3960,11960,,,
2023-06-10T05:44:20.000000,b2ba516dc405c7e5bac06c989ebd1828,15920,15920,0,,,
2023-01-05T16:17:46.000000,dc94067539d297df1f2eb3840cf7defb,83200,83200,0,,,
2023-02-25T12:24:06.000000,9f3c9e4a3ae64074762fdef6c41dbf01,15920,15920,0,,,
2023-01-28T22:55:28.000000,72e7ae12ad859ca0eafd199d8c6fe9ea,95200,95200,0,,,
2022-11-17T13:07:23.000000,ac587c00399bd7f4b32e05786e3468f9,15920,3960,11960,,,
2022-12-08T20:47:12.000000,90d62258be5f68bd0e6cb96d9f7a0408,79200,79200,0,2022-12-08T20:40:25.000000,kakao,0.0
2022-12-20T17:37:05.000000,2b5b7aae8eddc926f1366e90370e2462,79200,79200,0,,,
2022-11-19T17:35:56.000000,30fe42165c2bac41263575c136131856,15920,3960,11960,2022-11-18T16:06:27.000000,email,1.06
2023-01-07T20:16:14.000000,4ab5de6115ede1a9bd6c5654650a70f7,83200,83200,0,,,
2023-07-28T15:31:22.000000,4617eba1f6c62cb11ed1aa70259afc0f,15920,15920,0,2023-07-28T13:31:57.000000,kakao,0.08
2023-12-16T16:09:17.000000,90bcc2d6b231d926e7ddaea5b6c0affd,95520,95520,0,,,
2023-09-05T09:54:33.000000,7f4c8e185348455949159b245374fd04,15920,15920,0,2022-11-08T20:11:20.000000,google,300.57
2023-07-31T23:53:44.000000,67bad58de3c4b360f09efdf368153a95,15920,14328,1592,,,
2023-11-05T14:07:45.000000,e05aecfba9f99682e675989e45689147,15920,15920,0,,,
2022-12-20T21:56:19.000000,ca20e4176ed58835e18fd41b48d7b73e,79200,79200,0,2022-12-20T21:54:24.000000,kakao,0.0
2022-11-30T23:01:33.000000,85bbf8747229237b82aa6065fd481400,15920,15920,0,,,
2023-01-16T00:24:35.000000,07dd185ab4ff69e2e50461075e94d2ff,87200,87200,0,,,
2023-04-23T22:35:01.000000,02ef576e2fea6dadda17733cfb33e373,15920,15920,0,2023-04-16T18:54:39.000000,kakao,7.15
2023-04-02T15:00:03.000000,d8ab34382d643684197f758ce2ccbfd1,15920,15920,0,,,
2023-06-23T09:54:00.000000,58ce9ef1237d66b431791accbc470d17,15920,15920,0,,,
2022-10-16T21:30:02.000000,794c716f5d717ce6ce0a7541b3af397a,131600,105280,26320,2022-10-02T21:23:07.000000,email,14.0
2023-06-10T19:15:22.000000,e12a3547bd8364cda6d73ebbafa69b89,15920,15920,0,,,
2023-08-03T20:19:34.000000,52ea4934dac0fc5b501a7a7962cb9f84,15920,15920,0,,,
2023-06-27T21:44:29.000000,607f4077a441ef9df09da3e7f1aa731c,15920,15920,0,2023-06-27T20:18:25.000000,kakao,0.06
2023-11-06T19:42:44.000000,6c275a313da5ceb11cc0055cc8c7b74e,131600,131600,0,,,
2023-04-12T07:25:01.000000,2d266a53d54c4dc94afb71b75f98c2b9,15920,15920,0,,,
2023-12-10T18:53:28.000000,676fe8615a61d46f5779e8cd3ddd1ea8,15920,15920,0,,,
2023-07-07T19:04:53.000000,bcfc854faa3200c9dbccc9926edee0c8,131600,118440,13160,,,
2023-11-16T22:20:25.000000,1ea2f353eb6d66e70e94601598116f3c,15920,15920,0,,,
2023-01-17T23:29:56.000000,482a1dcada474de8c7e5c6316a46224a,87200,87200,0,2023-01-17T22:53:35.000000,naver,0.03
2023-12-23T10:08:19.000000,02164305f1c15e8cffbd26c1442f41c3,95520,95520,0,,,
2023-06-23T19:03:05.000000,548fb6a06c924a7e3982a76786204283,15920,15920,0,,,
2023-04-10T21:50:03.000000,1883e67ee8db452094680aaadad13568,131600,131600,0,,,
2023-03-18T17:05:02.000000,6987e14f4a0927557aa3c52037b7e033,15920,15920,0,,,
2023-12-24T13:46:28.000000,fe35c6ec820a2d050677c646262e5450,95520,95520,0,,,
2023-09-27T16:41:39.000000,d9185dda1519b154d211e126cd3d0726,15920,15920,0,,,
2023-11-16T20:31:26.000000,9dd6629ecee91beda83a5b04549911d0,15920,15920,0,2023-11-09T09:26:09.000000,kakao,7.46
2023-10-04T21:13:43.000000,f408d0b9b3d0c9c4068f085cf3ba761c,131600,131600,0,,,
2023-09-01T20:57:41.000000,173e1cf875fa75873363705dde3c7c34,15920,15920,0,,,
2023-06-25T20:59:25.000000,aa2329ddd6e146b67da320db9201e38f,15920,14328,1592,2023-04-27T19:45:32.000000,kakao,59.05
2022-10-20T15:50:02.000000,ac960807eacfa44fbc04fe717698f0d3,42960,42960,0,2022-10-13T15:31:30.000000,kakao,7.01
2022-12-27T09:21:55.000000,4f4c8e3ad791c152a30c3cc9d4661d7d,79200,79200,0,,,
2023-08-28T16:34:54.000000,f4c11858844a837d1c4a45000db8f906,15920,15920,0,2023-08-28T11:51:40.000000,kakao,0.2
2023-06-27T06:15:44.000000,eb1a8147b352f2ed4e5daa2a23d743bc,15920,15920,0,,,
2022-11-30T08:45:41.000000,21f950ab65e8ba49da18201a8ddb8c03,15920,3960,11960,2022-10-25T08:48:06.000000,kakao,36.0
2022-12-20T18:05:43.000000,c5087a941da4a7f8721fa4bc1923c253,79200,79200,0,,,
2022-12-01T22:53:44.000000,af34771c43a9324421cb49417b169853,79200,79200,0,,,
2023-01-02T22:16:40.000000,c2fbb79489462cf86d417f274230d4ff,83200,83200,0,,,
2023-06-16T23:11:16.000000,2b9f2bf83fb321e5afa5d41749b2ce50,15920,15920,0,,,
2023-07-05T17:53:50.000000,a3e6eaba2002b046fe81bc8be0424ace,15920,15920,0,,,
2023-01-17T14:11:50.000000,1de4241f67fd58a75373adc50e3dd878,87200,87200,0,,,
2022-11-27T21:49:47.000000,754a529cf193e6c2b7ba1456b19292fa,15920,3960,11960,2022-11-27T21:42:48.000000,email,0.0
2023-07-28T12:12:25.000000,757030d2cb8178def671464f08d7df84,131600,131600,0,,,
2023-06-13T13:07:37.000000,a2160e9a5dd2e884c5c0d821f1cdb070,15920,15920,0,,,
2022-11-08T18:20:01.000000,02a857284f291785a949fbd7ed7d6e91,42960,42960,0,,,
2023-06-28T15:21:40.000000,eafe18bdfe1531daa61578aa89617b78,15920,15920,0,,,
2023-05-03T08:46:39.000000,84cc64425b610995cc16d33535053530,118440,118440,0,,,
2022-11-30T11:52:28.000000,50700dc8f1375b4e45983a91aefd7b7f,15920,3960,11960,,,
2022-09-14T03:40:59.000000,47948afefc0c0a76b85f1ae55172fd4c,15920,15920,0,,,
2023-12-29T08:38:14.000000,5a90eb6e9c83b8df408aa20350af6903,95520,95520,0,2023-12-15T11:14:26.000000,kakao,13.89
2023-11-03T09:42:10.000000,87a76fb746d17ad38883f3044755ab87,15920,15920,0,,,
2023-06-16T16:45:20.000000,f42cf0a7e3fc852b3559004a32b76b71,15920,15920,0,,,
2023-01-13T03:55:42.000000,8fb0b006096f62f3bb5dca7cdfbb1443,87200,87200,0,,,
2023-04-09T21:40:03.000000,96d38c034cad763c0d39518052233bbf,15920,15920,0,,,
2023-05-08T14:53:40.000000,ae18752b7c559b4655ce621a65ffeb21,15920,15920,0,,,
2023-01-31T23:24:46.000000,4a267eba2e65ee24be66c3da88316f20,95200,95200,0,2022-12-22T15:24:21.000000,kakao,40.33
2023-01-13T14:42:14.000000,34734a03d04eb7a9bbbbbe89c3b8bd6c,87200,87200,0,,,
2022-09-29T19:05:03.000000,81e4efc1f44129190833ae8559c6bb9e,131600,105280,26320,,,
2023-05-07T23:41:27.000000,85de1d39fd7a0e981584ff89fa059693,131600,131600,0,2023-05-07T23:35:46.000000,kakao,0.0
2022-11-05T17:55:03.000000,8a55fac413f45c65a3e93f5b950cb963,42960,42960,0,2022-10-29T17:34:40.000000,kakao,7.01
2023-04-24T17:05:02.000000,1bbc24cd09d4391426dfd37f729eda1d,131600,131600,0,,,
2022-12-31T22:22:11.000000,1723bf6bcf4984c3571bb9d474f91ed3,79200,79200,0,,,
2023-11-22T21:35:16.000000,f53c5e55d8a7cc70a2fcaa5f57de8357,15920,15920,0,,,
2023-04-02T11:35:02.000000,7284fcdfda9b40fee426f94b49d8bb06,131600,131600,0,,,
2023-10-24T10:58:19.000000,96d967c90a3b3334827bfc5c8bbaab5f,15920,15920,0,2023-08-28T20:17:32.000000,naver,56.61
2023-07-29T14:04:17.000000,28652319de8824f757c021a87569dc9c,15920,15920,0,,,
2023-12-26T10:10:15.000000,943cc9241cada271106c7f8c3404d52e,95520,95520,0,,,
2023-08-31T11:33:39.000000,4c8b1a80238a495985c4e31c806585f7,15920,13532,2388,,,
2023-07-04T16:53:41.000000,1249b540588cbf58e644ceede1961540,15920,15920,0,,,
2023-07-31T15:36:55.000000,9d59394dcd7d2ed3cac3566f9a20475e,15920,14328,1592,,,
2022-12-27T15:18:14.000000,8329fbae4ac5c3a65d3cf51372fb0b4b,79200,79200,0,,,
2022-10-09T21:40:02.000000,ac34e5fea68b7525a3b0011da533f098,15920,15920,0,2022-10-02T21:34:06.000000,kakao,7.0
2022-11-14T12:18:14.000000,50c138b7ee6bcaf75d647376803f1b0b,15920,3960,11960,2022-11-03T11:01:15.000000,kakao,11.05
2023-01-15T13:26:10.000000,48c0cfb43e7170cea9f090919ea4631f,87200,87200,0,,,
2023-05-05T17:05:02.000000,6dbb98cb9c2b5f7ca7233078a722c6f7,15920,15920,0,2023-04-27T10:47:03.000000,kakao,8.26
2023-02-13T22:50:02.000000,83c7b7aae2671ed955eab5381bad5616,15920,15920,0,,,
2023-04-28T08:45:02.000000,2250b5b1a8126d2e3d9a06b0a3fcae2e,15920,15920,0,,,
2023-01-31T19:42:23.000000,d0ea6942ef9d298c3a6416b1188fd131,95200,95200,0,,,
2022-12-31T19:35:11.000000,58e9adf0d37b82eb9b8f2a6266dd5f45,79200,79200,0,2022-12-28T23:37:40.000000,email,2.83
2023-01-24T19:37:47.000000,16cab644e558b0a8693d89ac62d7a2a4,91200,91200,0,,,
2023-04-10T14:55:03.000000,81541b04fe53a9676664acfe7184d2ce,15920,15920,0,,,
2023-07-19T03:15:23.000000,8b72889632ceddf406134b53e93de321,15920,15920,0,,,
2023-04-13T21:50:02.000000,e81d8c4579528cd35f5b11938a8164c9,15920,15920,0,,,
2023-05-28T17:37:14.000000,2a47b010fd5d054bbea84ea9543f0a56,15920,15920,0,,,
2023-01-01T11:17:59.000000,9e36aeaa5ffc81d4c7aa3602912358ff,83200,83200,0,2023-01-01T11:13:06.000000,kakao,0.0
2023-04-28T22:40:03.000000,21ae6bd4f12124de8463c8635dc991d1,15920,15920,0,2023-04-19T17:36:41.000000,kakao,9.21
2022-11-07T04:05:03.000000,01449049533c7dfe50cdfbdb605410e2,131600,131600,0,,,
2022-11-30T21:27:44.000000,8e909f59f2f884e762cc1ea1f9c97ead,15920,3960,11960,,,
2023-01-27T21:23:55.000000,c2707553e1a2c732767cfc82c8fbc432,95200,95200,0,,,
2023-11-30T18:13:58.000000,3f8b54d14ab326bd4652eca98afff91b,131600,131600,0,,,
2023-12-10T21:25:02.000000,afdb01dd1011974dc012733ff6a03107,15920,15920,0,,,
2022-11-17T10:02:47.000000,187fa6e334f929515953d37aef7d6012,15920,3960,11960,,,
2023-07-31T18:48:35.000000,94e8a1b67df688654b2a3880e65f2797,15920,15920,0,,,
2023-09-04T23:30:44.000000,b04bf5db11cd2bc6d41ce9f2f01d6dbb,15920,15920,0,,,
2023-05-04T02:25:03.000000,3dab8ed3fd136bfad4582bf0359bd7de,131600,131600,0,,,
2022-11-29T23:14:44.000000,2111c970ac372cd02663fa053ade93a0,15920,3960,11960,,,
2022-09-07T10:30:02.000000,29af9138df319c66b2391b6998cb6263,15920,15920,0,,,
2023-06-24T23:09:01.000000,1fb322c2fd78b10a1c8551ddd6a88483,15920,15920,0,,,
2023-02-26T21:15:01.000000,b2de527696d9d0df334682f42a8a65cd,131600,131600,0,,,
2023-04-18T20:07:49.000000,505e4ab81107d71c085d54c7995651f4,15920,15920,0,,,
2023-09-18T22:51:46.000000,edcab9671b220730d65c86ffd36b3e6f,15920,15920,0,,,
2023-09-20T17:52:25.000000,c6ad65c4929e3e9774c1c28a86c4d0ac,15920,15920,0,,,
2022-11-29T20:39:41.000000,0e95eb950efb834dc5f3a27e69c865ac,15920,3960,11960,2022-11-29T20:37:51.000000,email,0.0
2022-12-20T23:57:50.000000,d4925cb2e98bdf5c79806c35a73649c0,79200,79200,0,,,
2022-11-21T21:42:21.000000,5601507f7406d314e917fb242b5c4aa6,15920,3960,11960,2022-11-02T21:21:15.000000,kakao,19.01
2023-12-13T21:25:58.000000,ad2c0000164b5c572c8d0f490bfc0830,95520,95520,0,,,
2023-11-21T11:18:03.000000,64ec594000cc7cab9e77cd2bae35c8d3,15920,15920,0,,,
2023-09-04T17:03:02.000000,589a9de538399f263568dca4e60291a5,15920,15920,0,,,
2023-04-13T15:20:02.000000,646cb0da63daeaf266e885b8263eef9f,15920,15920,0,2023-04-06T15:00:29.000000,email,7.01
2023-01-10T23:29:58.000000,6df747009ec697e74feaa8bdf186354f,83200,83200,0,,,
2023-08-30T13:15:45.000000,435b6c53a931df2b64f21dcfb53daffe,15920,15920,0,,,
2023-04-17T12:05:06.000000,59e18b0d1b385a28b6c64926d1603499,131600,131600,0,,,
2023-08-30T23:38:38.000000,3d78fdc33fdd01cf361be081369f93ff,15920,14328,1592,,,
2022-09-16T20:57:10.000000,400ace811ddf44c6dacf0c7c5f708a87,15920,15920,0,,,
2023-07-27T17:00:10.000000,dc85dd1353f1b20f184bf34600998cf0,131600,131600,0,,,
2023-09-08T01:24:43.000000,0b10caa07c6a666702a01299a1349ef1,15920,13532,2388,,,
2023-01-10T03:41:38.000000,ed39b02f6e81bb792645db630bdd1ea1,83200,83200,0,,,
2023-07-25T10:24:33.000000,74e1d180c16aa8032e487c8f075fc08e,131600,131600,0,2023-07-07T11:35:41.000000,kakao,17.95
2022-12-26T07:17:13.000000,65ace798460948e3982ec2a14b5fd8bb,79200,79200,0,,,
2023-03-28T22:20:02.000000,69c60635fe653e63a21348b1e9b5a9f6,15920,15920,0,,,
2023-12-22T20:16:59.000000,0ecdb361243265c7dd9098e3aac884ab,95520,95520,0,2023-11-19T03:17:40.000000,kakao,33.71
2022-11-13T06:07:56.000000,97e533f41515fc2e09a0907c25fb503c,15920,15920,0,,,
2022-11-30T16:26:07.000000,e745da89019e303b122bfceac0521a8f,15920,3960,11960,,,
2023-10-31T16:39:44.000000,445c95a863b78028a039562f6c604928,15920,15920,0,2023-10-31T16:12:42.000000,kakao,0.02
2023-06-22T09:41:08.000000,7ba38a67a46d7c488d96804c872ce013,15920,15920,0,,,
2023-01-23T20:40:21.000000,4c33b744974ff5a8b62d7ff5d4e4644b,91200,91200,0,,,
2023-05-02T11:17:07.000000,8b5500535a9c4e0db50fee7acfbc0cb1,131600,131600,0,,,
2022-12-28T09:00:18.000000,026201b3b0fa681374db6fba715dfe54,79200,79200,0,2022-12-28T08:58:00.000000,kakao,0.0
2023-03-21T00:35:02.000000,5d0cb426a429694f447808a53d7b95e7,131600,131600,0,,,
2022-12-31T16:59:37.000000,321668a732007c5d3f15a7ccf780cb0e,79200,79200,0,,,
2023-11-08T18:56:27.000000,720d2a9f1fb41b65b68abfe287c5d49f,15920,15920,0,2023-11-08T09:57:34.000000,email,0.37
2022-12-10T15:40:12.000000,cc4d6f39954761e7a18c3f89e5334d64,79200,79200,0,,,
2022-12-22T12:39:59.000000,7660d75783df7465935904b562c438b8,79200,79200,0,,,
2023-08-28T16:31:01.000000,20a00ef4d7c33b78f21a4b234108546b,15920,15920,0,,,
2022-11-29T11:24:04.000000,31feb5ae6984fc3732ea59dc5a95f9f0,15920,3960,11960,2022-10-07T22:30:31.000000,kakao,52.54
2023-12-31T23:49:48.000000,a2d9d661a796816f5ef31bafc2b6432b,95520,95520,0,,,
2023-11-16T22:23:47.000000,89d108123103631ba13129e4776c5964,15920,14328,1592,2023-11-16T14:50:41.000000,kakao,0.31
2023-12-27T16:49:17.000000,efe8cd2a95c1f29170139bc6a1f4cda8,95520,95520,0,2023-12-25T16:13:01.000000,kakao,2.03
2023-01-09T09:35:06.000000,1cfffdfe58e81baa131bd5e169eb7794,83200,83200,0,,,
2022-11-29T20:09:17.000000,d469f69d1c66df3809c06537b00c0412,15920,3960,11960,,,
2022-09-06T16:40:01.000000,ea0f47f83015718457eb93befd4b0088,131600,131600,0,,,
2023-09-22T23:18:31.000000,49a2fc2b6b9f5310cf3139a9a077e6af,15920,15920,0,,,
2023-12-15T10:15:07.000000,1b9656f5d1527b5847907981ab398d69,95520,95520,0,,,
2022-11-30T22:11:44.000000,3ebb00a18691d94271c6f8ac1e102606,15920,3960,11960,2022-11-30T22:10:56.000000,email,0.0
2023-12-18T08:54:40.000000,91b211dce768db94af82d6fe904dc6de,95520,95520,0,2023-11-29T13:10:21.000000,kakao,18.82
2023-08-24T18:21:50.000000,72d5b4c23a60bc66e1245aa94d2d7cdc,15920,15920,0,,,
2022-11-23T21:23:01.000000,42a0575943a53d5c9f9238c488b4fd33,15920,7960,7960,2022-10-13T15:26:55.000000,naver,41.25
2023-11-29T09:40:31.000000,f27d5f75c9746e6b2e46e630fb1d1ba9,131600,131600,0,,,
2023-11-16T19:35:24.000000,02bc1579557c70ed577d16a0a3180d72,15920,15920,0,2022-12-24T17:13:29.000000,google,327.1
2022-12-16T08:35:28.000000,f064be350226263e2abf34068f070e6d,79200,79200,0,2022-12-16T08:33:31.000000,kakao,0.0
2022-09-24T19:05:02.000000,f0522b1c381c4651de02182eeb81b846,131600,131600,0,,,
2022-12-31T22:17:17.000000,671590abebac0d7623e4f8a910c6f47c,79200,79200,0,,,
2023-01-12T03:19:31.000000,ee0f378b7117c0e8da314cc297be853a,87200,87200,0,,,
2023-01-08T22:34:01.000000,8a565c83372b8fb5c5b3586dcb643b99,83200,83200,0,,,
2023-12-31T19:56:40.000000,c4ccb04d3f82add7f36c6dad0168af24,95520,95520,0,,,
2023-07-16T10:08:30.000000,2c3e92b436f60be9bf16149fa722a58d,131600,131600,0,,,
2023-01-27T17:56:36.000000,707dbab83e79f1e6811bacebc47a87c1,95200,95200,0,,,
2023-07-18T19:16:29.000000,a54a1ccdb6bc9823bf738f871a12ddd6,15920,15920,0,,,
2023-07-06T14:23:11.000000,b335ab8826e5e93d4f038a1c5e278d5b,131600,131600,0,,,
2023-07-25T22:36:23.000000,d143fbfb1c05e22844808158dec48b21,15920,14328,1592,,,
2023-01-24T15:48:42.000000,c0ac39e26a1638f36eae7b437e15447f,91200,91200,0,,,
2022-12-29T13:43:01.000000,00fcde700e4b5db0980ad3be284cbc2b,79200,79200,0,,,
2022-11-30T21:52:26.000000,8f191bf3b41a016281eb57bdf80b99d9,15920,3960,11960,,,
2023-01-17T21:12:18.000000,c75cef1cef021500d9cb6d7a535ab57c,87200,87200,0,,,
2022-12-19T16:51:45.000000,a987ef9d6dfb248f83e10a63b602587d,79200,79200,0,,,
2023-03-22T19:00:02.000000,e6f382bd11a3ceed7cf2b954e8c5b9a7,15920,15920,0,,,
2023-09-08T09:24:40.000000,fb4a901cb7f2e3d02e40b8fb43b1e64a,15920,15920,0,,,
2023-06-25T12:02:29.000000,1104b1228df506c5f12d66e5081d2255,15920,15920,0,,,
2023-01-10T17:22:57.000000,87eef595713b08483792d46c2f347d9f,83200,83200,0,,,
2022-10-01T23:09:51.000000,374312364e615be115ae0b43759a2b72,42960,42960,0,,,
2023-05-14T16:34:16.000000,62714758e762bcc256b0b0ad5a65cb58,15920,15920,0,,,
2022-12-16T01:29:04.000000,1b82ec7658caf38c7adf4180d13d3aac,79200,79200,0,,,
2022-12-28T11:32:40.000000,e2cd3ef927f71b78a824c05eae8390c6,79200,79200,0,,,
2022-12-30T09:20:45.000000,65cbd7566764cee8684c0d0549ebae96,79200,79200,0,,,
2023-08-30T11:41:32.000000,a928c7bba5b015d9af6d8e5ea18dab23,15920,15920,0,,,
2023-09-12T12:33:50.000000,68a97f6199d546c67a48730a760f8052,131600,131600,0,2023-09-09T09:51:41.000000,naver,3.11
2023-12-02T14:02:03.000000,00fc29415ceeb756281be0bc58a7273f,15920,15920,0,,,
2023-11-25T13:20:57.000000,e46a132985fb27326f7580c4fce9fec0,15920,15920,0,,,
2022-12-31T22:49:45.000000,e1d23c6885ac93bdef1eb67b7ad58b81,79200,79200,0,,,
2022-10-23T12:50:03.000000,13d606412aeae6c764e048abfa386ca9,131600,131600,0,,,
2023-03-27T17:45:02.000000,3c12214250f6865eda6577feb9097f54,15920,15920,0,,,
2023-09-13T09:36:23.000000,020f476c0eb984e924f6be591e32c0d5,131600,111860,19740,,,
2022-11-29T08:16:59.000000,9e1c8e408e4b29f6e1b9a5ef60cd46d7,15920,3960,11960,,,
2023-12-31T10:02:58.000000,082e481e85f1232c5d8724f0d6ad1bd3,95520,95520,0,,,
2023-12-14T09:49:40.000000,59ca1f04faf20390e9899d0441d77be0,95520,95520,0,2023-12-08T13:22:28.000000,email,5.85
2023-10-23T15:32:13.000000,4acdbc4acd56409a7e95a8916e094a8b,15920,13532,2388,2023-04-07T13:43:41.000000,kakao,199.08
2023-01-30T00:12:13.000000,86d0113e7dfc450674f2c552464008ca,95200,95200,0,,,
2022-11-06T10:50:02.000000,d86a0e20f5a474e958e1b2b7355ff38b,131600,131600,0,,,
2023-03-26T23:05:03.000000,eb670df9c2b402d53bb46dc55fc3385a,131600,131600,0,,,
2023-12-27T09:48:26.000000,5353d8b2ef5db49c284a73258cc41c53,95520,95520,0,,,
2022-12-31T15:35:22.000000,ae64381ed4aacb196d3edb6dbd29d9d9,79200,79200,0,,,
2022-09-21T17:40:02.000000,be3046450efb0057e7c48db8edf234bd,15920,15920,0,2022-09-14T17:36:50.000000,google,7.0
2023-05-05T21:25:01.000000,39d8e13781d3bfefba72aa279175b1b4,15920,15920,0,2023-04-02T22:33:45.000000,kakao,32.95
2023-09-23T23:51:58.000000,dd920e419e9891cd0e460d0bd0c9a2a3,15920,15920,0,,,
2023-12-21T00:16:53.000000,07070d308bbc46a430e96fec3158b1f0,95520,95520,0,2023-12-19T00:18:51.000000,naver,2.0
2023-01-30T21:58:51.000000,3f34b2a8944872b22684188658641af6,95200,95200,0,,,
2023-08-17T15:48:25.000000,83e97bb29e558ec5dba40bcbef653e2d,131600,131600,0,,,
2023-09-19T01:27:00.000000,9d5bf3d163b1962d85cf06eb33bf9c53,15920,13532,2388,,,
2023-01-24T17:54:03.000000,98edeeccc0211567db1acd1f6b162d22,91200,91200,0,2023-01-18T22:26:17.000000,kakao,5.81
2022-12-31T18:33:27.000000,79d29eaeb65cd9011b72b7e18c728e52,79200,79200,0,,,
2023-06-27T17:14:14.000000,1a3fde11d28b34972b88b59662538b13,15920,15920,0,,,
2022-11-20T12:01:11.000000,e9d0abc5dd7fd2375902ef291ef5e462,15920,3960,11960,,,
2022-12-23T10:09:09.000000,a4e4667a2edf4db5c2654f11003cc795,79200,79200,0,,,
2023-12-31T23:13:53.000000,c2f379460037197dd941fd1fc2fc87f4,95520,95520,0,,,
2023-07-25T11:34:51.000000,561ce509d08fe49e25590d92720aaa9c,15920,15920,0,,,
2023-09-04T13:21:15.000000,6b23ce0642180184b1d61b267a6caf89,131600,131600,0,,,
2022-10-24T14:35:03.000000,7152daab13c9ebab14d95ddfebec7451,131600,131600,0,,,
2022-12-04T18:15:01.000000,b1789d972840435b4e2525f33c44d9d7,79200,79200,0,,,
2023-06-25T22:25:11.000000,0faa59ca412ca8ee0702ec6ad68b0e73,15920,15920,0,,,
2022-11-19T15:09:57.000000,f53ba7693b7727993574e10a672fc7ee,15920,3960,11960,,,
2023-05-30T11:54:31.000000,bd5f81a50b2cfc249730e05c251e8ea9,15920,15920,0,,,
2023-09-01T12:17:52.000000,b4a8dce84cf0584ed5d377a15d85eb92,15920,15920,0,,,
2023-09-18T18:48:08.000000,b5de33831c673a41c64ec3b90fb92082,15920,15920,0,,,
2023-02-19T20:25:02.000000,c0303e44ae14d3fb8e30588193d7d4b3,15920,15920,0,,,
2022-12-21T15:50:46.000000,72f326d2c00655f903d01871966b37f8,79200,79200,0,,,
2023-01-15T02:58:20.000000,5b73c18042163684d08f1dc9fa82a813,87200,87200,0,,,
2023-06-21T17:05:47.000000,9e8446b3933aae9b8582ad1a1f9c2e92,15920,15920,0,,,
2023-11-01T11:53:52.000000,781e65fe7cbbc596e091bc59188f6a12,15920,15920,0,,,
2022-10-10T12:05:03.000000,bd26eaa27a0a2490e9e98bce83c7ef51,15920,15920,0,,,
2023-02-16T16:11:58.000000,c401bda151f576a33b2414e0bc7059ce,131600,131600,0,2023-01-31T23:42:50.000000,naver,15.69
2022-12-20T20:10:55.000000,3136ca40788069f3d1386f382311dd64,79200,79200,0,,,
2023-01-29T19:59:49.000000,5900cae367ba0b16254ae448ffcbc809,95200,95200,0,2023-01-29T16:36:42.000000,kakao,0.14
2023-01-11T02:09:08.000000,0ce920719a6dd47fa7478e2154cae6a1,87200,87200,0,2023-01-11T02:07:36.000000,email,0.0
2023-10-25T14:11:44.000000,8aed626652e9e02de6734efb280f09b3,15920,15920,0,2023-10-25T13:50:05.000000,email,0.02
2023-02-15T12:30:02.000000,402dcafe1c7ae6c0798b85cc353ea466,131600,131600,0,2023-02-08T12:23:33.000000,kakao,7.0
2023-08-14T23:24:02.000000,c2228662385ba3ded18c91c09c8b6133,15920,14328,1592,,,
2023-01-08T19:30:03.000000,f8c7669eb003b115129565d906abd098,15920,15920,0,,,
2022-12-29T19:23:32.000000,0af0b55ff6f06ba6a2cfe38512eee014,79200,79200,0,,,
2023-08-11T13:50:47.000000,1e73ab3be1d4736aa35d4902da775489,15920,15920,0,2023-08-03T22:05:42.000000,kakao,7.66
2023-01-22T21:59:45.000000,153648c6d0c8132125f8f323a8e7ddba,91200,91200,0,,,
2023-06-24T12:38:43.000000,df792469cfe7579ec5b00d605fdab5ac,15920,15920,0,,,
2023-06-28T17:03:12.000000,363264e60f515e347a2b4b19dbd48997,15920,15920,0,,,
2023-04-17T15:10:02.000000,83463f05bee03f8c577b477d49ae881b,15920,15920,0,,,
2023-06-21T17:14:07.000000,03921378a1720ea74e3484544fd7f5a2,15920,15920,0,2023-04-14T14:23:08.000000,kakao,68.12
2023-12-22T22:47:47.000000,3e5c0431004788e75e5953b06d35e733,95520,95520,0,,,
2023-01-10T12:04:34.000000,f68dd842f9b86fc7e3e816609443206c,83200,83200,0,2023-01-09T14:12:20.000000,kakao,0.91
2023-01-02T13:10:03.000000,c2f2f7a149ac10d2415dd503cd8a9786,83200,83200,0,2022-10-02T10:20:55.000000,google,92.12
2023-01-31T22:27:06.000000,5816c75c2ce4a083c9fc3e82bb03ee0a,95200,95200,0,2023-01-31T20:39:36.000000,naver,0.07
2023-03-24T12:35:02.000000,cfb4e478128f36f5030187d2cdb943be,15920,15920,0,,,
2023-01-04T15:00:52.000000,e89e472fdd4a4000e9f058bd7e787a60,83200,83200,0,,,
2023-06-23T20:25:42.000000,b969cf4754da60a52ce46c349efdda59,15920,15920,0,2023-06-13T00:01:52.000000,kakao,10.85
2022-12-08T21:35:36.000000,3ddb3ada10023f9853d7696750f4713a,79200,79200,0,,,
2023-12-26T16:11:09.000000,2a22681725db68dc4d983a23fcb626b3,95520,95520,0,,,
2023-07-20T20:42:53.000000,cc7aba3e94ab91788169497ab16fb8aa,15920,15920,0,2023-07-20T20:26:21.000000,kakao,0.01
2022-10-01T17:20:08.000000,b94fe6581387d7eec30065cfca24834d,15920,15920,0,,,
2023-08-13T12:48:01.000000,af2cbf6302b92f690bf960bfd3ee82be,15920,15920,0,,,
2023-09-23T18:05:37.000000,46bfb44b362ae9d8558a439590706c97,15920,15920,0,,,
2023-01-17T15:48:06.000000,d64734342cc25f4e2469afd2b1600128,87200,87200,0,2023-01-16T01:08:14.000000,email,1.61
2023-01-09T16:44:37.000000,80287c38dc04e61baef3120eedc3cf35,83200,83200,0,,,
2023-04-06T17:25:03.000000,1a0cf6aa5c8922906062158825061c57,131600,131600,0,,,
2022-10-09T23:57:24.000000,d124f58c350f43f04092146be76736d4,15920,15920,0,,,
2023-12-23T12:08:37.000000,35d11333b2be13ece5b3a456e993aaf5,95520,95520,0,,,
2023-11-30T11:44:03.000000,258942cb8d889a0887b4af8ad856320a,15920,15920,0,2023-11-30T10:22:14.000000,kakao,0.06
2023-12-27T00:20:04.000000,9118834a021befe3cbc07683b1a80764,95520,95520,0,,,
2023-01-03T17:11:25.000000,d4fcb926e424e0bd82e7e254686da411,83200,83200,0,,,
2023-09-06T12:59:14.000000,22309212cf2d669abcecab6fd3cfb2a0,15920,15920,0,,,
2022-11-17T00:30:01.000000,2582144fb904eb8600e78c1aff2e2180,15920,15920,0,2022-11-10T00:15:39.000000,kakao,7.01
2022-12-31T22:11:59.000000,389517578d681b3a045dfdbb8d30bbf6,79200,79200,0,,,
2023-01-16T13:28:30.000000,0a728c2dc95a817a6509b73c94dbb3f7,87200,87200,0,,,
2022-11-30T23:23:58.000000,55800afcd3d6892b6699a38e1a5dd074,15920,3960,11960,2022-11-30T23:07:41.000000,kakao,0.01
2023-06-02T18:31:44.000000,a94ed4b28df857b0793ffcdf25d877c9,15920,15920,0,,,
2023-03-31T15:37:12.000000,426741019158d68879502e60e9000eb9,15920,15920,0,2022-12-22T14:04:47.000000,kakao,99.06
2023-01-17T23:45:59.000000,4d15915eca928a8a7cee160c5f1ec2bb,87200,87200,0,,,
2022-11-22T00:14:52.000000,e6f34bc18e9f5506c420708b84dce6e5,15920,3960,11960,,,
2023-01-15T09:42:57.000000,ff6c32adbffa88ea9d9af59ed89b8862,87200,87200,0,2023-01-15T08:42:19.000000,kakao,0.04
2023-06-08T21:55:33.000000,b79dd680a9d1c828f894ddccf47786e0,15920,14328,1592,,,
2023-08-08T19:17:51.000000,fe005d6bb53bd18f7d9e5bcb3522211b,15920,15920,0,,,
2023-12-31T21:53:49.000000,8151d9856ac8d57fd13b637f93d70c91,95520,95520,0,,,
2023-07-05T00:38:44.000000,4440a7efda6163549184ba387a9df85a,15920,15920,0,,,
2022-09-12T06:10:02.000000,6b5a82d6e770f8c0212a8e1e4fe5c725,15920,15920,0,,,
2023-01-03T15:48:04.000000,35fd8bd6dcf37540a07055d020eaa269,83200,83200,0,,,
2023-05-05T21:30:02.000000,f8ee86c81d20170e6d8c6e4ff089de54,15920,15920,0,,,
2023-08-01T21:59:17.000000,31755f20bd0c4cfb6988baa30931d259,15920,15920,0,2023-06-25T03:19:31.000000,kakao,37.78
2023-12-31T23:55:29.000000,06ec18de3fbfe88e76183f0549762c1e,95520,95520,0,,,
2023-01-21T21:10:31.000000,061a6f85eb3d19d8a03d7296e7d7271a,91200,91200,0,2023-01-21T20:58:20.000000,kakao,0.01
2023-02-22T00:55:02.000000,c1c521dec94e992affcdd92e0c35a806,15920,15920,0,,,
2022-12-31T10:33:49.000000,aa90d28103ace9c891847d02fab8f1f5,79200,79200,0,,,
2023-07-20T18:24:28.000000,963b67281f519edbb31f644bb214aa91,15920,15920,0,2023-04-02T03:10:51.000000,kakao,109.63
2023-09-11T20:43:42.000000,cf49c03250de6f1f1cb96a9b40f9661c,15920,15920,0,,,
2023-08-14T18:17:28.000000,edb2a28958c18fcbe8d0b75d7cb6d928,15920,15920,0,,,
2023-01-23T12:33:34.000000,1a65f9131b1ea96ea9891ec790829cda,91200,91200,0,,,
2023-09-30T21:55:07.000000,efb31501c0f9edc5ced9560ff2d7f461,15920,14328,1592,,,
2023-04-03T08:20:01.000000,353528475f2bd85934263421ccd579b3,15920,15920,0,2023-01-25T08:31:50.000000,kakao,67.99
2023-05-04T11:30:05.000000,417d853178f2d3404884164c439cc85d,15920,15920,0,,,
2023-03-01T16:45:01.000000,86d09e37c15ea0c5cb38940814e6b384,15920,15920,0,,,
2022-11-21T00:23:47.000000,a97d1c59b35223f92cb7ce1267732783,15920,3960,11960,,,
2022-09-01T09:39:14.000000,54eb27aa167798bb926d9e5c8b889700,15920,15920,0,,,
2023-05-17T14:50:56.000000,213693a2f47b932c6057a24b261bfb70,15920,15920,0,,,
2023-05-25T13:41:23.000000,97b61ebd0a2bb488a70bb9e2ee1bdcf7,15920,15920,0,2023-05-24T02:36:26.000000,kakao,1.46
2022-11-24T22:35:02.000000,8f2597a1b46d51f3ae9d769005bbf6a3,15920,15920,0,,,
2023-07-18T23:23:21.000000,4aa3dd59954eec07a3c85de464567499,15920,15920,0,,,
2023-12-22T15:31:21.000000,0df6f4e8b3b0627e1d095e8765920319,95520,95520,0,,,
2022-11-26T15:55:01.000000,640e8a6665b23411a039dd3a5f5f2375,15920,3960,11960,,,
2023-07-09T20:29:39.000000,dc07fdebcf5c04eb9b403cf45ac7d5ce,15920,14328,1592,,,
2023-06-18T18:58:17.000000,787ccfbcad028cf67ec3acf75c9c7568,15920,15920,0,,,
2023-09-03T19:42:27.000000,08e1e9ceb8cfc5c4b143fdec0ed1c36c,15920,13532,2388,,,
2023-09-07T14:33:52.000000,63cc331886cd0fc1f54da5f3900ebfa1,15920,15920,0,,,
2023-09-20T09:25:35.000000,2f33b71df48f3f30b007cbf4c008e92e,131600,111860,19740,,,
2023-11-08T15:14:13.000000,e4e8281e3efe3217960128a5c3ebbb94,15920,15920,0,2023-10-10T15:56:24.000000,kakao,28.97
2022-12-19T10:04:35.000000,a071c56c18670a1a879d3671746aebfe,79200,79200,0,,,
2023-12-08T15:04:42.000000,aab7c3369fdc1c886099f9b45bd51049,15920,15920,0,2023-11-21T00:23:09.000000,kakao,17.61
2023-11-16T21:45:12.000000,4643b319a1111c316243528d3948fb45,131600,118440,13160,2023-11-16T17:46:32.000000,kakao,0.17
2023-06-21T21:04:55.000000,f79fdeb344e79ffd79e23089e065c704,15920,15920,0,,,
2022-12-22T21:18:12.000000,383e7e9d0dc8871b77e56ec870fbdd78,79200,79200,0,,,
2023-01-12T17:50:05.000000,09376b09d99200a8eeafc2217293994b,15920,15920,0,,,
2023-07-24T23:01:09.000000,be2e61dc62f21119d0997f419cf7b069,15920,15920,0,,,
2023-09-18T19:03:11.000000,bb0396525d43ce02e810cc5530a75feb,15920,13532,2388,,,
2023-11-08T19:32:18.000000,e94e07d9ccb87f6fa29a6f6875093862,15920,14328,1592,,,
2023-07-17T16:45:31.000000,8a3eb3057e534f1fb681a93adffc2ff5,131600,131600,0,,,
2023-03-29T23:00:02.000000,1f1fb0b8ea1732948c59e02764ec0f9a,131600,131600,0,,,
2023-04-24T22:35:01.000000,99959b59509a71f3da9ce7007651c6d0,15920,15920,0,2023-04-17T09:26:47.000000,kakao,7.55
2022-11-17T18:41:13.000000,982e1015bddc492b827e2cee41da0783,15920,3960,11960,2022-11-17T18:40:04.000000,kakao,0.0
2023-12-14T21:09:07.000000,1797a8cf403384ce997e6c2e59720d27,95520,95520,0,2023-11-24T22:30:52.000000,email,19.94
2023-10-17T21:59:37.000000,cefbaf77a5c2faa1d285a083e7114271,15920,15920,0,,,
2022-11-30T17:59:07.000000,62b960f3b74ece314b2480d12d2104fa,15920,3960,11960,,,
2023-07-21T14:48:10.000000,fde3c79bdbcd0990f2af59849144fe71,15920,15920,0,2023-07-21T14:09:56.000000,email,0.03
2023-01-29T19:03:01.000000,187666e57fbb3db4650df69228e38916,95200,95200,0,,,
2022-11-15T18:52:39.000000,4cd51116b309a491161533849e26963d,15920,3960,11960,2022-11-15T18:51:59.000000,kakao,0.0
2023-01-17T23:43:19.000000,53e60893e0e538fac31722cf0dcb33af,87200,87200,0,,,
2023-01-09T10:34:22.000000,4b5e86cc98971de7f73230d0895bdd23,83200,83200,0,2023-01-09T10:32:50.000000,email,0.0
2023-02-27T15:05:02.000000,def556cf3589b4752d6e5dc9875c2124,15920,15920,0,,,
2023-01-23T19:42:14.000000,e720918900b5cf3ab87a2b69801179df,91200,91200,0,2023-01-23T13:56:10.000000,kakao,0.24
2022-11-17T15:20:04.000000,fdd65930c3cb37b64725377df0a7b380,15920,15920,0,2022-11-02T15:46:16.000000,google,14.98
2023-09-29T22:30:42.000000,e20658893280e113a46ea47050fb544a,15920,15920,0,2023-09-28T17:36:42.000000,google,1.2
2022-12-31T23:22:34.000000,f304bb0b2bec7f78ebf3c26c96ad0e9f,79200,79200,0,,,
2022-12-30T19:56:46.000000,ed5837927cff7485243cbcbf60b78b15,79200,79200,0,,,
2022-12-12T21:44:24.000000,ab923ee1a3328dc3001299a7c40d988d,79200,79200,0,2022-12-12T21:37:49.000000,kakao,0.0
2023-08-26T18:20:05.000000,ff3ca197929cc396e587a7eb4816e11e,15920,15920,0,,,
2023-10-23T14:26:22.000000,ccea16701cf72a9027d7d5f2c3d3019c,131600,131600,0,,,
2023-07-24T17:49:18.000000,d101aa35308f8a0f0069d251a7ace260,15920,15920,0,,,
2023-11-24T22:16:36.000000,e5c3edfd7ed13a93cd63a0f7de40f8ff,131600,131600,0,,,
2023-11-06T21:40:58.000000,e1f0f2480ba9dc6170fd94d665e11ff6,15920,15920,0,,,
2023-09-03T20:55:51.000000,7764c1ed490d12d64ae9d447be324bd9,15920,15920,0,2023-03-12T05:04:41.000000,kakao,175.66
2022-11-19T20:39:52.000000,35f7e77bfbaf79c85b93d7aebc711f81,15920,3960,11960,,,
2023-02-14T18:15:01.000000,fe449a104db91a29a83689a7ed26f7d4,15920,15920,0,,,
2023-05-24T15:21:37.000000,df12f976c024b8e88ea37761a6fd4a42,15920,15920,0,,,
2023-01-16T11:46:16.000000,8dde42dab9687607b8ae20596775ac80,87200,87200,0,,,
2023-11-14T14:42:44.000000,3ec2bd9ac049bdbb6bade189ddea4bd6,131600,131600,0,,,
2022-10-16T09:55:03.000000,690b885d589d3405cbfb82584cd5f5ec,15920,15920,0,2022-10-02T09:44:01.000000,email,14.01
2023-06-01T21:18:43.000000,3a953d625ce349c2be74585b2c9ca6a9,15920,15920,0,,,
2023-06-22T20:50:51.000000,e3fbf5dd00d267c9d495ec3d8247bba8,15920,15920,0,2023-03-13T16:21:27.000000,kakao,101.19
2023-11-18T00:52:41.000000,75441a74a656a7e9f7cbd5f6f11b1fff,131600,131600,0,2023-11-18T00:50:18.000000,naver,0.0
2023-04-25T21:55:02.000000,80c01ca7602703d53701c085b9196c90,15920,15920,0,,,
2023-01-31T00:33:12.000000,f2bb34b0b9578b5efaf860bcf19d306a,95200,95200,0,2023-01-25T10:35:44.000000,kakao,5.58
2022-12-31T20:01:48.000000,8433f7de547ad879f26ad6c7f3807984,79200,79200,0,,,
2023-09-21T21:32:58.000000,e21debdc573c6490ace8f794fcd4e076,131600,131600,0,,,
2023-06-22T13:00:11.000000,a7b333538914b5029d92a9ae3f2846b6,15920,15920,0,,,
2023-06-05T22:26:59.000000,2d52d29bb75e733ec34aa684acaf0e98,131600,118440,13160,,,
2023-01-10T22:21:27.000000,409bbd08a95d2adce31159b60cbdd343,83200,83200,0,2023-01-10T22:13:13.000000,kakao,0.01
2022-12-29T12:31:36.000000,7a34e4ef836526ffb7b9641c32017c04,79200,79200,0,,,
2023-12-11T23:37:23.000000,cf2c9e600a726a8de373d1413e9e9d19,95520,95520,0,2023-12-09T15:03:23.000000,naver,2.36
2023-07-11T20:15:59.000000,5af5eea0acad4a68b10b082cbe91c82b,15920,15920,0,,,
2023-08-06T10:44:44.000000,483fd7a70f06e4f6eadb3cb9566e75db,15920,15920,0,,,
2023-01-07T21:18:06.000000,7df004f69c6295669a52adc4aeffd758,83200,83200,0,,,
2022-12-24T09:56:18.000000,f24a22d377b7204034ea49893782caad,79200,79200,0,,,
2023-11-29T16:51:42.000000,8b262c417c9c60a5456a6f6796a6d3c7,15920,13532,2388,,,
2022-12-21T01:25:06.000000,286e5235fc7af3aacbed7c7325f3cc7d,79200,79200,0,,,
2023-02-13T21:25:02.000000,ff2d54117f2b36be633b4532676d3a27,131600,131600,0,,,
2023-01-17T13:12:10.000000,c095ec2cf8fe77d20b189675e25dff65,87200,87200,0,,,
2023-05-01T20:44:10.000000,45990a1259be04f69f08e53931d598c7,15920,15920,0,,,
2022-11-18T09:35:14.000000,deab90b6c311b663b95861757d8dae6b,15920,3960,11960,2022-11-15T06:22:05.000000,naver,3.13
2023-12-31T14:07:30.000000,aa3bc7d1893f298475b1b7625ad6b54d,95520,95520,0,,,
2023-10-29T14:44:12.000000,2ceacd3512e30a208a0214934eec87e7,15920,15920,0,,,
2023-06-24T21:16:43.000000,2e720b09bf52bc99512eaf6c6f690ff8,15920,15920,0,,,
2022-11-16T22:13:18.000000,388156cc7da05ed37378c4dddb223f52,15920,3960,11960,2022-11-16T13:21:49.000000,email,0.37
2022-12-03T21:22:43.000000,e9d64ecb63a4c09eccd624ef6fb23910,79200,79200,0,,,
2023-12-31T23:29:23.000000,daab80a4faca45817265c4d16ee50db9,95520,95520,0,,,
2022-12-31T23:58:20.000000,0900ad6bb751de60e7c2db2e43db0801,79200,79200,0,,,
2023-12-30T22:36:41.000000,8731085da40a4b5f5e37922998feeb36,95520,95520,0,,,
2022-11-30T14:04:02.000000,65c1006fcb0c721d280dc74467e8d6ab,15920,3960,11960,,,
2023-04-05T19:40:03.000000,0e2fe1420c02bf6adac08a22ae9d5fff,15920,15920,0,,,
2023-06-28T09:47:13.000000,b838f0383028a3fba28e72983ecde5cf,131600,131600,0,,,
2022-11-27T21:44:25.000000,1f1200f44197324ec6d4c47ba7f7c9a4,15920,3960,11960,2022-09-10T01:22:54.000000,kakao,78.85
2023-01-04T13:18:01.000000,f962e587f232c2b19a786fa2adec8ef7,83200,83200,0,,,
2022-12-20T23:44:45.000000,be5eb7dd4058f5ce72e47fbb794c0aeb,79200,79200,0,2022-12-20T23:43:02.000000,kakao,0.0
2022-11-30T22:26:37.000000,08442c5e7f3cf576d6e50a19292bfa56,15920,3960,11960,2022-11-30T22:19:58.000000,kakao,0.0
2022-11-22T17:27:52.000000,dba80dc3162c740def135d3157b09fb7,15920,3960,11960,,,
2023-09-04T17:20:42.000000,03d28a7075229d9c4f499c6c0f39a9e5,15920,15920,0,,,
2023-07-31T21:10:20.000000,241141bcfa6f733f84973a933b3cb33a,15920,15920,0,,,
2022-12-18T16:09:54.000000,2ebfadacbf3f771d0ae3a57c50963e6a,79200,79200,0,,,
2023-12-25T01:42:50.000000,97ff92260d73084a1de1ae7260654eea,95520,95520,0,2023-11-02T17:31:35.000000,kakao,52.34
2023-01-17T09:52:54.000000,e7c5881c35056c5d7db63170eceee0e1,87200,87200,0,2023-01-17T09:51:35.000000,email,0.0
2022-11-30T23:03:53.000000,f2f93c6c4dd658b2fe0358e3816d627e,15920,3960,11960,2022-11-30T22:58:48.000000,google,0.0
2022-12-30T20:41:46.000000,7dd911db8be22b144a8390b8cdf05b62,79200,79200,0,,,
2023-07-09T12:48:42.000000,5c4c5c0a8785bf89c6bee40d3a936f31,131600,131600,0,2023-06-28T22:09:43.000000,kakao,10.61
2023-11-18T15:39:44.000000,5c29d0ddfd2c82faab8acf2a2e15facc,15920,15920,0,,,
2023-12-25T15:55:05.000000,01eae74fc223e491a8eab6e909c4952d,95520,95520,0,,,
2023-08-05T13:03:33.000000,fdf8f418bbb22242bd373e03afa347d0,15920,15920,0,,,
2023-01-05T14:34:42.000000,73d45a13c36c88cef2674dea34001598,83200,83200,0,,,
2022-12-19T23:09:53.000000,443f8be631f5bd9d193169952a3548d8,79200,79200,0,,,
2023-01-07T19:41:03.000000,ef269144829df1f3a3b19d2254fb8bc6,83200,83200,0,,,
2022-12-29T12:01:21.000000,7730aeca6dcd243b36cce1c9c3e94c57,79200,79200,0,,,
2023-08-31T13:11:28.000000,7849ae4c7bdf2e58392888f684fd2cbf,15920,15920,0,,,
2022-11-30T13:25:44.000000,c969e45cbe993879c3295d2ec31aa2e3,15920,3960,11960,,,
2023-08-30T10:56:17.000000,4463524cd1d3b3685e2757c1bf0cecb9,15920,15920,0,,,
2022-09-06T16:40:02.000000,440c914ffff36acde83f5088c201d914,42960,42960,0,,,
2022-12-13T15:05:50.000000,9dfe95922cea544a3741e9291a8dee3c,79200,79200,0,,,
2023-11-16T23:19:29.000000,0b9172d727809a31937ee0ca1d38bdfa,15920,15920,0,2023-11-16T21:48:31.000000,google,0.06
2022-09-14T14:45:03.000000,33301d535f0e84668de5d8d9a8ccedd8,15920,15920,0,2022-09-07T14:13:39.000000,email,7.02
2023-12-30T23:37:11.000000,8ea6b5c95f6d255648b8f50ed39bee9c,95520,95520,0,,,
2023-07-31T23:19:39.000000,f486bb3661216fe310b96b83be6a0973,15920,15920,0,,,
2023-05-04T20:07:12.000000,a311f9a6611230bca552b1e23b20e6a7,15920,15920,0,,,
2023-08-28T17:25:37.000000,2bb0b6fd6f71377e6fb778e798546450,131600,131600,0,,,
2022-11-30T10:01:52.000000,b77e38f1724eaf57c5a4a1ab9c854207,15920,3960,11960,,,
2023-09-09T22:27:45.000000,07e5dd44f81cfc1f4adf21bd977535e0,15920,15920,0,,,
2022-12-22T06:38:57.000000,3653813a701ba39fb664a047d7f72bcb,79200,79200,0,,,
2023-11-16T12:23:23.000000,3907d220cbd4debf295202d202495889,15920,15920,0,,,
2023-12-17T20:22:48.000000,8bc9b979ca4b206c3d90255d8855d41d,95520,95520,0,,,
2023-06-27T20:49:20.000000,728aef7cb36bd97a0bfedfc4730517ad,15920,14328,1592,,,
2023-09-10T22:38:43.000000,ca8656e27275dda2fd8d06f4c8f5ee15,15920,15920,0,2023-09-10T22:27:38.000000,naver,0.01
2023-12-12T23:26:40.000000,15fa6f071e945422dc334d44eb53abb1,95520,95520,0,,,
2023-04-19T21:40:02.000000,caa21f737093cab32288b6896f5bb862,15920,15920,0,,,
2023-04-08T15:45:02.000000,11e8fe02f3e21f1009f641cbd0ab447e,131600,131600,0,,,
2022-11-23T15:50:01.000000,934937ffa6c296e37acd338a8ccee5cf,15920,3960,11960,,,
2023-10-03T12:51:20.000000,a812fe3e3e018ed5dde9f2d09ef1407f,15920,13532,2388,,,
2023-12-21T08:00:51.000000,abbdc68b9ef75eb70e78f422ff3b20b6,95520,95520,0,,,
2023-11-20T15:54:28.000000,08547cbc5980c9d018769691373618c0,15920,13532,2388,,,
2023-11-04T16:23:04.000000,f2222207e2dee1791b36a276e71d4755,15920,15920,0,,,
2023-04-13T17:30:03.000000,4781152c50a3fc8d9b9446a8e50a13ff,15920,15920,0,,,
2022-11-30T22:33:29.000000,2bcf7d17c1cf2d549b827fbeb7022a4e,15920,3960,11960,,,
2022-11-29T23:30:35.000000,86c3e37f9743bf865f5202c31107c8d3,15920,3960,11960,2022-11-29T23:27:24.000000,kakao,0.0
2023-01-16T21:30:54.000000,8a9609dbc2b4e2ae45e4a17dca5942fc,87200,87200,0,,,
2022-12-26T16:31:23.000000,542ad6455496404e44ec879871c7ccc6,79200,79200,0,,,
2023-11-23T22:23:48.000000,2ee63c40f3ca55af4aa2d35e04196c90,15920,15920,0,,,
2023-07-31T22:08:09.000000,4cf0d6efa9fbca7bdbe59681478c2ab4,15920,15920,0,,,
2022-11-15T13:00:02.000000,e9a61830c04d8104c516a010274fd1b3,131600,131600,0,,,
2022-12-20T14:57:24.000000,1c5cfe2a64f516880d78043e9aa7458d,79200,79200,0,,,
2022-12-31T17:53:15.000000,36d6cfce202e29018bed3a4697d8684a,79200,79200,0,,,
2023-03-25T21:55:03.000000,6dfc8cee732e68bc35280f6da9eaaf19,15920,15920,0,2023-03-17T12:17:50.000000,kakao,8.4
2023-05-03T21:07:13.000000,1195524d1ac85aaba8e6fc1587e174be,131600,131600,0,,,
2022-12-08T19:53:55.000000,11a1d957b50b1636cbda04e6961d43eb,79200,79200,0,2022-12-08T18:56:24.000000,email,0.04
2023-06-30T12:56:38.000000,24ecb08bec643ee85d9847d00038faf4,131600,131600,0,,,
2022-12-30T19:23:20.000000,1ef18bad5ee8ebdfa6a2558fcc77a17e,79200,79200,0,,,
2022-11-30T21:12:21.000000,f878c4d4a907a879cf22cc1111f77790,15920,3960,11960,,,
2023-05-04T10:56:22.000000,40ccd495f165c7f9fc1032ff548e1e75,15920,15920,0,,,
2022-11-25T09:24:04.000000,71365babe3dcac4cbb6bb4e35abb43d7,15920,3960,11960,2022-11-25T09:22:55.000000,kakao,0.0
2022-12-29T02:28:57.000000,19be153b3d1eef472e54e90ce0ac076a,79200,79200,0,2022-12-29T02:27:55.000000,facebook,0.0
2023-11-18T22:34:53.000000,80dbbe0ccd0895eca6727c99dac8e10c,15920,15920,0,,,
2023-10-20T19:15:41.000000,61c866b5b2fe63eb5abfdb0e77bb2f32,15920,15920,0,,,
2023-12-02T17:11:04.000000,a5a486deb3fd5ddd8bcb9d4efc566463,15920,15920,0,,,
2023-11-18T15:46:47.000000,1f222c2a65b7d23b274aeb0034084a02,15920,15920,0,,,
2023-07-20T21:09:36.000000,92835defb7223c69bf33a9d498b31399,15920,15920,0,,,
2023-11-07T19:50:41.000000,9b3efba2a3adeb63ec0dfa6651103c1e,15920,15920,0,,,
2023-12-25T18:34:17.000000,41604dd352663242321fbd9bd72ecaae,95520,95520,0,,,
2023-07-16T15:29:50.000000,2d360079366d84b30e2a9b8b7613dd6f,15920,15920,0,,,
2022-12-19T20:28:19.000000,869037da1b31d06fdfff8ff9afd3f40e,79200,79200,0,2022-12-16T21:17:24.000000,email,2.97
2023-01-12T15:27:39.000000,a9d69d5c9f496b36889e7f70b1b8ae57,87200,87200,0,2023-01-12T15:26:19.000000,email,0.0
2022-11-18T05:10:34.000000,779f61463ae2168827dde879086c2b77,15920,3960,11960,,,
2023-06-22T12:37:52.000000,9639a2ff0cdb61fb28482e102d6ce82c,15920,15920,0,,,
2023-02-20T20:15:03.000000,78bf52196426d0463fdec7984b4de7cf,131600,131600,0,2022-12-21T02:23:42.000000,kakao,61.74
2023-01-30T20:48:12.000000,0a3d9ec756a034b22ce302f5506fe581,95200,95200,0,,,
2022-11-30T16:37:01.000000,2b3c16dcc4cfd0dd1b865970ac141639,15920,3960,11960,,,
2023-01-09T17:38:20.000000,705384a46f5ccefe25b97f60eb0141c8,83200,83200,0,,,
2023-01-06T19:12:37.000000,f234bdc3ba17d449aab3dfcfbe1533fa,83200,83200,0,,,
2023-01-30T20:57:49.000000,932fd64cab91c3ae8bec034876c5c6e6,95200,95200,0,2023-01-30T18:10:44.000000,email,0.12
2023-06-23T20:59:51.000000,5175bf8f576e48a4e0683a4a128ac579,15920,15920,0,,,
2022-11-30T08:35:02.000000,98903b4231d9387f2e4fa4497e777054,15920,3960,11960,,,
2022-12-28T10:53:28.000000,db8694dd1d6aa41148eeed496b5b118e,79200,79200,0,2022-12-28T10:47:49.000000,kakao,0.0
2022-12-22T17:34:09.000000,dfaa206d533f7c5f54f72a93013451e5,79200,79200,0,,,
2022-12-09T12:31:44.000000,5a7090649f3a88c19fc213447a186918,79200,79200,0,,,
2023-09-22T16:04:02.000000,f9542e28360824995b474737b76d6b27,15920,13532,2388,,,
2023-11-15T23:43:43.000000,3848ad4f78f661dc1e2c93a04f8e5786,131600,111860,19740,2023-11-02T22:32:04.000000,kakao,13.05
2023-01-10T19:43:22.000000,1e398c2fc5066db2c98b8830d7cd69d5,83200,83200,0,,,
2023-06-23T19:53:47.000000,313806fea94d84e6bcc27adabd714bbf,15920,15920,0,,,
2023-10-10T16:31:15.000000,81f1fa6abc7a094d74a39c043bc59f36,15920,15920,0,,,
2023-05-04T18:07:28.000000,d632973f9ec91aa37c8f739cd6f20188,15920,15920,0,,,
2022-12-21T20:25:11.000000,82ea9fb070d4a767c86a58150164dc1d,79200,79200,0,,,
2023-11-30T10:51:25.000000,5c63c30f58bcedeee9f5a36e80b7f706,15920,15920,0,,,
2022-12-27T16:43:24.000000,23403ad28f4a5f56c90c6528b0955393,79200,79200,0,,,
2023-08-31T22:55:15.000000,ef13b5b754108d6e32e01f5f2efaf8c2,15920,15920,0,,,
2023-12-16T19:38:13.000000,49e7061f27f24785cbe8be23d6169ab7,95520,93520,2000,2023-12-15T23:17:28.000000,naver,0.85
2023-04-10T21:45:02.000000,31fa30b37555346046c8cc4771494ccf,15920,15920,0,,,
2022-12-28T16:28:04.000000,cc180eef3ffd3497eb8a575165bab389,79200,79200,0,,,
2023-07-25T20:16:30.000000,d4ebce79f8bbb262df3297a3baf7a867,15920,15920,0,,,
2023-07-05T13:59:44.000000,50cfeb238b895c837611b8014ba3d182,15920,15920,0,,,
2022-11-29T15:34:17.000000,5150c25f83c4ddeb5066b56a9139d89b,15920,3960,11960,,,
2023-07-22T19:25:36.000000,be959351f0be9b4acb1958d998415731,15920,15920,0,,,
2023-12-28T07:11:37.000000,4eb49617c6f438edd423b6561da959c3,95520,95520,0,,,
2022-12-21T21:31:40.000000,bd90953a0121d1b71ba60e35fd0f2728,79200,79200,0,,,
2023-05-04T15:07:47.000000,030e2c7bd818f1aec1f3b31fcc7cfc9d,131600,131600,0,,,
2022-10-31T16:00:01.000000,078fa31a8b54b5e0ef2f34aabc8a67a1,131600,131600,0,2022-10-24T15:52:56.000000,email,7.0
2023-01-15T13:24:40.000000,c2c333b936301a6eb9042e613f69464f,87200,87200,0,,,
2023-04-24T08:00:02.000000,5abf988243f572618773db1214b1efac,15920,15920,0,2023-01-26T13:01:30.000000,kakao,87.79
2023-01-03T23:34:43.000000,0da7d9cbe7299dcd401331589116ae05,83200,83200,0,,,
2022-11-17T12:15:02.000000,5bcd8a6c5a4e156148048d685d14ee69,15920,15920,0,,,
2022-12-10T12:27:14.000000,69b2528dd6d1f2864710dae977eb9428,79200,79200,0,,,
2022-11-10T10:50:02.000000,acf3529c1ad92ee887f6941483dc3971,42960,42960,0,,,
2023-01-08T20:52:30.000000,4a5721c5a896105e10ea536d1d4a9b21,83200,83200,0,,,
2023-06-23T01:46:44.000000,df12f976c024b8e88ea37761a6fd4a42,15920,15920,0,,,
2022-12-20T23:44:43.000000,9068700a77a61520ca48caa6ec35bbad,79200,79200,0,2022-12-20T23:42:04.000000,kakao,0.0
2022-11-29T21:48:08.000000,b44bf403357869b96020af393edfc1ce,15920,3960,11960,,,
2023-09-11T17:37:52.000000,14ba80502fc41ce1565cbb27bc90bb13,15920,15920,0,,,
2023-07-22T15:59:30.000000,7485363ff63c3355e8bf02235efcc136,15920,15920,0,,,
2023-08-02T17:17:19.000000,570e14f8c5ad1e4d8dc1147d13b4dd3d,15920,15920,0,,,
2023-05-24T12:11:42.000000,7e1de5d4f57472fef43ad460f0a26a60,15920,15920,0,,,
2022-12-30T10:25:12.000000,c546f906bea98207885fc0b44d13ce90,79200,79200,0,,,
2023-01-10T20:30:31.000000,f440a8619a22189a05dd6d06674bd481,83200,83200,0,,,
2023-06-22T04:10:18.000000,386554e3e749d818e7a4fd54c7cfc0a2,15920,15920,0,,,
2023-01-10T17:12:23.000000,e364e61890f932348611c0bfcc8e4b36,83200,83200,0,,,
2023-04-01T16:44:23.000000,35db92ce31e83438caea95957b16f911,15920,12736,3184,,,
2022-11-29T17:41:12.000000,984c2317f8c94074d14279dbbb3afb70,15920,3960,11960,,,
2023-07-08T19:57:35.000000,a15f51a2c1d4dd1571968d81e77ab122,15920,15920,0,2023-07-07T20:30:18.000000,google,0.98
2023-12-27T01:04:51.000000,1b509900e736aa7e905274bca31c7234,95520,95520,0,2023-12-26T03:17:48.000000,google,0.91
2023-04-26T21:21:27.000000,d9761b61006108560c5c2ebed4736f6a,15920,15920,0,,,
2022-12-07T09:11:13.000000,9de26be2dd60c9f55cafa746ea05d121,79200,79200,0,,,
2023-11-14T04:05:43.000000,bd5e843d9e90c0ad455cf273b14d6604,15920,15920,0,,,
2022-11-22T20:17:25.000000,eba11f50fb57007ff39809f9ba97bd05,15920,3960,11960,,,
2023-07-04T23:53:52.000000,f69b4ed17a5a47c45e04439949def706,15920,15920,0,,,
2023-08-08T23:40:57.000000,5c95bb2decfaa6161b25c2ce40d4e41d,131600,118440,13160,,,
2023-10-31T14:27:28.000000,4c4842c83890ccb2780100e4b1636906,131600,111860,19740,,,
2023-08-29T19:39:39.000000,deb7b98d933626722a31c6ad33dd7500,15920,15920,0,,,
2023-12-18T15:16:24.000000,51e6a78c507d0af58be35542ff298fce,95520,95520,0,,,
2023-08-15T19:20:20.000000,11703f1005e1758497410f50b8884d33,15920,15920,0,,,
2023-05-15T10:52:51.000000,a3ab6fcce9547baedba527abc32fc272,15920,15920,0,2023-03-05T03:13:54.000000,naver,71.32
2023-08-04T11:09:15.000000,21c281b9c7b1939bdfef3ac093d7ba15,15920,15920,0,,,
2022-12-30T18:05:59.000000,478c3c207d159d16bad549a8cfdbaac1,79200,79200,0,,,
2022-09-05T10:20:02.000000,7d8fb8eac56681bd306eaad949f75e0a,15920,15920,0,,,
2023-08-01T20:47:58.000000,f6e320763659c613906575a6d25c3944,15920,15920,0,,,
2022-11-20T16:35:02.000000,58aa0d51a5f066df54faea49c6ae3059,15920,15920,0,2022-11-13T16:10:29.000000,google,7.02
2023-02-23T12:47:34.000000,ee6d264520dd032e053bcbcc421c41f0,15920,15920,0,,,
2023-07-29T15:10:27.000000,9468c53de4fc518e0fd35104b3d14fef,131600,131600,0,2023-06-29T23:31:54.000000,kakao,29.65
2023-07-14T15:11:17.000000,d90103147119cdeacf05b4b15c12f983,131600,131600,0,,,
2023-07-10T19:42:29.000000,eb7d51ed8b1ba7af45c79edbe15aed5f,15920,14328,1592,,,
2023-09-16T23:06:16.000000,a777f2c0628582a7885e15dd9e85febe,15920,14328,1592,,,
2022-11-22T15:22:28.000000,4626302424d354aca2531f5ce82f0ebe,15920,3960,11960,,,
2022-09-13T19:08:35.000000,8741303350717b4011f91c147d1f6ce4,42960,42960,0,,,
2023-11-26T23:03:16.000000,fe419afe576e345d7771f9d58c2a8d52,15920,15920,0,,,
2022-12-31T23:18:54.000000,5c64635d22be90faae45e2dfa1156a61,79200,79200,0,,,
2023-11-17T16:39:15.000000,f26be66d46cd8f0a5498aa15af7935c2,131600,111860,19740,,,
2023-09-19T18:18:07.000000,9094c59274512282964f5cf95e3d082a,131600,131600,0,,,
2023-08-16T23:33:51.000000,a153ca25dd557390d7fec9511b7e98ef,15920,14328,1592,,,
2023-12-24T11:11:40.000000,a3d4bd2369924b135190c96bf494d805,95520,95520,0,2023-12-21T13:12:35.000000,google,2.92
2023-01-24T13:57:01.000000,2815a69e6477e4ec9fe981c79a31eab1,91200,91200,0,,,
2022-11-10T13:55:02.000000,f78a387c263597615e7c6f56fcb96225,15920,12736,3184,,,
2023-06-26T23:00:05.000000,d72fb3352917b80bb9c27f2c6376fa91,15920,15920,0,,,
2023-09-24T21:56:26.000000,52ccaf813818de31f24fb73bdd31eb66,15920,15920,0,,,
2023-12-27T10:48:27.000000,6bb6a6abf52d45673b14ae511d33db8d,95520,95520,0,2023-12-20T09:58:57.000000,email,7.03
2023-09-12T17:26:06.000000,041963b404bef3fc68cdecf85fae9652,15920,15920,0,,,
2023-07-03T21:19:28.000000,1784931ee33a51b531208e8af43f56d0,15920,15920,0,,,
2023-07-06T08:38:44.000000,fbcd5d26dd6cffedb7e6745a97bd7a98,15920,15920,0,,,
2023-12-29T21:54:59.000000,0e9c7d245a0986c3694521ff1e506806,95520,95520,0,,,
2023-01-01T17:20:17.000000,4e649ab36834360a93830c23bc543188,83200,83200,0,,,
2023-09-05T00:26:32.000000,70a5eb322c9bd04f4ad650b663c692ce,15920,13532,2388,,,
2023-07-31T12:49:03.000000,062a08ba31b18497f096f567b8c646ab,15920,15920,0,,,
2023-03-29T20:10:02.000000,0b57cb4911567e375c30ebd2658fc607,131600,131600,0,,,
2023-12-23T22:43:26.000000,2f98279579900d601c9f702dd59c8f34,95520,95520,0,2023-12-22T16:28:26.000000,kakao,1.26
2023-12-23T00:57:59.000000,704b1b3afeb3b8a21357ebd50e53dca8,95520,95520,0,,,
2023-12-29T17:39:23.000000,d33975e1b7430a21e29675807e15cf57,95520,95520,0,2022-12-03T11:45:20.000000,kakao,391.25
2023-08-29T11:30:04.000000,22d370eb8adfb1ab351450fd84f03781,15920,15920,0,2023-08-29T11:18:37.000000,kakao,0.01
2022-11-30T10:12:29.000000,cc4e5e840d59a0e0f2de13bafb071f35,15920,3960,11960,,,
2023-02-25T03:00:02.000000,0c0f17cca4b1c524acfbef99bf1b339a,15920,15920,0,,,
2022-12-23T11:50:38.000000,b3310d99b31cd6cbc7db897edf0bdd4d,79200,79200,0,,,
2023-08-02T16:51:56.000000,839ce29f8e8f414e61eea0d809e07fa0,15920,15920,0,,,
2023-01-10T21:38:58.000000,5ee1c5b10e9075bddaeaa7e9660d880b,83200,83200,0,,,
2023-06-12T13:05:03.000000,3fbf4b4327fdea6c1c5a698efd51777a,15920,15920,0,2023-06-11T21:05:19.000000,email,0.67
2023-01-17T22:12:32.000000,e6c0ba1f04273473820b9f0e7bf430e5,87200,87200,0,,,
2023-01-17T23:51:35.000000,e9bdc67b29070db01e2e1219dd0928ed,87200,87200,0,,,
2023-04-12T23:50:03.000000,f18aea9f8de66384babde4685cf8f587,15920,15920,0,2023-04-05T23:40:32.000000,kakao,7.01
2023-05-11T18:37:56.000000,badadcf8aecc12d15422156f6976df30,15920,15920,0,2023-04-14T17:18:50.000000,kakao,27.05
2023-03-29T14:50:02.000000,7b45409c95e3e29359eb196f95c51857,131600,131600,0,2023-03-17T16:33:20.000000,kakao,11.93
2022-12-30T17:30:05.000000,a6cd808046de6b48d1fec552361a8c83,79200,79200,0,,,
2023-01-06T15:59:44.000000,7be34d75a6573541127ac0ec3bc85459,83200,83200,0,,,
2023-01-28T08:05:11.000000,b564449cc979b56bbb7b3551e9d7fad7,95200,95200,0,,,
2022-12-21T18:24:49.000000,4dcc818f6072816273cedb69003034c8,79200,79200,0,,,
2022-09-24T13:25:02.000000,2f8aecf7b1a72d560d36d35cc00c45c8,15920,15920,0,,,
2022-12-29T08:22:50.000000,343b86ad5ff05c8bf651c32abf7f5724,79200,79200,0,2022-12-29T00:52:48.000000,kakao,0.31
2022-12-28T21:06:42.000000,3b8b8b0a5f91625e1d3a008308de2036,79200,79200,0,,,
2022-12-31T23:50:33.000000,1c4f6161526db973d5d6d88107b93b9d,79200,79200,0,,,
2023-12-26T23:24:21.000000,57ccaec293dd573fcd8d7697919719a6,95520,95520,0,,,
2023-07-19T23:49:19.000000,36767864df426d2897ca63634a88cb13,15920,15920,0,,,
2023-08-22T21:05:39.000000,e54f6428da9e569ca64f537c70072d2b,15920,14328,1592,,,
2023-10-06T15:33:35.000000,2f36288224ce1a1fa5b2174d325d498e,15920,15920,0,,,
2023-01-31T18:12:51.000000,85943e3539888350a5f3c8fbd0253a77,95200,95200,0,2023-01-30T04:31:04.000000,kakao,1.57
2023-01-26T12:21:06.000000,516a8cb3d635a4809e43a2edc5eca1f5,95200,95200,0,,,
2023-11-26T17:10:34.000000,d8fcd926ac0e14a2ceb0c97d9f6513b9,15920,15920,0,,,
2023-12-28T20:23:09.000000,e1da9bb3d3944225883a5c29bc4456b6,95520,95520,0,,,
2022-09-14T09:40:02.000000,0333370e8ad6f242e8225fa132277d13,15920,15920,0,,,
2023-11-29T14:02:53.000000,81c892deeb870b51a0513c88f45fbe93,15920,13532,2388,2023-11-24T12:59:52.000000,kakao,5.04
2023-07-31T18:12:58.000000,49c272790f847754c578feb4cc38cbd3,131600,131600,0,,,
2023-02-10T12:05:02.000000,9be56f7436a9ac272c600cd5d647dd82,15920,15920,0,,,
2023-04-10T02:20:02.000000,2e95e1c7b6067def6ee992b0025da4ef,131600,131600,0,,,
2023-01-09T19:36:30.000000,42a49e8a0983b6d6145890498fc89c6b,83200,83200,0,2023-01-09T19:33:00.000000,email,0.0
2023-01-16T11:02:14.000000,8d729c7ed6f7e99dc9d363448067db5d,87200,87200,0,,,
2022-09-03T16:10:02.000000,11e9d71b199c4330bc737abb1cb69a5e,15920,15920,0,,,
2023-12-26T10:43:26.000000,4765979b5f48cd39f42c8652ae4fae08,95520,95520,0,,,
2022-12-25T14:01:06.000000,f8a0fd791ff785c162dcc0c533229d6f,79200,79200,0,,,
2023-10-04T01:20:26.000000,29e93dd57b60a69dc15149f7dd71049b,15920,13532,2388,2023-10-01T05:06:16.000000,kakao,2.84
2023-09-07T15:26:33.000000,92d0d8ef182b871d4e356918b4cb1a03,15920,15920,0,,,
2022-11-10T12:10:02.000000,bd26eaa27a0a2490e9e98bce83c7ef51,15920,15920,0,,,
2023-07-31T20:10:02.000000,3011917a8d4864ec0b075a46230367e3,15920,14328,1592,,,
2023-09-23T19:39:28.000000,781548d34986c1638ed89967b27962cc,15920,13532,2388,,,
2023-04-01T15:58:00.000000,98a331883e71f4fc2f7a27172a351e99,15920,15920,0,,,
2022-12-30T16:48:50.000000,b74703fe0016fc52eaabb44f6e56ae7d,79200,79200,0,,,
2022-11-30T21:45:32.000000,d9354aa879f0238dbdf8a1949625f0c2,15920,3960,11960,2022-11-30T21:43:42.000000,kakao,0.0
2022-11-06T22:30:02.000000,c3991a97284bd1569641a20dafd13855,42960,42960,0,,,
2023-07-13T14:57:47.000000,bcb776dac62fdbe4e71c826ab9996c19,15920,15920,0,,,
2023-01-31T18:13:49.000000,23d5f85fdfb25738633f444de4a38a57,95200,95200,0,,,
2023-06-15T13:09:44.000000,61c2340a6af21781e8b7119151b47fe0,15920,15920,0,2023-06-15T13:05:48.000000,naver,0.0
2023-07-27T18:08:39.000000,321b4c724e4b784e3c8c04cf03a0d929,15920,15920,0,,,
2022-11-16T22:28:23.000000,b2bda62264411a2e7d9ae7af78e88398,15920,3960,11960,,,
2022-12-28T23:38:00.000000,8f8a012b04911d84024d8ab3ce2827a6,79200,79200,0,2022-12-28T23:35:07.000000,email,0.0
2023-09-10T17:33:40.000000,88f5ee304322d2b787334790bea6d73c,15920,15920,0,,,
2023-12-28T12:31:06.000000,b521824ed0bc13a4db1827c76614e8af,95520,95520,0,,,
2023-02-11T17:45:02.000000,ed9e641c69932d175aa0a9ecd36cb11e,15920,15920,0,,,
2022-11-22T19:40:13.000000,0eb33d971ae3f8efbc58293da9253197,15920,3960,11960,,,
2022-12-31T00:38:57.000000,54eed1d9b94cf6160fa3a5536eb36468,79200,79200,0,2022-12-31T00:37:26.000000,email,0.0
2023-07-31T12:01:24.000000,f17afabc337cf737f51003d58eda092f,15920,15920,0,,,
2023-07-23T20:29:33.000000,eac5d726ed5d9c1a9407fb407a7d6a3a,131600,131600,0,,,
2023-06-18T20:34:30.000000,4f07e5aaad64a1ca6e2817200589acaa,15920,15920,0,2023-01-28T00:33:24.000000,kakao,141.83
2022-12-31T22:55:23.000000,4030717d2cf4943dc39c04bbb0dd89e1,79200,79200,0,,,
2022-11-29T09:54:21.000000,17a2f104f3948d6750eb2d62e0dc0833,15920,3960,11960,,,
2022-09-27T23:45:02.000000,52e68bf9a6bf8008381a329dcea4923f,131600,131600,0,,,
2023-03-23T11:25:02.000000,e17622b9bb09914c65c3ffdfa4ea6bb4,131600,131600,0,2023-03-16T11:15:31.000000,kakao,7.01
2022-11-26T10:19:37.000000,aeb67232e2cae590e0b8277cbd5f0320,15920,3960,11960,,,
2023-09-10T21:20:55.000000,23fae4d3375c665e121f596cdffd0b99,131600,111860,19740,,,
2023-04-09T15:00:03.000000,a3c6ef924760a1b2a26b398d2b002c3f,15920,15920,0,,,
2022-11-24T00:50:43.000000,7b185ff00f908ad459e6575486ead947,15920,3960,11960,2022-11-24T00:49:43.000000,kakao,0.0
2023-02-17T17:10:07.000000,2263e15fbf840536d6e8d1b8d0821109,131600,131600,0,,,
2023-09-21T18:33:34.000000,8e607a71150c58cea00799e3dd332af0,15920,15920,0,,,
2023-10-23T20:30:26.000000,f5c0813a74f43dec842dc23c6dbfc01d,15920,15920,0,2023-10-23T20:27:56.000000,kakao,0.0
2023-01-10T18:52:18.000000,1fa7969d06478190c387bd5d7c53151b,83200,83200,0,,,
2023-06-29T10:19:57.000000,cc0172b394cc063319785aec1e237f30,15920,15920,0,,,
2022-12-27T18:10:00.000000,e08d4ba86347146dbbe145774d28c96b,79200,79200,0,,,
2023-11-09T10:21:26.000000,8322d60264a85dd26ef8d554dd0b3188,15920,15920,0,,,
2023-06-08T14:48:14.000000,12a959ecb89f479117398ab7aba1934b,15920,15920,0,,,
2022-11-29T18:00:33.000000,789e256dd44ec208ec6157b04382b57d,15920,3960,11960,2022-11-29T17:59:22.000000,kakao,0.0
2022-12-31T14:00:37.000000,ad961202a4272adecedd6bd8a9e77d5d,79200,79200,0,,,
2022-09-12T00:25:03.000000,b58e28a79384654f6d72f84d7ae408d5,15920,15920,0,,,
2022-11-17T14:34:24.000000,1b4034038aecab95f120900c846fd4a2,15920,3960,11960,2022-11-17T14:33:24.000000,kakao,0.0
2023-06-26T23:39:20.000000,a5d2145fb998ce51b6802b5a22d0fef8,15920,15920,0,,,
2022-11-30T19:16:05.000000,f749757f76fa0e8aff623d4a3292d66c,15920,3960,11960,,,
2023-10-02T20:27:04.000000,3177319c37e7535658db9fd4635417d9,15920,14328,1592,,,
2023-07-22T19:11:36.000000,f1a89085dab6c867930535e355edae80,15920,15920,0,,,
2023-03-30T08:25:03.000000,57cf0a22d8751cc9114b71e571644ef9,15920,15920,0,2023-03-16T07:30:57.000000,kakao,14.04
2023-01-01T23:03:19.000000,48e76a3f95b92115ee5b461712a14413,83200,83200,0,,,
2023-01-31T21:18:19.000000,94d3c677094c3b5dd741b102b3b801c0,95200,95200,0,2023-01-31T21:13:14.000000,naver,0.0
2023-03-24T22:57:50.000000,2d2fd1e79b5f0b160434ba19868d9238,15920,15920,0,,,
2022-12-29T22:11:10.000000,75b149d7392500b54dea47aeabc9b6bf,79200,79200,0,,,
2022-11-30T16:00:40.000000,4a21d9405c56bee616adda27bfe4a847,15920,3960,11960,,,
2022-11-18T02:25:19.000000,b5d608997aef364347737985c44b6868,15920,3960,11960,2022-11-18T02:24:26.000000,naver,0.0
2022-12-31T10:25:56.000000,b878e0d7722712a3adee217fff6718a6,79200,79200,0,,,
2022-11-30T21:16:26.000000,6bcac5f568c44508e123f0177992c2be,15920,3960,11960,,,
2023-01-04T00:59:49.000000,16964c732909addbfe8f5bacc88f3c05,83200,83200,0,,,
2023-12-29T10:33:46.000000,07929e3a314f93f36c993ddbc3908f4a,95520,95520,0,,,
2023-09-05T16:39:48.000000,5e0b893ad0f5ac79c089ef7f0ea0b4e0,15920,15920,0,,,
2023-11-08T21:47:33.000000,e6de5dd6d2c683e1fb3c853e4cc26d92,15920,15920,0,,,
2023-03-17T14:15:02.000000,7bfb1ea07952e590040ea056b051eb9c,15920,15920,0,,,
2023-05-16T17:19:25.000000,a8a94daed908582dd528f0050f3e5353,15920,15920,0,2023-05-04T23:00:30.000000,kakao,11.76
2023-03-26T00:25:01.000000,62e57f09b8ff1a4c5c72a9935d51df1e,131600,131600,0,,,
2022-12-31T23:15:01.000000,5f56bbb5f93d46d98846f89d8c87f1d2,79200,79200,0,,,
2022-11-16T09:38:54.000000,92751120a0dd670f142bed5942768a11,15920,3960,11960,2022-11-16T09:38:04.000000,kakao,0.0
2023-12-13T15:43:08.000000,9ee2cc1c24bcb8bf2ded2bf6605a7718,95520,95520,0,,,
2022-12-06T00:04:12.000000,914c4d05783717659782924442de1e60,79200,79200,0,2022-12-05T18:30:24.000000,naver,0.23
2023-11-25T19:37:09.000000,4ed09d3481685f0762ce385b4442ba82,15920,14328,1592,,,
2023-12-27T11:29:28.000000,8144e86c8628aeafb6c87647ad46a1cc,95520,95520,0,2023-12-22T15:03:46.000000,email,4.85
2023-09-05T22:59:30.000000,cdb08ced8c98161dd6528b7dc2db3df6,131600,131600,0,2023-09-05T20:54:24.000000,kakao,0.09
2023-05-13T00:43:35.000000,046469242e1de011419057a9511925c3,15920,15920,0,2023-05-12T22:09:47.000000,kakao,0.11
2023-06-17T11:40:31.000000,bbaac7e66be43abf89352ada7639e745,15920,15920,0,,,
2023-09-14T14:32:08.000000,619f8673ed80c20ca380fcacefedcdaf,15920,13532,2388,,,
2022-12-31T02:14:52.000000,742b9270338e5586d85e71da24f43c6f,79200,79200,0,,,
2023-07-31T23:54:10.000000,8d8d48b0edd2ddb43b7fe0dd7d528bc7,15920,15920,0,2023-07-30T11:51:54.000000,kakao,1.5
2023-06-16T16:23:04.000000,6f326518e92d23e4e7e76b5285ebe450,131600,131600,0,,,
2023-05-08T17:09:45.000000,cd34885f91bb3b43662d47d1f7fec921,15920,15920,0,,,
2022-11-30T22:26:39.000000,65a89fa39b88c004f5a71399f501da25,15920,3960,11960,,,
2023-08-17T02:29:04.000000,a7df909746c73fe4fd0bfee33ec51cc0,15920,15920,0,,,
2022-12-05T19:28:13.000000,d411bb2b575604374b1c66c0446ace08,79200,79200,0,,,
2022-12-27T16:06:42.000000,482fc12cd58e21d806dd1b88611b8aed,79200,79200,0,,,
2023-08-09T22:25:45.000000,740c879d7c7f8744a046a7c511622eef,15920,15920,0,,,
2023-09-25T20:28:32.000000,8cbaca49dd0e97ecbb94b29f2b204f1d,15920,13532,2388,,,
2023-08-02T20:21:36.000000,06f8ec8faf14dde6a071a2bfa3e7035c,15920,15920,0,,,
2022-11-30T09:58:27.000000,185d395854cfa02f87731f0d08643fb7,15920,3960,11960,,,
2023-07-03T15:05:34.000000,fbf5b1e70ca78acadb69fd3d8605512e,15920,15920,0,,,
2023-07-21T09:20:20.000000,fbb4ac1003a827f5ab6ea987d67178a3,131600,131600,0,,,
2022-12-01T09:00:56.000000,2c949c283ccfd36f6fd9f558f16939f6,79200,79200,0,,,
2022-12-31T22:18:02.000000,36425f987fa9eae3cb4e25ac108c46fa,79200,79200,0,,,
2023-12-12T11:33:40.000000,e30f97716379b3e4390d00123de115bb,95520,95520,0,,,
2023-07-09T19:28:19.000000,529c9ffc159bf5ad29d16bbc87aefa2a,15920,14328,1592,2023-07-08T22:37:53.000000,naver,0.87
2023-10-02T20:46:02.000000,9c4ce0dbf4c3e92944c35a63ff59d42d,15920,15920,0,2023-09-30T14:20:45.000000,kakao,2.27
2023-08-17T17:45:38.000000,57623a8aa58be5d23457ac15a9794acd,15920,15920,0,2023-03-12T21:26:00.000000,kakao,157.85
2023-06-25T21:35:11.000000,4596a48db242b468d43e87dcf59aba5a,15920,15920,0,,,
2023-09-10T23:18:49.000000,048c2f0788e2d37684045e90aa3fe2d3,15920,15920,0,2023-01-23T19:50:40.000000,kakao,230.14
2023-12-31T14:38:38.000000,2dbade251006518d363cef9ec8eb65be,95520,95520,0,,,
2023-04-05T23:35:02.000000,2f5dcfdf600472d0c295aa197412da50,15920,15920,0,,,
2023-04-03T21:50:02.000000,e0c706df4916cbb88db82ba825c139b6,15920,15920,0,,,
2023-08-16T21:18:06.000000,dd7a6a59dd39bbdf40612c9ecdfbfc59,15920,15920,0,,,
2022-12-20T20:11:52.000000,cd2a41490f4413fe06964ee0f1a12c82,79200,79200,0,,,
2022-11-14T11:18:29.000000,7e568add68ad7c18c5e264b935a7cc42,15920,3960,11960,,,
2022-12-07T21:35:17.000000,9da517d9106c10972d1250fab07aae59,79200,79200,0,,,
2023-10-18T16:01:03.000000,df1e6be58735a33e96c6a23577d7db32,15920,15920,0,,,
2023-08-14T09:39:53.000000,04b9194b22825a6f1788bfe0d701f178,15920,15920,0,,,
2023-05-29T18:40:31.000000,96488b6bdb68673e4f02750b2a059cbe,15920,15920,0,,,
2022-11-30T14:43:02.000000,00619dda091c5dd3c15d43f1c89c8427,15920,3960,11960,,,
2022-09-09T17:45:02.000000,24e52e9e96b72227e531226f338712c8,15920,15920,0,,,
2023-11-12T23:29:56.000000,197e9482850c6efa3bd465338056cce4,15920,15920,0,,,
2022-12-31T00:10:01.000000,c5422dd9b9baf67ee20806d6cc75794e,79200,79200,0,2022-12-30T22:53:28.000000,kakao,0.05
2022-11-17T16:27:30.000000,60450e203aab577694d08984dcd74d14,15920,3960,11960,,,
2023-09-25T22:14:24.000000,08a4051a17b81ab4420c366b4de51a00,15920,13532,2388,,,
2023-10-18T15:03:30.000000,f6f9c5275297e6c99a53ff90ffef2dfe,15920,13532,2388,,,
2023-04-07T21:10:01.000000,01a799369d4f70bb4fc9d2f44166d18b,15920,15920,0,2023-03-26T01:37:46.000000,naver,12.81
2023-06-20T15:32:28.000000,764cbf71ac056723dd3ed6bf4908e7aa,15920,15920,0,,,
2022-12-06T13:27:21.000000,ad3729e4c23e682ee28580e758ffc59b,79200,79200,0,,,
2023-05-20T00:43:41.000000,103e2519f3868bcca960858ad09bcae1,15920,15920,0,,,
2023-01-11T17:08:30.000000,76457bb78bd2ef2c1d3324cb291ed963,87200,87200,0,,,
2023-01-11T14:24:06.000000,d93a935ddc16972266d9a3d0a5b16583,87200,87200,0,,,
2023-06-08T22:31:27.000000,3a0d48b2bdbe31f5db1eca5c7fe3751f,15920,14328,1592,,,
2023-03-05T23:13:12.000000,5a6a486d3d339836611099ef507fa72f,131600,131600,0,,,
2023-01-01T12:34:49.000000,a5b1dd3cf35d41171c8c48822d05d535,83200,83200,0,2022-12-28T21:53:14.000000,google,3.61
2023-08-10T00:15:34.000000,29afa61c4760616a01d4fe1492e0a3c6,15920,15920,0,,,
2023-07-31T11:08:15.000000,8f9c31247e800e36d90621299b46a95e,15920,15920,0,,,
2023-10-30T20:21:35.000000,da948a92ce6f03a997a827758de949d0,15920,15920,0,,,
2022-12-28T15:34:27.000000,39324fe2992d68ce104b87c239b1f6bb,79200,79200,0,,,
2022-12-24T12:46:34.000000,62bf6c890747af4f22120afaf1c702b1,79200,79200,0,,,
2023-04-30T22:45:02.000000,5dd77c8c0de9722daa9428678001e9ef,131600,131600,0,2023-04-23T22:37:43.000000,kakao,7.01
2023-11-08T13:43:26.000000,974c477d6c287e76f473c1757be83bdf,15920,13532,2388,,,
2023-12-27T21:09:54.000000,0501125292dae9df3762dbe13471e8d3,95520,95520,0,2023-12-12T22:26:31.000000,kakao,14.95
2023-09-04T17:11:56.000000,645f9de60c6c048bfd2a8e428ce62910,15920,15920,0,,,
2023-08-09T09:33:29.000000,a793603bfcffb73359448cca86dad0ad,15920,15920,0,,,
2022-11-30T20:17:23.000000,0c7fc78538d31868c538e2ed5e284cae,15920,3960,11960,2022-11-29T06:23:37.000000,kakao,1.58
2023-04-05T23:25:04.000000,bce5dc90b97993b9c6ba04325e363c2a,15920,15920,0,,,
2023-01-08T21:17:54.000000,be3d24e1f6d2352b380134ed032031e9,83200,83200,0,2022-12-04T12:10:58.000000,kakao,35.38
2023-01-24T15:26:52.000000,a9193c08485007438dcc0fc68f89f29e,91200,91200,0,,,
2023-05-12T13:25:59.000000,0528de8d1d8fbf670428d4139bf3009f,15920,15920,0,,,
2023-05-04T17:53:44.000000,deb8e98a38c9c36b571787cefb8e11c4,15920,15920,0,2023-04-14T02:09:14.000000,kakao,20.66
2022-12-29T16:06:41.000000,deb1995abab99fe5837fdd9d809be1cd,79200,79200,0,,,
2023-12-04T12:51:11.000000,4f755f4bbd998e0397d695fbd831d56b,15920,15920,0,,,
2023-07-31T16:22:32.000000,506ecac6eaba192b9d6b01229e1661cc,15920,15920,0,2023-07-31T14:14:56.000000,kakao,0.09
2023-11-17T00:36:21.000000,613351db50cecf8c5053bc2179a66862,15920,13532,2388,2023-11-16T09:42:07.000000,naver,0.62
2023-06-23T14:08:42.000000,904b599ffe7bb7a7a1e3fb848804955d,15920,15920,0,,,
2022-12-30T10:11:19.000000,27659d90d6017520e1f096dcc22fb053,79200,79200,0,2022-12-30T10:10:35.000000,kakao,0.0
2023-12-26T08:39:50.000000,602179bead578299d26203a61db3f51a,95520,95520,0,,,
2022-09-07T17:20:02.000000,a8e8513644134f98bdec9775456b83c9,15920,15920,0,,,
2023-01-02T21:56:07.000000,c9c13ef855239320ba82105839cdf9b8,83200,83200,0,,,
2022-10-13T20:30:02.000000,2605bbfe5231a7a65cffbdd0c579ce5c,15920,15920,0,,,
2022-12-05T08:55:51.000000,e79c3ce449b0a76480cc51b584baf625,79200,79200,0,2022-12-05T08:53:59.000000,kakao,0.0
2022-11-22T19:28:42.000000,f1266561ca53f6a8fa19a5d0fa81b188,15920,3960,11960,2022-11-22T19:27:52.000000,google,0.0
2023-01-15T23:45:45.000000,ec76fae4e6fbbcc28b3fc1420bd7574d,87200,87200,0,2023-01-15T20:41:58.000000,kakao,0.13
2023-06-08T18:39:32.000000,2c78997fbeccf68fabcdb6f50f0cf199,15920,15920,0,,,
2023-12-21T11:24:21.000000,ea2c0ef4043bd66811a8485ba0aab83b,95520,95520,0,,,
2023-01-10T16:19:06.000000,fd0b726ed21745fac7df3f60d9b2cef1,83200,83200,0,,,
2023-03-24T11:05:03.000000,3c7d662fb191e8ddff38af62eff31493,131600,131600,0,,,
2022-09-04T02:38:20.000000,4e0b0786d0716e1e5cd36ccdb2dfd6c8,42960,42960,0,,,
2023-01-26T20:46:57.000000,67506f8f6054201bd7a665168f69debd,95200,95200,0,,,
2023-01-31T10:33:25.000000,3722d5deb926976d0f78f78d09a1982a,95200,95200,0,,,
2023-01-08T08:15:06.000000,5c3795dd595eb2558420abac6e5da819,83200,83200,0,,,
2022-09-04T14:30:02.000000,8612024af211d634873ed5c25c8de7e6,15920,15920,0,,,
2022-09-13T14:25:02.000000,93a415deb35e67e8064dc55a4a774880,131600,131600,0,2022-09-06T14:10:17.000000,kakao,7.01
2022-12-12T20:57:45.000000,cee6cd39228bd277a04fb98d049d38ea,79200,79200,0,2022-12-11T00:20:44.000000,kakao,1.86
2023-08-21T08:34:09.000000,03f47d2d11c9d1d865e7f4bfa516adea,15920,15920,0,,,
2023-10-07T21:17:47.000000,4c2ec508ae47860bdef11c7ebfa43f75,15920,13532,2388,,,
2023-07-05T08:23:01.000000,f72f1cf630f881fc2724ebeb3559cd41,15920,15920,0,2023-06-20T04:30:29.000000,kakao,15.16
2023-08-22T01:19:29.000000,88a2169a2ec2d1e9ddb4c6e258139f52,15920,15920,0,,,
2023-12-02T22:08:38.000000,ea37c1141f43d0050393daa2195ecc75,131600,118440,13160,2023-12-02T14:11:56.000000,kakao,0.33
2023-06-24T14:59:42.000000,4391d36ea4e543eb9b5271e03cd75434,15920,15920,0,,,
2023-02-24T01:40:02.000000,46f584e74b08c7381de836566f81ff40,15920,15920,0,,,
2023-01-08T22:25:36.000000,b46c876279ec53a335d083ea90ec2627,83200,83200,0,,,
2023-01-26T15:41:44.000000,b453c08efc667c935ff87dd6db499c88,95200,95200,0,2023-01-26T01:18:38.000000,kakao,0.6
2022-09-12T10:20:03.000000,2f5539ac4cf05318d833f13c9ce1ee32,42960,42960,0,2022-09-05T09:37:40.000000,kakao,7.03
2023-10-14T18:12:15.000000,ae94aa624496caebcc4e48a52492ce6e,15920,13532,2388,,,
2023-08-29T09:52:05.000000,c8a3f371774dc622a6e096fc43eb108d,131600,131600,0,,,
2023-07-11T21:55:24.000000,fafa140be4da7438a7283beee457af81,131600,131600,0,,,
2023-04-03T05:45:06.000000,9a0ddb2588eec63a18e608ebac33293c,131600,131600,0,2023-03-27T04:53:12.000000,kakao,7.04
2023-06-09T15:22:09.000000,d7d9e3ad275735b0dd5427228217412f,131600,131600,0,,,
2022-11-21T00:36:52.000000,fa71a70918def7f4d884715a91521f4a,15920,3960,11960,,,
2023-01-30T11:53:29.000000,8e8a58dca055ce9f52e8e0350e671466,95200,95200,0,,,
2023-08-04T09:32:49.000000,83489f99e9c1429f646570c13decb51d,15920,15920,0,,,
2022-12-19T22:28:30.000000,60480bf2f292c8a38fc490916c19ed81,79200,79200,0,,,
2023-04-29T16:15:01.000000,77aadbaa96da43c8e0954475cfd299b6,15920,15920,0,,,
2023-05-28T13:44:00.000000,3894defb4dd56c25b41f21abe492996b,131600,131600,0,,,
2023-03-01T23:15:02.000000,ddc4cd72ca847f1207765f9e5d773888,15920,15920,0,,,
2022-12-06T21:50:00.000000,b6fc94a90bd4d9f6ab9c02b20e68a2e3,79200,79200,0,,,
2023-11-01T16:31:11.000000,f31c589819cb083b249a12a11f3f2386,15920,13532,2388,,,
2023-01-31T23:20:36.000000,7893e50522c35c5015428cd6c0f36850,95200,95200,0,,,
2023-07-26T17:23:43.000000,84251e27e17cf82b964d0e04f5d9817e,15920,15920,0,,,
2022-12-31T14:55:16.000000,5376956730aeb8c6e8f3022b34a58877,79200,79200,0,,,
2022-09-10T14:00:02.000000,f0f299123017deaab370fb0657d7ec99,131600,131600,0,,,
2023-12-14T23:23:37.000000,bda7bdcc242461fc21f48c92c98d9844,95520,95520,0,,,
2023-06-24T00:12:02.000000,b8a8d8ac787e309b1c69a9b5df659423,15920,15920,0,2023-01-13T10:08:25.000000,kakao,161.59
2023-07-30T22:51:29.000000,075456e00ad30b0896228bdd9449377c,15920,15920,0,,,
2022-09-09T23:25:02.000000,9f62f55bebe49fc2cb023fb054c9900d,15920,15920,0,,,
2023-09-02T15:28:38.000000,26e0d4cc42b374766e57142afe29accc,15920,15920,0,,,
2023-04-24T18:05:03.000000,a2ea1842f05b138828d0a37ad679dcad,15920,15920,0,,,
2023-11-19T19:21:30.000000,c9105a14af1f14fd343a7477c091e0ad,15920,14328,1592,,,
2023-12-26T14:29:21.000000,61e57aa0636310ef40ffa6889532185d,95520,95520,0,2023-01-31T15:04:40.000000,kakao,328.98
2022-12-29T23:23:03.000000,b6d59417c750054b6d80d7ce98e0db93,79200,79200,0,,,
2023-06-25T20:48:58.000000,ebe8946438c0c2781597f88307dd3a4a,15920,15920,0,2023-06-25T20:41:56.000000,kakao,0.0
2022-11-24T17:29:36.000000,0cf4705826e663bde87b874d836ebb77,15920,3960,11960,,,
2022-12-01T00:00:09.000000,ff136ba6f35b8eaadc3e27f3a9d02959,15920,3960,11960,2022-11-30T23:59:39.000000,kakao,0.0
2022-09-29T00:05:02.000000,e7076078143d46198f7ce6eea4444985,131600,105280,26320,2022-09-25T23:45:19.000000,kakao,3.01
2022-11-15T12:45:08.000000,6872dd002ffa213aa8f5c9244c2c7c9e,15920,3960,11960,,,
2022-12-10T19:34:10.000000,eb5feb5aef2f16e0e19d1ed83cb6d26d,79200,79200,0,2022-12-03T18:03:23.000000,kakao,7.06
2023-12-27T15:54:10.000000,c88c0dfc34414973fab2f5bf6901f026,95520,95520,0,2023-11-17T23:59:40.000000,kakao,39.66
2022-11-29T19:24:38.000000,e1eb6682d9babf9966e9d00066de475f,15920,3960,11960,,,
2023-11-24T13:17:24.000000,26e4a14b628a3b1f5fdfad566b8f9b6b,15920,15920,0,,,
2022-12-31T21:53:29.000000,9f0593ee7e7f16ad735742ebd70c02b1,79200,79200,0,,,
2023-09-25T13:26:30.000000,fa5f186cb6750cf4c44a74bc0122f145,15920,15920,0,,,
2023-12-23T15:16:55.000000,e878163856cdac57985dae65831aa0fe,95520,95520,0,,,
2023-10-23T17:45:24.000000,e44fcfb17733e29b47622e4e0d85452a,131600,131600,0,2023-10-12T10:25:36.000000,email,11.31
2023-03-09T12:14:35.000000,0ce9fc0b51f01c53e179da66cc66cbfc,15920,15124,796,,,
2023-06-12T10:32:00.000000,de9e7ddbbb9f6abe387e2c744c081ed7,15920,15920,0,2023-05-18T09:43:05.000000,kakao,25.03
2023-11-05T16:01:52.000000,8b12556328ebdb3c452e932486c409f2,15920,15920,0,,,
2023-12-25T10:03:53.000000,c855425cf7920413d69af03172c11717,95520,95520,0,,,
2023-01-17T23:43:53.000000,5b18adc706ff46b262361ed899fee9aa,87200,87200,0,2023-01-12T21:09:21.000000,kakao,5.11
2022-12-18T19:18:28.000000,35c1a376d3d16ae6f2994a8bbac283a7,79200,79200,0,2022-12-18T19:16:15.000000,google,0.0
2023-01-10T22:26:58.000000,a13cf108202a2957e1188605aa8508b0,83200,83200,0,2023-01-01T21:34:45.000000,naver,9.04
2022-11-15T09:56:40.000000,9b0f2bf122bb52777dd541b58981a742,15920,3960,11960,2022-11-15T09:51:05.000000,kakao,0.0
2023-11-12T19:53:23.000000,5404bf02688a2f636a0249c1bbc26856,15920,15920,0,,,
2023-10-12T21:49:45.000000,6a8095c59130829cee0e44f91bc605bf,131600,131600,0,,,
2023-05-25T21:07:44.000000,d228175a3aa842092449d92c771eb9c8,15920,15920,0,2023-05-25T00:31:50.000000,kakao,0.86
2023-08-10T19:57:37.000000,8dfe7677ca8d128da43f7dbe60dd50a4,15920,15920,0,,,
2023-04-21T15:40:02.000000,3710f37efc692d0a4ddf0436b068cb15,15920,15920,0,,,
2023-01-05T23:18:32.000000,a7273fc1b120b8e3fab6c7f98ddc55ef,83200,83200,0,,,
2023-08-06T23:03:29.000000,bd8776c959a48865d59b34d7660c63f2,15920,15920,0,2023-08-06T22:33:43.000000,email,0.02
2023-07-31T13:03:53.000000,412acb5da8acbb0caa71bbd94b44b571,15920,15920,0,,,
2022-11-30T14:56:34.000000,3e9fa2516fb061f07b2d2fedf06b772b,15920,3960,11960,2022-11-30T14:55:04.000000,naver,0.0
2022-11-17T21:02:44.000000,d91fe4015fa56e9cbab798646cb508e3,15920,3960,11960,,,
2023-01-25T18:08:44.000000,1764aefaebea664b10ea97379d5212cb,95200,95200,0,2023-01-25T18:03:16.000000,kakao,0.0
2023-06-15T19:50:07.000000,147432f7f18db0aa9e2b2888085943b5,15920,14328,1592,,,
2023-04-07T23:40:03.000000,cad9a42d830a1ee94b6122bd5a9e74b8,15920,15920,0,,,
2022-11-01T19:35:02.000000,b391e4a76c84645e518dd38e2f3d9e84,42960,42960,0,,,
2023-07-30T22:08:26.000000,4e2b19d1f6b5c89189740e49c31f7dc4,15920,15920,0,,,
2023-01-10T22:50:50.000000,14ece1e920849918ad1b6b2fa2db8aeb,83200,83200,0,,,
2023-07-31T16:49:35.000000,3cc4092b2adfc2e82581da4813356d94,15920,15920,0,,,
2023-07-29T20:16:53.000000,31fe31da4cedd37dafc1e15f40d9a45c,15920,15920,0,,,
2023-08-17T08:14:54.000000,346fdcbfaf25272d8223766b9ed786ba,15920,15920,0,,,
2023-07-06T16:26:30.000000,bf69b7097ff946198a0c0014cc10b393,15920,15920,0,,,
2023-11-11T10:37:03.000000,58c241806ba1d18eb2780ee649ec1312,15920,15920,0,2023-11-11T10:31:27.000000,kakao,0.0
2023-11-24T15:14:42.000000,08820c5323a9fc1c2e71c9e1fafe4847,15920,13532,2388,,,
2023-07-01T22:25:39.000000,e321b40dd8cf29cb3f0309ca02671aee,15920,15920,0,,,
2022-09-16T02:20:03.000000,26d33b5fe7a3a21baed70d896d6c3708,15920,15920,0,,,
2023-08-15T15:04:09.000000,ff14b395b666779e08c68d70edba45d8,15920,15920,0,,,
2022-11-30T19:09:27.000000,27285cdf9361b2c5d4db2a9b79ea6be0,15920,3960,11960,,,
2023-04-11T15:55:02.000000,0b19bc7a5b808919e081cc9d2a1fef59,15920,15920,0,,,
2022-12-27T16:42:20.000000,fe3db7505b70be478c55f67b5fa2a597,79200,79200,0,,,
2023-12-19T15:08:23.000000,9f6da2d8f56febfc162da6ffab2f8ddb,95520,95520,0,,,
2023-05-06T10:15:02.000000,436c5a7d44678bb6c014d03c1accbfbc,15920,15920,0,,,
2022-11-08T13:15:02.000000,ab2452be04442b064a1a976f04da73fe,15920,15920,0,2022-11-01T10:55:02.000000,kakao,7.1
2023-08-19T01:08:20.000000,db8a916076a64dc766e30b0742e3aa72,131600,131600,0,,,
2023-07-13T13:34:57.000000,5601b15a8c33c41506377aec94635b05,15920,15920,0,2023-07-13T01:15:32.000000,kakao,0.51
2023-12-05T18:56:34.000000,3f69fbb5a24e5cd990f433ac92cf54a5,15920,15920,0,,,
2023-01-09T00:46:51.000000,67efea4650bbded0528443c462d97669,83200,83200,0,2023-01-09T00:44:51.000000,kakao,0.0
2023-08-26T21:07:16.000000,e3d30788a7e03b46bbdc210534e73084,15920,15920,0,2023-08-22T21:07:41.000000,google,4.0
2023-07-19T01:23:04.000000,0a6a6b3123d4671eb758c60ecd3e5e6d,15920,15920,0,,,
2023-09-07T10:31:28.000000,cd212d7edcb6221201a5d8b17f261ab1,15920,15920,0,,,
2022-12-25T21:26:08.000000,9f957cba4296d4546fc3188b4340820b,79200,79200,0,,,
2022-12-30T22:32:28.000000,6a1df64683752d1413e655828425ccad,79200,79200,0,2022-12-30T22:27:51.000000,kakao,0.0
2023-10-13T15:34:44.000000,99044f81ade9f07bf4a7dad0245671ea,15920,13532,2388,,,
2022-11-18T03:05:02.000000,e3f57eb4fb3241a82edc3101296b2b93,131600,131600,0,,,
2023-01-19T12:21:22.000000,dff674eda8ac09d3814dd1a511d58d42,91200,91200,0,,,
2023-02-20T23:10:02.000000,adeadaec566e9303da968f88e535f288,131600,131600,0,,,
2022-11-17T13:30:43.000000,f1b88c0b53f90a53572864671bfc191b,15920,15920,0,,,
2023-03-01T14:30:03.000000,5f6f98ede814e94c8b9f7b347ec39152,15920,15920,0,,,
2023-07-29T21:05:30.000000,4302f592e2dca287cae3bcd30799ed6d,15920,14328,1592,,,
2023-12-16T20:32:37.000000,125413a55b9a437dff5aa502201bd2ea,95520,95520,0,,,
2023-11-22T00:25:43.000000,950388dc25a0b384e96454f9f8d53053,131600,111860,19740,2023-01-27T01:04:50.000000,kakao,298.97
2023-10-06T14:42:51.000000,21e31268c013b240b792d9534d32c4c3,15920,13532,2388,,,
2022-11-07T17:22:07.000000,35b62fcdd67cf502be96778e9d00237b,15920,15920,0,2022-10-31T17:18:38.000000,kakao,7.0
2022-11-18T18:36:32.000000,c9deb16fa0548fd4948e867e4ca1cd2c,15920,3960,11960,,,
2023-02-28T17:00:04.000000,a8eaa728e163fcc37d63a580eded87e1,15920,15920,0,,,
2023-01-10T00:31:24.000000,8ad695e9e4a9e3ad4d5e17e0a6f0f522,83200,83200,0,,,
2023-01-04T20:47:56.000000,bafb05a382aa53e382927214733352a9,83200,83200,0,,,
2022-12-31T19:33:58.000000,474e49435482aedcae36a6c7d54a4380,79200,79200,0,2022-11-06T15:00:02.000000,kakao,55.19
2023-07-09T18:35:03.000000,1494b4de4f43cd8f7ac048bcea11705f,15920,15920,0,,,
2023-01-24T14:57:55.000000,82174322645ff24a5570c5c4e87ea8f3,91200,91200,0,,,
2023-02-08T20:00:02.000000,d1282438ce7868c2d05d38d037c12b2a,131600,131600,0,,,
2023-03-20T22:00:02.000000,3242743501acee649607722f7ff54ab0,131600,131600,0,,,
2023-01-16T08:29:22.000000,f4edae9b247c0358cea304c00acee994,87200,87200,0,2023-01-16T08:27:54.000000,google,0.0
2023-01-24T20:56:47.000000,b3a0737e3c75cb3b41be6bc0f30fe8d2,91200,91200,0,,,
2023-04-18T02:40:02.000000,18b4cd6f6baea9a13c4d7b1b46bd6108,15920,15920,0,,,
2022-12-18T21:15:30.000000,1d4a3d302f96bcd75bd2c0f05500387d,79200,79200,0,,,
2023-05-05T11:26:14.000000,e2ca1f16ed08d273140a4a3e2abcaac3,131600,131600,0,,,
2022-12-02T22:58:35.000000,ade322d8b70121d6d67954117839da54,79200,79200,0,2022-09-29T09:44:50.000000,kakao,64.55
2023-05-22T20:21:55.000000,87b5b2dc81784aa50142b97a5661b2f7,131600,131600,0,,,
2023-01-02T14:00:49.000000,0a3663bd4fb55fc6ef2838fe991a09a2,83200,83200,0,,,
2023-01-24T23:47:56.000000,094eb223e297bbb98c9b1a145f13e459,91200,91200,0,2023-01-24T23:42:03.000000,naver,0.0
2022-12-31T13:44:57.000000,ed00e99f262fb40f6944e314339dba45,79200,79200,0,,,
2022-11-01T15:55:02.000000,acb1cafc3271b1dfc9cb327eade32504,15920,15920,0,,,
2023-11-19T23:50:48.000000,59aa1d025c5eb0634de90bcdb514504e,15920,15920,0,,,
2023-04-30T13:40:02.000000,f26916e0744591e4499e17d6c8d04eba,131600,131600,0,,,
2023-06-28T21:28:54.000000,2d9aa90c5ab9656fa6c50580c90d8508,15920,15920,0,,,
2023-01-31T18:12:50.000000,9fe67434aaba9694b06bd1f27168740d,95200,95200,0,,,
2023-11-08T00:50:49.000000,a5d078e16b36b234f12cd03521b7b6e9,15920,15920,0,,,
2023-01-10T22:25:39.000000,53ad2a305f843e18b5521eb8bb3f830c,83200,83200,0,,,
2023-08-25T17:08:38.000000,41c83eab31f813a30269a8381e67ac03,15920,15920,0,,,
2022-12-31T06:51:21.000000,9416cc6f4d06c4d0e379f3f89431e4f0,79200,79200,0,,,
2023-07-30T22:29:20.000000,fd873408e48fcdb1a4c590403dab7a63,15920,15920,0,,,
2022-12-31T20:59:55.000000,23869a05c8bad71c1d361621e5a50977,79200,79200,0,,,
2023-05-27T20:27:02.000000,43c31b11847442820fa4cec39fdc696f,15920,15920,0,,,
2023-01-04T21:48:07.000000,c3eadb060992b34712ecd000e57813aa,83200,83200,0,2023-01-04T13:05:15.000000,email,0.36
2022-11-30T21:50:30.000000,87e5bdc877ec261ea2d2eb4d337b45a0,15920,3960,11960,2022-11-30T21:26:28.000000,naver,0.02
2023-02-22T20:01:55.000000,5223f8dd8c7f79fc54e0834fbd2ff1aa,131600,131600,0,,,
2023-01-30T19:56:36.000000,f5690f2d11646d108b746fd3e206e685,95200,95200,0,2023-01-16T23:32:37.000000,kakao,13.85
2023-01-10T23:11:14.000000,d9a366c40f194d3e1f2d379e8742210c,83200,83200,0,2023-01-06T14:41:20.000000,kakao,4.35
2023-03-12T17:46:14.000000,79421b5d038205ad7adbb1e2c3b89741,131600,119756,11844,,,
2022-12-31T21:17:58.000000,89d4077ba896854c5436f7d07fabbd57,79200,79200,0,,,
2023-01-16T12:16:34.000000,37813969c1809ac5d5c42187ff4e41f0,87200,87200,0,,,
2023-04-04T20:45:01.000000,ceee8d208f1ebf28b35d3550cd46aea4,15920,15920,0,,,
2023-01-17T21:14:34.000000,32a788a0cefdddc3a30e26944ea9ac1a,87200,87200,0,,,
2022-12-09T10:04:11.000000,879687a97f0f3048ea13b68c1f455712,79200,79200,0,,,
2022-12-30T20:09:12.000000,85c5bcec5c25ad516152420bc599eb4e,79200,79200,0,,,
2023-08-28T23:09:54.000000,c02ede733e9d76ba0293f63c64c8fb5c,15920,15920,0,2023-08-28T22:17:43.000000,kakao,0.04
2023-09-02T06:18:08.000000,d3ca07d7126a9ce4cc42ba071aaa6069,131600,131600,0,,,
2023-01-13T18:39:22.000000,6cb0eb197231110cd452168cab3be184,87200,87200,0,2023-01-10T13:13:15.000000,kakao,3.23
2022-12-31T21:28:23.000000,9022e9094c78b05b69ba24c61b2fc577,79200,79200,0,,,
2023-12-27T23:41:01.000000,861c77b7793552900dee88f4f1f9a555,95520,95520,0,,,
2023-07-14T12:14:39.000000,4cdf8d57faacb590b6ca7717843643fc,15920,15920,0,,,
2022-10-31T21:55:02.000000,018dac4c023f0a6f60015ab4bb23ad41,15920,15920,0,,,
2023-11-14T22:47:27.000000,d96df129b3854af481bdde4694e8d145,131600,131600,0,,,
2023-03-10T14:08:07.000000,8362ac11a8dcf9cbc1ada7bac3f14d2e,15920,15920,0,,,
2023-05-06T00:50:00.000000,f2f79d46390b022c1dfe06271b6be7f9,15920,15920,0,,,
2023-07-15T16:24:29.000000,09e4af1f58b1682293822a6e5a28622d,15920,15920,0,,,
2022-12-16T17:10:02.000000,7a199e52b0eee7e8cb84b4a0da164dfa,79200,79200,0,,,
2023-07-25T21:52:26.000000,a73e12bca8e0c66e1ff672d07f114cec,15920,15920,0,,,
2023-07-31T16:23:22.000000,6e820e7665a7a9c7f72252479f539752,15920,15920,0,,,
2023-07-21T04:19:27.000000,ff9e567b9c026b9b08cd110dd9e73716,15920,15920,0,2022-12-22T21:05:03.000000,google,210.3
2023-06-29T12:47:18.000000,36653747f883fa63291754fe977d055e,15920,15920,0,,,
2022-09-01T17:05:03.000000,e94772dccd3b3d307bb2d534a4844e80,15920,15920,0,,,
2022-12-31T17:09:56.000000,e132e6806f12c35c6df3f2e3de961761,79200,79200,0,2022-12-31T17:01:26.000000,naver,0.01
2022-12-07T18:45:45.000000,8e6e0d6608c243273161aeccfebada3b,79200,79200,0,,,
2022-12-08T22:56:47.000000,763c16db721348a46bc488129af8d4cf,79200,79200,0,,,
2023-04-11T20:40:03.000000,80534c7304a6b9bc9edd76bb0e6d5d60,15920,15920,0,2022-12-02T18:18:15.000000,kakao,130.1
2023-12-27T10:23:42.000000,ee43d68b52a0eb54d1a52d03fc64dac6,95520,95520,0,,,
2022-09-24T20:10:02.000000,98121f08674a45378f1be1872a39ee66,15920,15920,0,2022-09-21T20:03:02.000000,kakao,3.0
2023-11-06T22:42:55.000000,20ab1c310b42933cfcc66528e4190cdb,131600,111860,19740,,,
2023-09-07T18:00:26.000000,6105c1e095cabd500012e3b4a150892d,15920,15920,0,,,
2023-03-27T20:10:02.000000,a34f76161e5119cf30f0ffa324e22909,131600,131600,0,,,
2023-04-13T10:40:03.000000,5127c8deb2e039b6c0f86d27c2f880e8,15920,15920,0,2023-04-06T10:33:30.000000,kakao,7.0
2023-06-25T17:52:58.000000,f4ae2294c2f821ae13460c9427001e6d,15920,15920,0,,,
2023-07-12T11:37:41.000000,e08bb55bfd07887b987343113c384626,131600,131600,0,2023-07-05T19:19:26.000000,email,6.68
2023-08-25T23:07:19.000000,a86929c05e79cf04f02a5ca2f1690820,15920,14328,1592,,,
2023-12-21T22:01:07.000000,b8b10b038f07d2a3193e89e872703c65,95520,95520,0,,,
2023-01-27T16:33:54.000000,a59b5d139d5fc325bb44b117d7038984,95200,95200,0,,,
2023-12-27T20:15:21.000000,8be7e02099771a4ab1c3daea5add76b7,95520,95520,0,,,
2023-11-22T15:00:34.000000,fd281b5015ab84f8dcb7908e2889ef5e,15920,15920,0,,,
2023-12-28T12:15:51.000000,b367bcecbefa0fb07421b9c1a787db0b,95520,95520,0,,,
2023-12-28T22:01:36.000000,4f5066ed951b47d6ebf9084cff857350,95520,95520,0,,,
2023-10-20T23:09:50.000000,9ebb94d3c32d30a9cdf24eb57e714f72,131600,118440,13160,,,
2023-08-02T08:52:52.000000,4e08c14cc2833a93b715bca22ccddf2b,15920,15920,0,,,
2023-07-23T19:29:44.000000,303de5412b50793bf4a08664d6746066,15920,15920,0,,,
2022-11-16T16:30:03.000000,805ad3945616300f4fdfa1e12f02ad6a,15920,15920,0,,,
2023-01-05T22:04:23.000000,d4acc50494d88181a3672c24c4d62fee,83200,83200,0,,,
2023-01-27T04:44:30.000000,637c25e0153dcf7c83036510ba53a289,95200,95200,0,,,
2023-04-11T21:20:02.000000,7c05c2ecf1738d6940acf425546a8511,15920,15920,0,2023-04-04T20:15:16.000000,naver,7.04
2023-06-28T09:39:26.000000,1543b48f7f958ce83fefa24459b97639,15920,15920,0,,,
2023-05-11T12:27:18.000000,5449e40c68c3561c54d20d4311bcfbf7,15920,15920,0,,,
2022-11-30T13:14:51.000000,7344059d19b732bd960361157dcfb45a,15920,3960,11960,,,
2022-12-20T16:33:35.000000,140bbadf99e95eefb36e26f48733db69,79200,79200,0,,,
2023-12-05T13:46:24.000000,953a3fe9a13c68a9b29ecb51452fd855,131600,131600,0,,,
2022-11-29T11:53:19.000000,33bcc53eda80d1edadb74f88058314e7,15920,3960,11960,2022-11-29T11:48:53.000000,kakao,0.0
2023-03-02T13:00:02.000000,634ea9ef97d61e576ad189f7454ab05f,15920,15920,0,,,
2022-09-29T20:15:02.000000,ae0560bfd2045019ac34f05ad7eee4c2,15920,15920,0,,,
2022-11-19T16:29:27.000000,2f50723a31b3daddc340c5790fa2f772,15920,3960,11960,,,
2023-06-22T16:38:03.000000,a3971b424fa12035b624547f2ec48f94,15920,15920,0,,,
2023-11-24T15:07:49.000000,f4d91433c217a1de27d66930160371de,15920,13532,2388,,,
2022-10-14T20:50:01.000000,c1450da97400a48dfb04ca411c515105,15920,15920,0,2022-10-07T20:46:02.000000,kakao,7.0
2023-09-03T19:20:09.000000,e114cbc943dc01c5280a48c9686774bc,15920,15920,0,2023-09-03T16:02:42.000000,kakao,0.14
2023-02-24T23:55:02.000000,d51dcfdea1de0b8c93253b11ad121d74,131600,131600,0,,,
2023-05-21T12:54:07.000000,ef84676cf44863dd7b642a193a0f8da7,14328,14328,0,2023-05-02T17:55:51.000000,email,18.79
2022-12-23T15:00:11.000000,c59be971ee2e5ecd0317de579c8b109c,79200,79200,0,,,
2023-01-21T22:25:04.000000,8f6ed62ac15e0bb0a22e42ac22d678b2,91200,91200,0,,,
2023-07-19T22:41:53.000000,b0033cdaf352e512c309e05ce99401cf,15920,15920,0,,,
2023-10-17T01:04:55.000000,36a9ee7133ddc349a061666377023610,15920,13532,2388,,,
2023-11-26T21:16:02.000000,9ac993522fec01d8111e5cb376647a6c,15920,15920,0,,,
2023-06-23T00:11:07.000000,63681052a725cbb40f1e7666557a7461,15920,15920,0,2023-05-15T23:35:30.000000,email,38.02
2023-06-27T14:48:16.000000,8497ec07ca09b50d845f735ac754f055,15920,15920,0,,,
2023-05-17T01:17:26.000000,6877bd6e7f8a06ccc2614e0a35da29d4,15920,15920,0,,,
2022-12-20T22:22:42.000000,e269d55c2875e50e33cebc082e5b0f67,79200,79200,0,2022-12-20T22:17:25.000000,naver,0.0
2023-09-03T22:42:11.000000,df67483771f81f9217d31d9c3f194c25,131600,131600,0,,,
2023-01-24T23:45:43.000000,0554a2b1dfb6f8855947a7141918e428,91200,91200,0,2023-01-06T17:07:46.000000,kakao,18.28
2023-12-06T19:59:30.000000,92150c149ebd4a9a099605b53318363e,131600,131600,0,,,
2023-06-25T23:30:35.000000,b159a668deb9a5c40616239297ccab14,15920,15920,0,2023-05-02T22:18:36.000000,kakao,54.05
2022-12-31T00:38:49.000000,77d778bd2fe45306c1fb4064c3a83e77,79200,79200,0,2022-12-31T00:35:45.000000,naver,0.0
2023-12-27T19:17:28.000000,36f17313e349abc6353299a93d09f029,95520,95520,0,,,
2023-01-06T20:33:19.000000,664ca4281706d92283115e8c285fff36,83200,83200,0,,,
2023-07-19T19:51:23.000000,f64733c8f007d68414821eeffa3c6bed,131600,131600,0,,,
2023-02-20T19:20:02.000000,7be017207fc94692e98af29005092628,131600,131600,0,,,
2023-08-22T13:10:32.000000,550cd91e03b8e9831976d7fc2b9aadd2,15920,15920,0,,,
2023-12-08T15:04:29.000000,a6a86f121c1958d453588ce75a008ec8,15920,15920,0,,,
2023-08-02T16:51:43.000000,3767d4c7a827422fccf61d45ae889669,131600,131600,0,,,
2023-08-30T16:44:29.000000,0c5f3781949a6cbdbe258f9e55a76788,15920,15920,0,2023-08-30T15:37:18.000000,google,0.05
2023-01-12T17:14:51.000000,5fd9d575cc01c0cee36d3d346344ca7e,87200,87200,0,,,
2022-09-13T21:05:02.000000,dcf5c5a3811145fdf3aab30b62b8b7fa,42960,42960,0,,,
2022-12-28T12:16:04.000000,a647d1e414c2b8b0fb0f8bb02e0ea335,79200,79200,0,,,
2023-07-31T16:18:20.000000,48552c32669c8d6afa879ebfc2dbe7cd,15920,15920,0,,,
2023-12-31T18:08:21.000000,0c4751a09b72a0d572a05257335476d3,95520,95520,0,,,
2023-11-15T11:50:50.000000,f546778af9f8ad5c106456547634b905,131600,131600,0,,,
2023-04-02T21:25:02.000000,8964a50f5140f81ceaab86259b954649,15920,15920,0,,,
2022-12-20T22:30:31.000000,5113825b21055093bb8a1498c89b06fd,79200,79200,0,,,
2023-06-13T19:44:58.000000,7a7cafbcd61b100f33afa291a9dd0b4b,15920,15920,0,,,
2023-09-06T13:09:08.000000,7d6d38b88113a4f5f7758db3f7e88e04,131600,111860,19740,,,
2023-11-25T11:30:48.000000,0d827f6ba06e602f84815189f772ed99,15920,13532,2388,,,
2022-12-31T21:09:22.000000,4f199318e542c05378696252f3c0398d,79200,79200,0,,,
2023-06-28T16:03:09.000000,a03996ee68f4926f0566a64d0ae8a1d6,15920,15920,0,,,
2022-11-30T12:43:50.000000,c002b8d46a8e4f3a840c455e50245786,15920,3960,11960,,,
2022-12-28T23:43:26.000000,35f6f9e4f9ab176244e7479dc5b7268d,79200,79200,0,,,
2023-03-23T19:40:02.000000,6e396e44a6f1ca8be96516303359f120,131600,131600,0,,,
2022-12-11T15:30:03.000000,8a366d1d45fb3320442afb61ea2c7468,79200,79200,0,,,
2022-10-03T18:50:02.000000,1edafbf483afdb5c21d1d091d4b329b2,15920,15920,0,,,
2023-12-30T20:41:13.000000,9344cf82d12149b742f28b0feec8bb40,95520,95520,0,,,
2022-11-16T11:46:49.000000,a9d995915f01acf197d94d837f362b79,15920,3960,11960,,,
2022-11-19T14:42:10.000000,9f2f37b3dde33c83b7ed54ea00f7a70b,15920,3960,11960,,,
2023-11-03T23:51:38.000000,1a67d9136fcb120b5912b005d7b6392d,15920,15920,0,,,
2022-10-08T03:55:02.000000,de8cfe1c337f5eb6e7b4f3164ee039d1,15920,12736,3184,2022-10-03T15:21:32.000000,kakao,4.52
2023-11-09T19:46:51.000000,e05f2eccfb5268862cf0dcbb0799b3e3,15920,14328,1592,,,
2023-04-20T00:49:15.000000,213c4896806522f21fb8130be4cbf50e,15920,15920,0,,,
2023-09-01T13:03:26.000000,af6fc4bc7c6ca866b52b33ffa103567f,15920,15920,0,,,
2023-09-11T21:12:25.000000,8022387331f179262563b715a348343d,15920,14328,1592,,,
2022-11-17T09:05:48.000000,ed87c716c8f6ff8571c22266b0f9dfe1,15920,3960,11960,2022-11-17T09:04:46.000000,kakao,0.0
2023-07-03T14:56:29.000000,48f7c0052740ed26b9d49e1bee9e3abd,15920,15920,0,,,
2023-01-25T09:00:35.000000,df6a257f9ff2b54dcd7303047fbe3fe0,95200,95200,0,,,
2022-12-27T11:02:16.000000,6d1257592f37d566db360888085408a7,79200,79200,0,,,
2023-01-03T12:30:02.000000,cda1c98283450e6bef003f9a5c17f903,83200,83200,0,,,
2023-06-18T20:40:56.000000,c160c0d52e48640b5010ac3bfa8bc5de,15920,15920,0,,,
2023-01-29T20:03:34.000000,b7733578d538b4e8907032db3ba09d14,95200,95200,0,,,
2023-01-07T20:30:29.000000,86094f5bc3d03adbf55092dac5e92bf0,83200,83200,0,,,
2023-09-02T11:06:15.000000,31bae2bee7c0cd4a59877e8e087935a4,15920,15920,0,2023-08-28T08:45:42.000000,google,5.1
2022-11-14T19:00:45.000000,56701cfa595af83badf732b08ca4974f,15920,3960,11960,,,
2023-12-22T16:32:35.000000,673556273388b4b178b6a4d316d0d5d6,95520,95520,0,,,
2022-12-20T11:00:36.000000,ddef64d8baa2e32bddbe894e4345a969,79200,79200,0,,,
2023-08-15T04:38:58.000000,8243530958654775c7cad196b6be5068,15920,15920,0,,,
2023-01-18T20:31:55.000000,76a72edb3393098d04ce8baa61d1c3e4,91200,91200,0,2023-01-18T17:57:24.000000,kakao,0.11
2023-03-31T22:30:03.000000,d9b4c72569c9d909358d12660a941ea4,15920,15920,0,,,
2023-07-18T23:45:56.000000,2afbc143863236a1d10de542a8547ff3,15920,14328,1592,,,
2023-03-30T16:40:09.000000,d448992ebd471d1db0aa2ee17ebde3a8,15920,15920,0,,,
2022-10-16T18:15:01.000000,15decae6e320760ef67d4efb821b77e9,15920,15920,0,2022-09-25T16:34:38.000000,kakao,21.07
2023-06-25T23:46:10.000000,894ea5a1a4d8bb26d77605632b799ca3,15920,15920,0,2023-06-13T01:53:40.000000,kakao,12.91
2023-11-19T22:49:55.000000,f35d6614e34cf99b9fe25a84f193d4c1,15920,15920,0,,,
2023-09-06T22:43:47.000000,22c93998b7a64cd43bc44147fb27cab5,15920,15920,0,,,
2023-06-23T01:30:57.000000,310e2f74e0848fe174bba8861bf173eb,15920,15920,0,,,
2022-12-22T00:09:33.000000,766dddc5c37494b34828789d523ef456,79200,79200,0,2022-12-22T00:06:24.000000,kakao,0.0
2023-09-21T15:32:32.000000,ed2fb54842833453257835d6c4580ed4,15920,15920,0,,,
2023-05-23T18:40:04.000000,0dbad224603946863ba7a506bf56cad0,15920,15920,0,,,
2022-12-20T17:53:03.000000,ffae54335e0c7eb8545b8453dc36b118,79200,79200,0,,,
2022-09-10T14:00:02.000000,46de8285ca7d06a45e10eb989d334531,15920,15920,0,2022-09-03T13:52:22.000000,kakao,7.01
2023-01-17T21:56:46.000000,207674a36ace1d90a4e2172600f2fc11,87200,87200,0,,,
2023-08-16T14:20:20.000000,b99be046daa1e51b0939fa8546c07fbd,131600,131600,0,,,
2023-06-25T21:43:57.000000,e89e4e2060831b7c78e29482a6bc4198,15920,15920,0,2023-06-25T20:35:51.000000,email,0.05
2023-01-13T10:05:42.000000,216590d09dde552a48cec3c450f4d275,87200,87200,0,,,
2023-02-08T19:25:02.000000,9efdec3fcb9a3adb38d597971da34ff5,15920,15920,0,,,
2022-11-18T09:28:47.000000,e9ecb2f82b19d2762ed83893deda16cc,15920,3960,11960,,,
2023-10-29T21:07:41.000000,8b7c3fc57e25ea8beee7592dbda6cedd,15920,14328,1592,,,
2023-12-28T18:11:12.000000,d741134031b312f68c0821c905d9dd56,95520,95520,0,2023-12-25T17:04:51.000000,kakao,3.05
2023-10-23T16:05:25.000000,6f7b85da15cfc14d92e164cff5fe7ba9,131600,131600,0,,,
2022-11-15T00:51:42.000000,2d7b0be6e34c04fd8da1209f449556fa,15920,3960,11960,2022-11-15T00:50:13.000000,naver,0.0
2022-10-18T17:00:02.000000,182f52b6dcc8288afce0a629b4de3a9f,131600,131600,0,,,
2023-01-23T16:36:11.000000,056f52187680df5d699d56d122030b68,91200,91200,0,,,
2023-01-31T19:18:21.000000,8fb0198a7752df655e883d9b536a7cdd,95200,95200,0,,,
2023-01-10T22:09:37.000000,0cf8609b0395ff63fdb2bdb37b298d64,83200,83200,0,,,
2023-04-07T10:39:52.000000,087ec55edb4ca0caf7b1d5bc1c974e34,131600,131600,0,2023-03-30T15:39:15.000000,kakao,7.79
2023-01-10T23:02:04.000000,1f9bf74b60ca9ea799bb6310d7451b66,83200,83200,0,,,
2023-10-02T19:15:20.000000,df6dc2443354ff6c08325632507666b6,131600,131600,0,,,
2023-09-08T10:25:22.000000,7524201cb33c44f8f77ea189585c5cb9,15920,15920,0,,,
2022-11-01T19:10:34.000000,1da0b4afbbf62bbfa74e8e22c710919c,42960,42960,0,,,
2023-10-27T15:49:26.000000,decaaf08286f353b53830c22c5ec0a1c,131600,131600,0,,,
2023-06-29T23:20:53.000000,24f99005f131a93eb16f67827c90a54c,15920,14328,1592,,,
2023-09-01T17:54:20.000000,11cdafa281650cc058e4c2c10a731ce6,15920,15920,0,,,
2022-09-06T07:50:02.000000,fa760b883117b9bc3405f62d7df23240,42960,42960,0,,,
2023-12-23T17:29:53.000000,7192f44bcca2ab50e0dcf9a14a6fcafb,95520,95520,0,2023-12-23T17:26:27.000000,google,0.0
2023-12-16T19:37:09.000000,481247c0a2d1dcc3a0ed3e8db9f46ccb,95520,95520,0,,,
2023-06-19T14:36:28.000000,25cde95a660257ec4bba08d61225d849,15920,15920,0,,,
2022-11-30T09:45:07.000000,d8f434da08f9bb539e0e81db4ebaac9f,15920,3960,11960,,,
2022-11-22T22:31:03.000000,11d6b2d4ac91f73d28d3ac5c11f59708,15920,3960,11960,,,
2023-08-03T21:14:18.000000,e01394b8c729b04bd032eb54a6f9faec,15920,15920,0,2023-08-02T12:25:29.000000,kakao,1.37
2023-11-16T22:14:56.000000,515db670fe03711f64d9a22ed01485ff,15920,15920,0,,,
2023-01-17T22:29:20.000000,18bc0eca109c1d30d5e56af248d0eff4,87200,87200,0,2023-01-15T21:45:47.000000,kakao,2.03
2023-06-05T14:27:54.000000,18ef5a6baa09b8ab4e2ff08b215e94ab,131600,131600,0,,,
2023-12-30T18:45:58.000000,196b303ac36a6abddb0011481d9ddcc3,95520,95520,0,,,
2023-06-23T18:14:44.000000,c889865ef35e4b1b12747f88079328c5,15920,15920,0,,,
2023-05-29T20:30:57.000000,863b8f15ddde7f40a6ba07bb7df85df1,15920,15920,0,,,
2023-01-05T21:20:39.000000,95ba4583a7682fcdb3190e1757c13b77,83200,83200,0,2023-01-05T19:57:06.000000,kakao,0.06
2023-01-02T21:15:52.000000,95c2178799fe61408fc46d4d497e5f4d,83200,83200,0,,,
2022-12-30T05:05:44.000000,44a560fa75a061ee1ed9c1d673bcb5d8,79200,79200,0,,,
2023-12-27T23:16:58.000000,6bceadeda56b28c267f59a8e00724ed1,95520,95520,0,,,
2023-10-07T00:56:36.000000,e7aec29bd2bfa8b26aca1784b61ff3a0,15920,15920,0,,,
2023-07-11T16:11:40.000000,46804eecc8f8594337f9ed05ccc91811,131600,131600,0,,,
2023-09-22T17:43:23.000000,a1fcf4f8c8f274800a0e8f8ccdf56df7,131600,111860,19740,,,
2023-10-09T22:39:22.000000,4b9bfd2350cf23a0e956e74a18d5cca1,15920,15920,0,2023-10-09T22:38:13.000000,naver,0.0
2023-05-02T12:25:02.000000,a266146c4802532d63bb327da7c571d5,15920,15920,0,,,
2022-12-31T23:13:34.000000,0b93cbbbefb74514265d7b56c639c3ba,79200,79200,0,,,
2023-09-07T22:50:45.000000,0f5a673a85482cba29e89247f5ac9f51,15920,14328,1592,,,
2023-09-17T16:00:40.000000,81ee1dcc2f65f43419bbbb96aa009424,15920,15920,0,,,
2023-06-25T21:32:37.000000,e40d044b8e0ff3d3f8c44f083fee7d0d,15920,15920,0,,,
2023-01-16T21:49:39.000000,c958d3d2e17e397d9dc1f1c58d81d1e9,87200,87200,0,,,
2023-12-31T23:19:21.000000,0b15ef08b6bd73bd9c07ddada1305691,95520,95520,0,,,
2023-03-24T16:00:03.000000,4ca05054a137263b559e8684e5aa353a,15920,15920,0,,,
2022-11-30T22:32:46.000000,fbd52b74e4dedfab880d0ef2a3a9bde8,15920,3960,11960,,,
2023-09-15T23:27:48.000000,d050322c2d1a8632761a6d3035d75366,15920,14328,1592,,,
2023-06-23T02:18:08.000000,2563a498e2160965e0128eaca7023ae0,15920,15920,0,,,
2023-04-10T17:50:02.000000,8ff62e8631b9bd112b7276c27e410407,131600,131600,0,,,
2023-01-21T16:13:52.000000,8cd9fc2e579dfcceff7985dff6499512,91200,91200,0,,,
2022-12-15T20:19:57.000000,e0d9687ba99b270dfd1291862e8e6d5c,79200,79200,0,,,
2023-08-09T17:26:48.000000,76bb85890b36b9ea5ffe2114714d1bf7,131600,131600,0,,,
2023-04-23T20:05:02.000000,f638ad8e518b1149817065f0cf27d8f5,15920,15920,0,2023-04-16T19:51:40.000000,kakao,7.01
2023-01-15T19:37:06.000000,b8cbb2d249bce0efa9dea01219a9416c,87200,87200,0,,,
2022-12-07T12:24:06.000000,ff9ed2f643d4ab354fdb45922b1c4136,79200,79200,0,,,
2022-12-26T11:23:42.000000,e8e1e77238d44a5790b872be0b147991,79200,79200,0,,,
2023-03-19T03:50:03.000000,f584180d84efccaf945113cf1ceb572b,15920,15920,0,,,
2023-03-28T13:40:02.000000,f91d6f1ee98f383aad04a724b3dfcccf,15920,15920,0,,,
2023-12-31T21:08:28.000000,b127b39f97f989505ac21727f3daccd3,95520,95520,0,,,
2022-11-30T22:11:47.000000,dfff7fa2f0d4bac71b343b027238ebdd,15920,3960,11960,,,
2023-04-27T02:00:03.000000,5dcbce9a882f93d300de3d0efb1a762d,15920,15920,0,,,
2023-01-10T23:40:29.000000,7473d1980ce372362c8782e9a1c3c66f,83200,83200,0,,,
2022-11-23T11:12:51.000000,9fd725520510dad3b4ec8648d1b11c90,15920,3960,11960,,,
2022-12-27T18:48:39.000000,1063a458d3b44d54313c84f79fe076dc,79200,79200,0,,,
2023-05-09T22:15:58.000000,af3a473c2c56b09068e5dc17f5af529a,15920,15920,0,,,
2023-04-30T09:05:02.000000,1aaf82a3a0e2b53d01caab632a783710,15920,15920,0,,,
2022-12-28T22:36:14.000000,d9a61ada037a722a922a96c21beb4086,79200,79200,0,,,
2023-06-28T20:40:00.000000,40651151784699b184c58ddcd2dedf9d,15920,15920,0,,,
2022-11-30T20:03:07.000000,aa2a3a9956e6507126f4e66d86741238,15920,3960,11960,2022-11-30T20:02:04.000000,kakao,0.0
2022-11-18T21:10:26.000000,632071f0bd74e9edd1851742bfc25cb2,15920,3960,11960,,,
2023-06-05T11:21:20.000000,9e0fed3fed295c2e3d0052ef392b0164,131600,131600,0,,,
2023-11-20T14:14:51.000000,be65a3446cd31965aa4472cad8a151b0,15920,15920,0,2023-11-20T13:53:53.000000,email,0.01
2023-12-29T10:18:00.000000,1c0669aa2dac656035a443224da89128,95520,95520,0,,,
2022-11-29T16:02:29.000000,11d3525ecd5a54eaf45d0192b3fab77a,15920,3960,11960,,,
2023-10-20T00:43:01.000000,c0de8f6d162d3bcfc9910990d8a823d0,15920,13532,2388,,,
2023-12-12T19:03:34.000000,8aee0c5bf7b96a401240a3107f813dab,95520,95520,0,,,
2023-09-18T22:08:47.000000,7eb36caca88f3e77216278bff285fcd1,15920,15920,0,,,
2023-02-10T15:50:02.000000,f56e6b771a15f752bccf949dae7fec16,131600,131600,0,2023-02-02T22:34:38.000000,kakao,7.72
2023-10-03T22:52:21.000000,03265f2ec28d0c17455c720cd83e9870,131600,118440,13160,,,
2023-09-15T12:56:35.000000,ccbfec90d3516bcd3cccda7fab5d7b9b,15920,13532,2388,,,
2023-07-31T21:10:48.000000,4e11b484325d1a0ec2563890ac2cdf41,15920,15920,0,,,
2022-11-17T21:30:03.000000,0ec79c4ff05cb031b57225643ded1c97,131600,131600,0,,,
2022-10-07T22:25:03.000000,ed19623d4332d1e6b1fd34f587eec79a,15920,15920,0,,,
2022-09-12T18:12:50.000000,9bd41c8d8d4fed261667644eec821476,15920,15920,0,2022-09-04T21:53:20.000000,kakao,7.85
2022-12-20T22:07:39.000000,d82f4dc6e9e24fce21320545d09cf57c,79200,79200,0,,,
2023-01-17T20:59:50.000000,4130afed64b41b7d64f438a9d34e2c3c,87200,87200,0,,,
2023-12-15T07:03:36.000000,4cdd6032f848d1b0e9ea8832de12d2c7,95520,95520,0,2023-01-27T08:00:16.000000,kakao,321.96
2023-11-12T22:12:03.000000,76a818d39621a1b453af7f132f2c2735,15920,15920,0,,,
2023-01-30T15:46:09.000000,87d939625313f850784c043fe3072334,95200,95200,0,,,
2023-10-03T15:57:00.000000,99dc3e20b20c458057a56f1299c2fe1f,131600,131600,0,,,
2023-09-01T02:03:37.000000,764b839bf7c61fe4469cb5e6fc9c5a19,15920,15920,0,,,
2023-08-03T21:06:09.000000,829d86c1b815ac3cd96751dbc9d5ee39,15920,15920,0,,,
2023-08-22T14:05:44.000000,a1b924c375d508290a3666d27310d2af,15920,15920,0,,,
2023-01-10T19:07:38.000000,edce26b0f3f6936e4237df1ea4ffb3f8,83200,83200,0,,,
2022-12-18T12:41:43.000000,30fe807ad8e61884ba85f4efbdfc51a6,79200,79200,0,,,
2023-11-02T19:57:48.000000,2f582e6cfb97e979617d8fe5905ace20,15920,15920,0,,,
2023-12-14T17:10:11.000000,f0da5f59ec8f29d733907a22b7296ed4,95520,95520,0,2023-12-14T15:08:02.000000,google,0.08
2023-12-19T00:28:10.000000,0691a9215dcadff198eca94f320a05b7,95520,95520,0,,,
2022-09-11T14:50:03.000000,c5c86f96f1aa14aecf2ff13fd0a31bd5,131600,131600,0,2022-09-03T16:15:31.000000,kakao,7.94
2023-11-14T08:50:05.000000,9f1d25531415b21278f38b93a9824082,15920,15920,0,,,
2022-12-31T01:32:00.000000,30cc9cb6b2bef681fb133d7fe32cf3be,79200,79200,0,2022-11-01T19:23:44.000000,kakao,59.26
2023-04-13T04:10:02.000000,9bdb29ac2400f120b5360774227a6ec8,15920,15920,0,,,
2022-10-30T11:15:03.000000,9d228f400007022a9f543d3364deff5f,15920,15920,0,,,
2023-04-14T15:45:03.000000,24701af0acf531ee345835e4e519dd17,131600,131600,0,,,
2022-10-11T22:45:02.000000,6bc00f8da37eb1eca43f57572a9e7616,15920,15920,0,2022-09-19T21:40:01.000000,kakao,22.05
2023-07-24T16:23:45.000000,22242340426226bcb2e085e8bf40b0d6,15920,15920,0,,,
2023-03-24T16:05:02.000000,23bb20c6f66f4848f97d9a163c1bd47c,15920,15920,0,2023-03-17T13:34:16.000000,kakao,7.1
2023-03-18T22:55:02.000000,0f1599fb83831f4e7ee1a311c5d6696c,15920,15920,0,,,
2023-06-13T17:27:02.000000,ccf78fa40225127bfdec1607e453b0c9,15920,15920,0,2023-06-13T15:59:57.000000,kakao,0.06
2022-12-11T16:07:31.000000,50077f1215d34e1d0fbdd7ba4f8f0c09,79200,79200,0,,,
2023-11-27T08:43:31.000000,961f37928f58427089f39cdce5b0a156,15920,15920,0,,,
2022-12-14T14:53:11.000000,bcad0f7b56ac9ec1fde537e942eacae5,79200,79200,0,,,
2023-06-11T00:07:57.000000,707c5c317e5437f35aaf1ba250547b1f,15920,15920,0,2023-06-10T23:10:49.000000,kakao,0.04
2023-12-26T21:58:16.000000,073e8f07e99a1ff2527022bed96266f2,95520,95520,0,,,
2023-07-11T15:25:04.000000,7d177a26c48ab42bb9f07be513121747,15920,15920,0,,,
2023-01-18T04:32:51.000000,94383721762c374fb96335518623a5c0,91200,91200,0,2023-01-18T04:30:38.000000,google,0.0
2023-01-30T15:34:54.000000,66fdb7c38ce4224235a868b615410e66,95200,95200,0,,,
2022-09-22T17:05:02.000000,e419d0a0e21d7dfed6ef2142455327a8,15920,15920,0,,,
2023-08-10T16:07:06.000000,ea9921a00cd92d2df3b18738ca9e910e,15920,15920,0,,,
2023-05-17T23:01:16.000000,3ed6b3e5fc7ee384893dc9c5801d0545,15920,15920,0,,,
2022-09-08T14:42:30.000000,af3b13bc0841b358adcdedf3e8822795,42960,42960,0,,,
2022-11-14T16:07:16.000000,a357cfab4259e7464888f6005e5c6512,15920,3960,11960,,,
2023-01-18T16:52:24.000000,cc7960e8091b1540e71f43a6ee746cea,91200,91200,0,,,
2022-10-08T19:25:01.000000,28eaa24ed63db7a4b5837fedae13f180,42960,42960,0,,,
2023-12-23T15:00:01.000000,1d65a35aa5ec1046ea8a7b4d5cd32909,95520,95520,0,,,
2023-01-05T07:52:22.000000,781bf8a12831954a0d99c52db2ab3459,83200,83200,0,,,
2022-11-28T20:48:54.000000,5bd450af7ed3326058f0808c3bff3bf7,15920,3960,11960,2022-09-26T12:47:08.000000,kakao,63.33
2022-10-27T01:15:02.000000,8aab6fc112479d1a036adcec8720c528,42960,42960,0,,,
2022-09-10T16:35:02.000000,5a1157d27bedba5aa78471f8466545ed,42960,42960,0,,,
2023-12-31T20:31:10.000000,e49054fe1faa10d96a13bab0ae1a68c8,95520,95520,0,,,
2023-09-10T14:41:35.000000,1b28666defa4de2069b8bff58b285709,15920,13532,2388,2023-09-04T13:39:08.000000,kakao,6.04
2023-07-21T00:09:43.000000,6eeaf3f61698c4437ada2054a9c5c150,15920,15920,0,,,
2023-03-19T23:26:11.000000,f60ad290f95e2abd2edd21f2d3c9c8c3,131600,131600,0,,,
2022-12-19T11:16:50.000000,1b9c98241dd2fe8d30696d39cdb1a1d2,79200,79200,0,,,
2023-08-08T17:32:08.000000,957de46a8b019292b3509b4e931d9da4,131600,131600,0,,,
2023-01-17T14:30:02.000000,843163643abefcf17ff64f4505824b65,15920,15920,0,2023-01-04T12:48:07.000000,google,13.07
2023-09-19T00:52:21.000000,c81ee6d00b542f67e015b07f91b54c74,131600,111860,19740,,,
2023-01-24T23:52:40.000000,c6eb9fb164d96989990a61ff7ed4893b,91200,91200,0,2022-12-30T20:19:05.000000,email,25.15
2023-08-30T12:19:50.000000,e604367c448d2cdc28a4d3d1a3a03cb8,15920,15920,0,,,
2023-07-08T18:20:09.000000,2f67f1c6b900ebc9fd7793462c505902,15920,15920,0,,,
2023-02-20T19:35:03.000000,8ff7163e1b0fe36f6ed2d38d88f6a106,131600,131600,0,,,
2023-11-25T14:02:14.000000,5a56f3b13247c025b45b9a1d44bdabcc,15920,15920,0,,,
2023-07-09T15:41:28.000000,e84c3319f95961e44ed84b5b3a3ed8b5,15920,15920,0,2023-07-09T14:36:42.000000,kakao,0.04
2023-01-28T22:34:23.000000,3cecf90380c3b14aefdff9ecb738c4c2,95200,95200,0,,,
2022-12-29T23:12:11.000000,af54ae7a1cf6d98f5c2d2d45ffeac274,79200,79200,0,2022-12-29T22:43:57.000000,email,0.02
2022-12-31T23:43:46.000000,c94df2c467e8eefa73c79c537310641f,79200,79200,0,2022-12-31T23:42:52.000000,naver,0.0
2023-07-20T00:40:56.000000,c4ff8a65c5dc66880331170995b9f8f1,15920,15920,0,,,
2023-05-21T12:36:38.000000,bda69e2cb7f1da4d5b71714a72ff6d0c,15920,15920,0,,,
2023-04-26T18:35:02.000000,17287d1f109dc5db10a78feb7dd18f8e,15920,15920,0,,,
2022-10-22T19:25:02.000000,c73888aaddf52c2a3774bee5b73931be,15920,15920,0,2022-10-03T17:39:47.000000,kakao,19.07
2023-04-26T20:45:44.000000,17b9ee974435c4d71a0b70bf6aab25bd,15920,15920,0,,,
2022-12-18T19:00:33.000000,0e6ee60a3c22f81f8badb8031439cc8a,79200,79200,0,,,
2023-01-01T13:20:28.000000,8ea5a31185d42afebcfaf070cdcb931c,83200,83200,0,2023-01-01T13:19:21.000000,kakao,0.0
2023-11-13T15:18:23.000000,f833cca4c382ac8c502c6f99bc432725,15920,15920,0,,,
2023-11-28T14:51:01.000000,12a70f4df077a58ea489b10bfe5f61c1,15920,13532,2388,,,
2022-11-04T13:15:08.000000,defccb36e6b66d63aacc2c7c102dfe07,42960,42960,0,,,
2023-09-02T19:44:48.000000,28c361c57d0f6fae9a48ecfd0c4e9c7e,15920,15920,0,,,
2023-07-31T17:43:24.000000,80484def2d2fed5c9c355a4e1bb87c03,15920,15920,0,,,
2023-07-10T19:59:40.000000,10a155cd945c2748097608d8dbe5aa89,15920,15920,0,,,
2023-09-08T22:30:13.000000,b5cc200e3c9b9db940fb9b8626d7d4df,15920,15920,0,,,
2022-12-18T05:29:41.000000,e2efccc08b0071a7c42256d1ac74b719,79200,79200,0,,,
2023-08-28T19:09:02.000000,467f92284c2b66807a1d94d62c84144e,15920,15920,0,,,
2023-03-23T23:00:02.000000,9dfa3bbb6c043bf730262536f151815b,131600,131600,0,,,
2023-12-28T21:16:02.000000,9ceda68836cc42f14bee0a2bcfb7129a,95520,95520,0,,,
2022-10-07T22:50:02.000000,46a3ae7c0a32c75f261d4756025e94bc,15920,15920,0,,,
2022-11-23T01:22:27.000000,559c275fa4963842144ad3bda1aa76f1,15920,3960,11960,,,
2023-01-03T15:40:36.000000,6fe869d7178a40a316ca934c55048244,83200,83200,0,,,
2023-09-15T14:30:12.000000,89064bf6ed42419a05078f875109a8ee,131600,111860,19740,,,
2023-11-21T09:23:40.000000,e1a5edff05c4d6d7c9062f39eac10d81,15920,15920,0,,,
2022-12-31T18:39:58.000000,eb9c8756d6c62cd2ce13a494700e3678,79200,79200,0,,,
2022-12-20T19:39:16.000000,441ff8234910336b5ec87d3ebe95d88d,79200,79200,0,2022-12-20T19:08:33.000000,kakao,0.02
2023-03-19T15:00:02.000000,637ac5b7175fdb0187943eba90049ee7,15920,15920,0,,,
2023-12-28T21:25:32.000000,0f638fda4145317d92c06ae775caea10,95520,95520,0,,,
2023-11-28T23:03:55.000000,4666643479ae3a16f0680de0be7d6289,15920,14328,1592,,,
2023-01-31T23:13:11.000000,7db002173092812a2be481b7587eaab7,95200,95200,0,2023-01-31T16:00:42.000000,kakao,0.3
2022-12-08T22:51:09.000000,cba600056dda106eaf2e5f86c53d1ebc,79200,79200,0,,,
2023-07-18T15:09:53.000000,ddd3fab07296268726a26823fc3caa09,15920,15920,0,,,
2022-10-09T21:20:03.000000,0e27e1f156ed307dd523b2be439e041c,15920,15920,0,,,
2023-01-05T14:24:46.000000,53e3eab54d3656a4c85c7e053fed1d89,83200,83200,0,,,
2023-07-14T12:05:42.000000,2cfece0bc4466f4240e03ec3d14d092d,15920,15920,0,,,
2023-02-13T21:10:02.000000,eb4ceb99d1aea20414063df32c2b6b37,15920,15920,0,,,
2022-12-01T05:20:05.000000,70bae6015091c8b25e1c4b2d9e715f89,79200,79200,0,2022-10-16T21:02:39.000000,kakao,45.35
2022-12-31T19:18:32.000000,b83fa39884dc2e413e2e4b29f7ad0ccd,79200,79200,0,,,
2023-12-30T15:27:32.000000,dbd61f81d0376aa148fe8c6f0e53fbd7,95520,95520,0,2023-08-25T13:54:59.000000,kakao,127.06
2023-03-19T22:05:02.000000,754230e44b6f65d0f577e81d921fc126,131600,131600,0,2023-03-12T19:15:00.000000,kakao,7.12
2022-12-08T23:08:27.000000,dc33f8b7f73d9a9bc821b54670dbf181,79200,79200,0,,,
2023-08-07T19:45:48.000000,247ef74ed594077c49ec2ed432f3aca1,15920,15920,0,,,
2023-02-11T15:02:24.000000,d37591d7e269960a2bc7e34069ae42b0,15920,15920,0,2023-02-02T22:36:46.000000,kakao,8.68
2023-06-21T00:09:56.000000,13f8505fcdaea3af4d1326259fe92455,15920,15920,0,,,
2022-12-25T00:23:05.000000,4f359bccd03953eb787e28420240ccd8,79200,79200,0,,,
2022-12-16T09:36:14.000000,2ab06547076dbbaeccbf0465e1f656a4,79200,79200,0,,,
2022-09-12T21:45:01.000000,7b3c64ae72876b401f7e55c0efa93a59,15920,15920,0,2022-09-05T21:15:01.000000,kakao,7.02
2022-12-15T20:56:44.000000,f6bc6c7e2b1fb2f994f21a6cc7926adf,79200,79200,0,,,
2023-12-27T03:04:40.000000,8238b4f73b30d789bdf10b83d6e00459,95520,95520,0,,,
2023-11-24T14:03:45.000000,e3493abfb9ca289686f9f9eaafb82afd,15920,13532,2388,,,
2023-09-24T19:14:50.000000,be7058ed9d1c6777789b9d77c31f7be0,131600,118440,13160,2023-09-24T16:49:40.000000,kakao,0.1
2022-12-26T11:15:55.000000,b777dde614f0972559573303ab4c6e82,79200,79200,0,,,
2023-06-29T22:28:29.000000,cc54cce039534abcdf4e7badd27766cc,131600,131600,0,,,
2022-11-30T20:09:05.000000,434614a6a4d25150e36b2452df15a807,15920,3960,11960,,,
2022-12-24T13:14:04.000000,8197e698ce571559ca7f37bc9065c04d,79200,79200,0,,,
2022-12-02T01:45:08.000000,1e91d4df2fff5cb9862afc53ccf485f6,79200,79200,0,,,
2023-12-22T13:04:41.000000,96c44d6f3891c88ba407ca2a0b150c8e,95520,95520,0,,,
2023-07-18T23:42:10.000000,d161f4695e61a48529ee95d954ee89df,131600,131600,0,,,
2023-05-21T23:40:34.000000,06537bdf9456079425e0e895e0f1cd5a,15920,15920,0,2023-05-15T02:53:45.000000,kakao,6.87
2023-03-02T14:10:02.000000,0288e2587578c163b31b5f27e07b565e,131600,131600,0,2022-12-21T11:12:24.000000,kakao,71.12
2022-11-20T12:22:20.000000,e02051c808cd9f8ee6ff77aa73dca6c4,15920,3960,11960,,,
2023-01-29T20:50:27.000000,114cb7ddc5fab05aee8b35acf85e11de,95200,95200,0,,,
2022-12-23T09:20:36.000000,e16d33a7795ab1c3584894510e7d8754,79200,79200,0,,,
2023-05-09T14:52:45.000000,30d0ca0fdeb08eb2ca9f9d826e3d91db,15920,15920,0,,,
2023-08-26T13:46:49.000000,7728ac8090afdb98ee858811d7f853a5,15920,15920,0,,,
2022-09-25T20:05:02.000000,f2923468075605cdc0533a7e120a8e28,15920,15920,0,,,
2023-08-01T19:54:49.000000,e825095281bf95a82630be1ac03f9e95,15920,15920,0,,,
2023-05-08T19:21:14.000000,6b4461f875649b1a3ac97ec870ce482d,15920,15920,0,,,
2023-06-23T09:25:58.000000,a9378ea9966920a7b256f13e3e4069c1,15920,15920,0,2023-06-23T09:20:47.000000,kakao,0.0
2023-12-31T18:35:57.000000,966c81e554f2886f291c46ceae1af5ea,95520,95520,0,2023-12-12T23:34:26.000000,kakao,18.79
2023-04-04T21:35:02.000000,d59f14e28e8a043347c7d5cdc33d3839,15920,15920,0,,,
2023-01-05T11:34:06.000000,d506943735a8f629f035837a7978ec09,83200,83200,0,,,
2023-01-31T19:46:07.000000,8fc515fe04f0e2f9fd38b104bd3ee571,95200,95200,0,,,
2022-12-31T20:52:39.000000,c2b6a2b0d5a15f43d8e62647cc3a6dd9,79200,79200,0,,,
2023-10-20T12:35:51.000000,685ae2d5460c0ea5ee9ff6d8abc24bae,15920,15920,0,,,
2023-06-24T10:49:18.000000,20b91365795d84042845b703eefcfc51,15920,15920,0,,,
2023-07-11T20:17:50.000000,fa95ac5aa34cf521fc8e56dcfc6638f8,15920,15920,0,,,
2023-03-09T09:47:27.000000,09b6da87506b2d21201435c1755d144d,15920,15920,0,,,
2022-10-10T16:45:01.000000,790da6e980c91757b89d62fa78a97064,15920,15920,0,2022-09-26T12:15:06.000000,kakao,14.19
2023-09-08T10:43:16.000000,c19fc48a47a6aef360703974fe133f13,15920,15920,0,,,
2023-07-09T13:23:57.000000,41a2b9af1c9277dc835a7709e4ceb80a,15920,15920,0,,,
2022-11-29T16:14:16.000000,d7228834d7f26de1fab9adc697f93662,15920,3960,11960,,,
2023-06-01T08:34:51.000000,e8d0d625a93191be623a74e4496343e7,15920,15920,0,2023-05-30T09:12:26.000000,naver,1.97
2023-12-26T18:26:59.000000,41369e3b0f302de457da19d88416ccb1,95520,95520,0,,,
2022-09-09T18:45:03.000000,26e3801bd49a4149b8dadfccb8c2db58,42960,42960,0,,,
2023-06-25T18:41:00.000000,9348f50e9db6af700639714a207e0a7e,15920,15920,0,,,
2023-05-15T15:22:44.000000,2514af3670151c7b5e95db5278c88ab4,15920,15920,0,,,
2023-01-17T17:37:02.000000,2bfb3c96ae2b629d92030fd82219550d,87200,87200,0,,,
2022-11-30T11:44:17.000000,c1cc725c90ccd5eb7b4ee0322ce87f3e,15920,3960,11960,2022-11-30T11:41:47.000000,email,0.0
2023-06-23T02:49:38.000000,484959e6f093b1c8c58ab400d3ae4429,15920,15920,0,,,
2022-11-28T07:33:34.000000,3194d861733b6cb458589107c763d3aa,15920,3960,11960,2022-11-28T07:30:18.000000,kakao,0.0
2022-11-12T01:50:04.000000,ebef7774fdf54d8c8dae3538efcf4c2b,15920,15920,0,2022-11-05T01:45:40.000000,kakao,7.0
2022-12-01T15:46:45.000000,d9940691a9eec55150ac2d19875833c1,79200,79200,0,,,
2023-03-18T15:30:01.000000,34cb0021b92b1428773984a73470457f,131600,131600,0,,,
2023-12-12T11:04:55.000000,65f651c03a0dff25f365868db90ddeef,95520,95520,0,,,
2023-09-11T00:14:57.000000,db53ed7dda25d1cecebcc661020aa9f1,15920,15920,0,,,
2023-08-31T21:27:49.000000,7222f72b8a8e3681db4e3aac98382d78,15920,15920,0,2023-08-10T10:59:32.000000,kakao,21.44
2023-01-17T22:20:11.000000,1b3cd76de6e81f8dd6f386b963ed3a54,87200,87200,0,,,
2023-09-08T12:40:54.000000,50ce356df59f9626ad61222483c4a09d,131600,131600,0,,,
2023-12-03T17:12:36.000000,aba60963b9feee89ef7d7d80a8c63607,15920,15920,0,,,
2022-11-03T16:35:02.000000,3542c60d6087b8ae0261cad1e54c6fcd,131600,131600,0,2022-10-27T16:29:13.000000,kakao,7.0
2023-10-24T23:02:53.000000,ed6aebe1c22424a16ad28a58ca646f70,15920,15920,0,,,
2022-09-29T12:50:02.000000,48261d8df26eb7e7f10bfb119419c6b1,15920,15920,0,2022-09-25T23:05:58.000000,kakao,3.57
2023-08-04T17:30:13.000000,963e06851ff09d13c9e46de6dc045934,15920,15920,0,,,
2022-12-11T21:08:39.000000,bf0eab8a6cdc83c114b6a3ceed587b3b,79200,79200,0,,,
2023-09-05T17:52:31.000000,78f704d1bc798fbc3906da6ba9511b86,131600,131600,0,,,
2023-08-28T14:04:34.000000,d9d26bbfdd801554f68a0348738d8687,15920,15920,0,,,
2023-03-27T23:55:01.000000,2e8e49aa65b01f5eef6f51df8c8d7361,15920,15920,0,,,
2023-07-31T17:55:22.000000,880cd233c563304a307eb3932d07ed6c,15920,15920,0,,,
2023-12-07T09:49:53.000000,d43a942b6f787c2c0ed5fe83b9ee52d6,15920,15920,0,2023-12-01T10:30:59.000000,kakao,5.97
2022-10-29T18:20:01.000000,8bcde1c2508d88a3d7122067bb5ddd8c,15920,15920,0,2022-10-22T18:16:07.000000,naver,7.0
2023-01-31T10:27:35.000000,f750f507d8a2c1db7da2a0e9af74a3d0,95200,95200,0,,,
2023-01-31T23:28:49.000000,1d700adf0b083f82412d793110ae2b0e,95200,95200,0,,,
2023-01-10T17:42:12.000000,378f0a4918a428fbd2b5f1115bcc1d48,83200,83200,0,2023-01-01T11:27:22.000000,kakao,9.26
2022-12-10T12:00:00.000000,16f69eaad0f8c27efc690258aa9cab81,79200,79200,0,,,
2022-11-30T22:39:27.000000,41c2ebf1551a34fe36d96afea45a2472,15920,3960,11960,,,
2023-03-27T21:10:02.000000,c1073e14b89c29f6783afa8c51aaf3f6,131600,131600,0,,,
2023-03-28T12:35:02.000000,b984b62f4e16864bb85486f13eb6e2f0,15920,15920,0,,,
2022-11-24T11:13:38.000000,1dea033e961abbfbe528da86e1a18aa6,15920,3960,11960,,,
2023-07-03T17:22:58.000000,cb4e0b318de2c9c232638f7678ffb53f,15920,15920,0,2023-06-14T17:40:46.000000,kakao,18.99
2022-10-09T14:00:03.000000,7593b08707b04a13c0c084086e0bcfd7,15920,15920,0,2022-09-16T14:11:57.000000,kakao,22.99
2023-04-26T20:21:22.000000,a044e182635af25e5ffe8d08ebdabdcd,131600,131600,0,,,
2023-01-16T17:29:28.000000,c8e26f65371d978a7bed173aa2a0d058,87200,87200,0,,,
2022-12-16T02:11:06.000000,d9ca01518aee3a29dbf0690268100957,79200,79200,0,,,
2023-10-29T00:37:11.000000,e31394ec39f05f8613f375f755fec3f4,15920,13532,2388,,,
2023-07-03T20:59:19.000000,5c5c235c0ac71c83758940141da41bf6,15920,15920,0,,,
2023-10-12T19:03:42.000000,592394f9046bfd3057e9b4a20c41395b,15920,14328,1592,2023-10-12T08:21:13.000000,kakao,0.45
2022-09-12T20:45:02.000000,179d27f9da2c8ba30d9b586f427a1fab,42960,42960,0,,,
2023-01-05T13:38:54.000000,451393e6d37c6cf6b12d02a7eeaa0eac,83200,83200,0,2022-12-27T14:37:38.000000,email,8.96
2023-05-30T14:44:49.000000,0e1d41ed9f438a553c254a6ed8ac90ef,15920,15920,0,,,
2022-12-18T18:09:47.000000,afdbd7db25d31f2638b2b67437d0439a,79200,79200,0,2022-12-14T20:06:13.000000,kakao,3.92
2022-10-17T22:22:26.000000,99f5e31e874060cb7d602b389d015b05,131600,131600,0,,,
2023-09-19T20:00:05.000000,5ba5f0447d513ffa48365cc7b1cbf30a,15920,13532,2388,2023-09-19T17:12:27.000000,google,0.12
2023-10-16T09:08:52.000000,0b2b98cb297211a04bb5030ebce3bdaf,131600,131600,0,2023-09-25T11:42:08.000000,google,20.89
2022-10-06T10:40:02.000000,8fa129610da8f733f29059361eea85cd,15920,12736,3184,,,
2023-07-18T12:04:38.000000,a71ec887c20b360fd419dac72c517832,15920,15920,0,,,
2023-06-07T10:26:05.000000,4671d725acaf80834fa07dec95680553,131600,131600,0,,,
2023-04-22T20:50:02.000000,0d1f9c387e76a551c1bee55a1c15d6fe,131600,131600,0,,,
2022-12-09T16:34:50.000000,1119acdc42f674a0aa4e75be3266a366,79200,79200,0,2022-12-06T21:26:36.000000,kakao,2.8
2022-11-30T12:32:44.000000,dee8628c45732f9836e35439a0342f5b,15920,3960,11960,,,
2023-01-31T14:45:16.000000,b3510230008e251b2765cb341bb38f66,95200,95200,0,2023-01-31T11:52:20.000000,email,0.12
2023-11-12T22:57:26.000000,fec300841deafdc5f5d251b20a3182ae,131600,131600,0,,,
2023-09-05T07:59:18.000000,7659b8d29fcfe70bf6011bc382847fed,15920,15920,0,,,
2023-07-31T23:36:38.000000,242fb5af85d5bea5bc29fe5100b7b26a,15920,15920,0,,,
2023-11-08T21:30:02.000000,048af6024eb87245fcbfc7e4cdd247dd,15920,15920,0,,,
2023-11-19T20:23:12.000000,688979c99904d88894e86b3dacf590b0,15920,15920,0,,,
2022-12-31T17:03:38.000000,43477d532e5563b253201a123ab74cc4,79200,79200,0,,,
2023-01-13T17:42:36.000000,a7a9e257e26d48ecd39977c2a420d065,87200,87200,0,,,
2023-09-06T23:22:05.000000,ddc9c8a9b405a4eb3bdc78391a21b251,15920,15920,0,,,
2023-10-22T09:07:02.000000,ee613f962652777f519e3c097db430c7,15920,15920,0,2023-10-19T20:46:27.000000,kakao,2.51
2023-01-31T19:08:54.000000,dd35cb472f544d1a3953c8e7c2b050d8,95200,95200,0,2023-01-31T19:01:23.000000,kakao,0.01
2023-04-25T19:00:02.000000,bf35c6cad521b3cf3abf0c216ac8967e,15920,15920,0,2023-04-18T18:42:19.000000,kakao,7.01
2023-06-21T18:05:12.000000,090da66238f72395d03fa253b2f379ae,15920,15920,0,,,
2022-11-30T00:27:38.000000,2b74996c7c95001e56086d36e7283713,15920,3960,11960,,,
2023-12-25T21:05:54.000000,8637f85f4149441d8115fb271b63c780,95520,93520,2000,,,
2023-05-10T10:13:17.000000,47f891b240cf1ccdf9eddf9af9286f35,15920,15920,0,,,
2022-11-21T16:41:38.000000,1b53dfbba0ddb3428598d3bb60483ad9,15920,3960,11960,,,
2022-11-28T13:18:00.000000,8c0dad7507905617863c095d97704e0f,15920,3960,11960,2022-11-28T13:16:34.000000,kakao,0.0
2023-01-06T01:04:09.000000,bbce337c431d0a3e455548687615c70e,83200,83200,0,,,
2023-06-09T13:18:28.000000,657cab660ef184b4147832307bfad4ad,15920,15920,0,,,
2023-06-20T19:20:43.000000,1b4a995ab4e39b3333deb9cc606ff209,15920,15920,0,2023-02-14T18:02:35.000000,kakao,126.05
2022-11-30T18:31:22.000000,e1d79c06292a272bd7cf56cd543e6c22,15920,3960,11960,,,
2022-12-15T07:14:38.000000,dcc1e87e503e5e5f72adcd4684790f2d,79200,79200,0,,,
2023-05-24T13:16:32.000000,a1a62dfa1e901213892735191764cf7f,15920,15920,0,2023-03-23T17:03:01.000000,kakao,61.84
2023-06-25T23:06:35.000000,65d9ec05d7251fca5e7e341425fd8d0e,15920,15920,0,,,
2023-01-16T21:35:06.000000,4d5994451a3e91a5cffb4f32f40d8acb,87200,87200,0,,,
2023-05-28T19:13:05.000000,dc747961f235cd5f5435efba689b09cc,15920,14328,1592,,,
2023-02-24T20:45:02.000000,21f24591fa0adeddce5823ddad025bcf,131600,131600,0,,,
2022-12-18T21:09:39.000000,fe41f67d71cb9f20ecf541c62ded93f4,79200,79200,0,,,
2022-11-28T15:26:19.000000,b8b2017add5f9cd0696d9b1d7140f1c2,15920,3960,11960,,,
2022-09-18T10:23:21.000000,5a1157d27bedba5aa78471f8466545ed,15920,15920,0,,,
2023-06-28T17:56:40.000000,acaf4b7fcac56c81789bfcb4552f4433,15920,15920,0,,,
2022-11-30T12:22:34.000000,fab6b5380a200c0b341a0d1d0ccf8b8b,15920,3960,11960,,,
2023-01-10T10:41:47.000000,2c72a7c972115fa79d706077a8a76849,83200,83200,0,2023-01-10T10:05:55.000000,email,0.02
2023-03-02T02:13:23.000000,0c1f2a9a2405701c22366b7bbbcd1497,131600,131600,0,,,
2023-01-24T13:29:40.000000,a6a328fe32e28915858139898269fe9f,91200,91200,0,,,
2022-09-02T11:45:02.000000,c0689648d71e4d8356765cd6ba7d471d,15920,15920,0,,,
2023-06-22T21:42:48.000000,b0faa8ee4324644f04d72a1582923f3e,15920,14328,1592,2023-04-14T23:50:53.000000,kakao,68.91
2023-07-30T18:08:31.000000,a3527f48458bec014a55c32bf737bc2b,15920,15920,0,,,
2023-07-31T23:01:54.000000,ded0baa3140ba92307372ebf51368260,15920,15920,0,,,
2023-07-28T01:34:32.000000,0b3ff0c308792da5bbcef79517c1150c,15920,15920,0,2022-11-07T20:12:14.000000,kakao,262.22
2023-11-29T11:27:32.000000,1a990fb91bce54252f49dfb87b126afe,131600,118440,13160,,,
2023-09-10T12:16:01.000000,fffadab35ddc8234e1c5139815bfc017,15920,15920,0,,,
2023-07-12T09:39:09.000000,d48af5b93f7c0a1b0d8b0c11faf05df8,131600,131600,0,,,
2023-12-23T21:13:52.000000,9196f3f943296c6a2b716c554e883539,95520,95520,0,,,
2022-11-30T21:13:12.000000,e0b0dfeedbeb3129f5eea3de1d653702,15920,3960,11960,,,
2023-03-21T09:00:03.000000,46e93f192595d8ff7fbc2d4334c7dd70,131600,131600,0,,,
2023-03-28T14:35:01.000000,f6b7d9dd71cf85813927618f16234b7d,15920,15920,0,,,
2023-03-29T22:30:03.000000,4acc687c9120cc555d7f2264f9eddce6,15920,15920,0,,,
2022-11-29T17:54:41.000000,c8c71d427f4c89917c6dd8ab9498a405,15920,3960,11960,2022-10-04T10:19:13.000000,kakao,56.32
2022-10-19T08:40:02.000000,462a37ac5416a72d8e2e9d6863836256,42960,42960,0,,,
2022-11-27T20:33:27.000000,9ed93c889a53064082fd144cd0145de6,15920,3960,11960,,,
2023-12-19T21:27:29.000000,2c5f3116ec8d5249132575c37ad0bd42,95520,95520,0,,,
2023-07-27T03:37:54.000000,b7edbafde1ca13950939265a72432193,15920,15920,0,,,
2023-09-01T10:42:27.000000,3b163d9a66d52d83f0e9d0ff6412408f,15920,15920,0,,,
2023-06-07T22:59:08.000000,ba1fc82295fac312b284d417b4c8ed7b,14328,14328,0,2023-05-02T16:31:12.000000,email,36.27
2023-01-27T00:48:25.000000,3bb0b55830b431ba828ec9ebc42f27ec,95200,95200,0,,,
2023-10-30T12:17:47.000000,3936328e9f78553bfdd1678681432487,15920,15920,0,,,
2023-12-08T22:10:54.000000,e3405daa59c70cd792fdc358bcdf0b90,15920,15920,0,,,
2022-12-27T20:20:11.000000,e37aef06cedf9e65770b4956926edd0c,79200,79200,0,,,
2023-07-07T13:11:08.000000,9a26dfdd52c6ba7162266898bd65766e,15920,15920,0,,,
2022-10-07T22:00:01.000000,dcccd76d9dd369b9ad3889b7eabf3006,15920,15920,0,,,
2023-07-24T21:14:47.000000,e9873efcf45620c9600375c338f03cef,15920,15920,0,2023-03-18T20:36:32.000000,naver,128.03
2023-10-09T23:39:14.000000,bc513b5855ff3ff75fe40f70f684d231,15920,14328,1592,,,
2023-12-27T14:50:31.000000,a23466f94b3861c8d2062d30e3e96401,95520,95520,0,,,
2023-09-18T19:57:28.000000,8b7ec70b1cc2bec6833bff7fb6317204,15920,15920,0,,,
2023-01-11T20:59:27.000000,96bfde2c1ce0418f662958c9a712da5f,87200,87200,0,,,
2023-04-27T10:04:37.000000,36d3302d1b7e51709cbadbda6e26172c,15920,15920,0,,,
2022-11-25T08:35:10.000000,fd8a76414ac41e65a978ad3907f45eee,15920,3960,11960,,,
2023-07-03T22:55:06.000000,2ead97bd8edb8ab6fcd761d27c0b357f,15920,15920,0,,,
2022-12-31T23:35:12.000000,f892c27d8673986040d1d5dc425cd162,79200,79200,0,,,
2023-01-17T23:25:45.000000,0239acbdce1bc10623eee7d9c3fa1bbe,87200,87200,0,,,
2023-06-28T16:55:00.000000,61563e175391582d35dcbf8cccf8320e,15920,15920,0,,,
2023-01-24T23:35:08.000000,51b1b00e6ebbdc9681745c5374928718,91200,91200,0,2023-01-24T22:58:51.000000,facebook,0.03
2023-03-21T16:05:02.000000,81753b5d3e1058790395929141a9da30,131600,131600,0,,,
2023-10-22T15:28:07.000000,2eb46d29740ecbe6261f44be70e6683a,15920,15920,0,,,
2023-01-13T10:41:12.000000,c33956ded9188d45b5ce9ca1f79b3c4b,87200,87200,0,2023-01-12T11:24:07.000000,naver,0.97
2022-12-17T20:59:39.000000,2cf9768f1b218379f46a1294cf8aa859,79200,79200,0,,,
2022-12-12T17:03:46.000000,6ca20ad91a3bab8a6a80ef22f2282a62,79200,79200,0,2022-12-12T13:36:05.000000,google,0.14
2023-02-24T13:55:02.000000,d28513cecafbee4af15316f95f89a56e,131600,131600,0,,,
2023-08-09T10:29:22.000000,1f92b6dcd2b438d4fdf21a1331bb8dd3,131600,131600,0,,,
2023-12-26T18:40:44.000000,817217a1a30b45f599faff9ad9cc1c20,95520,95520,0,,,
2023-01-31T23:11:32.000000,b07c5a14a775d6e3f8cc215bb6f2c9c7,95200,95200,0,2023-01-31T23:05:28.000000,kakao,0.0
2023-07-25T23:13:41.000000,b31a044aba2832fac0b95745f6fffa3c,15920,15920,0,,,
2023-12-14T20:57:57.000000,eadc805e294def6a76b196ca3516da9e,95520,95520,0,,,
2023-01-10T17:51:39.000000,9e89fe92fe7ad2f19538d9737d2cad0a,83200,83200,0,,,
2023-09-20T21:22:38.000000,747e121c33779e7e561449d18656da6e,15920,15920,0,,,
2023-11-11T11:49:40.000000,58216ea2b25383ad9e6b01f1ad0eec24,15920,15920,0,,,
2023-09-01T22:06:18.000000,4c65e3da9d475d06f616445ea3ac3c0b,15920,14328,1592,,,
2023-01-30T21:01:29.000000,8546b175adb9ef401fa4f0da02300624,95200,95200,0,,,
2022-11-30T17:31:57.000000,d56db8b1d24846489ac277d6a1674d38,15920,3960,11960,,,
2022-10-25T10:25:11.000000,82334baad240e6992e378ac5c6d782a3,15920,12736,3184,,,
2023-01-31T18:21:32.000000,25a71c0561056506be035838cdb81020,95200,95200,0,,,
2023-05-02T20:16:45.000000,41e50dbce8d8beac1417ea5cdc67a79f,14328,14328,0,,,
2022-12-30T14:14:39.000000,cf7ca4b3f69c011e47269086070039ca,79200,79200,0,,,
2022-12-17T21:50:12.000000,c1edcc2944e3d30ad62626eba226fa5a,79200,79200,0,2022-12-17T21:24:46.000000,email,0.02
2023-07-31T17:38:23.000000,528dfc38500116a6276bb0def436e650,15920,15920,0,,,
2023-06-27T20:29:52.000000,57b0b720bcd244fce3249493494df601,15920,15920,0,,,
2023-08-30T18:32:54.000000,b30e75ffe0879c22009c134a51c742d2,15920,15920,0,,,
2023-11-06T13:38:59.000000,7f62c6904cc2dc92f07c8b08ddfca472,15920,15920,0,,,
2023-12-15T21:31:00.000000,1edfa372a0f6ba15da5a1c50b0fb9663,95520,95520,0,2023-11-14T11:15:40.000000,kakao,31.43
2023-10-20T12:05:00.000000,b9e66fb2822e33df9683aa78982b498e,15920,15920,0,,,
2023-08-15T00:49:18.000000,b941fd9909184528eeb1468393511485,131600,131600,0,,,
2023-01-06T23:26:32.000000,967fe91ae2dbcbd2349e10bb58fd023c,83200,83200,0,2023-01-06T23:23:04.000000,kakao,0.0
2023-08-08T20:30:07.000000,b3aa2f6b292ea41cecbfaa658e1db128,15920,14328,1592,,,
2022-12-31T19:33:50.000000,6f2c05f366e2c747dc9e71b19f1fc0a6,79200,79200,0,,,
2023-12-29T11:39:53.000000,fdedff647feb4c18a53742d0dcf6b60b,95520,95520,0,,,
2023-01-10T13:14:28.000000,eb997583ba59e657368cc66c4c1f18eb,83200,83200,0,,,
2023-12-26T20:59:21.000000,e7f8ce635348eb342b5ceb37e5ed9f96,95520,95520,0,,,
2022-11-24T13:04:37.000000,0fad5002b1da947603127ee6f6450c44,15920,3960,11960,,,
2023-06-22T14:00:02.000000,f9a4c63bc57b5dccccbdf752f8ca15ff,15920,15920,0,,,
2023-01-26T20:44:12.000000,256c34a9f3dd350d986f777a31399368,95200,95200,0,,,
2022-12-31T20:22:47.000000,a02137ea27ea1b4a35f09f933dcacf37,79200,79200,0,,,
2023-05-04T06:52:27.000000,fa69583452be8c7f11f80a21711135cb,15920,15920,0,,,
2022-11-19T13:20:02.000000,c1997f08f476609ef0d797e9567296fd,15920,15920,0,,,
2022-12-23T10:50:28.000000,ec522d9646bf77fd8dbed000a9c3d27a,79200,79200,0,,,
2023-06-25T16:42:16.000000,729e89be824de58c2bcb2c5a6c2d6afb,15920,15920,0,,,
2023-08-05T16:34:16.000000,9bc4c430927574db91dbe667c19fb6ea,15920,15920,0,,,
2023-12-12T14:14:49.000000,9f78cc4fb3f918bc373e03a973b4106a,95520,95520,0,,,
2023-08-17T16:51:27.000000,befcdedc02af69904cec459039179c27,15920,15920,0,,,
2023-12-21T22:35:17.000000,78227b50091032523c85f02b8146f1d5,95520,95520,0,,,
2023-01-25T15:47:37.000000,15be94aeeeec6ccc55b287a63e09fa90,95200,95200,0,,,
2022-11-16T00:10:44.000000,4fb7618c0236154da446dfaebde4ccb0,15920,3960,11960,2022-11-16T00:09:15.000000,email,0.0
2022-12-20T16:43:05.000000,141097c2da348bc0b566f22e4b797954,79200,79200,0,,,
2023-06-25T16:42:27.000000,1abdeea4a3b18013a5f8fa963cde9bf0,15920,15920,0,,,
2023-04-29T22:00:02.000000,557aa5248944a9c28ccc79aaa466d0a8,15920,15920,0,,,
2022-11-03T13:50:02.000000,685f9cc218d268d9cde892b54f63cdf4,42960,42960,0,,,
2023-06-26T22:04:33.000000,dd48fa257414595be7d70502a48eaccf,15920,15920,0,,,
2023-01-31T21:57:41.000000,563d462389c0eeed013621650c3f1fcf,95200,95200,0,2023-01-31T21:52:31.000000,kakao,0.0
2022-12-29T02:21:55.000000,46487d7ac5bc8e94de0280b820e413e6,79200,79200,0,2022-12-29T02:21:09.000000,google,0.0
2022-11-03T17:00:02.000000,63ce189abd85d933fd63de0b9f5d664c,15920,15920,0,,,
2023-03-27T21:15:01.000000,163b10c9f6eb7d5afd742db665f71633,131600,131600,0,,,
2023-01-03T00:45:46.000000,1c51045ff1c6f9567175f04e16d44e24,83200,83200,0,,,
2023-07-06T21:05:35.000000,8a55cbf3f74d4d75700e9ffac05be3df,15920,15920,0,,,
2023-12-28T11:17:55.000000,6cba985b9eee86103a970f1d36a6ab0b,95520,95520,0,,,
2023-01-10T10:43:29.000000,502ae2ee067ae0b66c0465f89e277762,83200,83200,0,,,
2023-01-09T16:24:12.000000,eedbb600a7488f9c915fbbb44a6686b1,83200,83200,0,,,
2023-01-30T15:26:08.000000,c47e201bb462c0744a7b90aa39aa3499,95200,95200,0,,,
2022-12-27T16:35:02.000000,5bccdf9d8b0a6a92bb9490b05d87d207,79200,79200,0,,,
2022-11-07T10:20:02.000000,ae5783a1565bed963f3a9e6cf713eb4a,42960,42960,0,2022-10-31T10:11:54.000000,kakao,7.01
2023-01-24T21:36:09.000000,fa0c9a820117287035c8cd7bae654b9b,91200,91200,0,,,
2023-01-08T18:37:57.000000,706b18187af6cf58bfccb5e00ac6bf7d,83200,83200,0,2023-01-07T17:49:19.000000,email,1.03
2023-11-24T16:32:37.000000,d9292a12176f3811aee3f7b224bec666,15920,15920,0,,,
2023-10-30T18:41:02.000000,9c7da468ee950ee1e7acf90b89df9009,15920,15920,0,2023-10-30T17:47:24.000000,google,0.04
2023-11-16T14:25:02.000000,3907d220cbd4debf295202d202495889,131600,111860,19740,,,
2023-12-29T23:16:43.000000,fa15d9e3baa5cdcf2c2960cce31b95a7,95520,95520,0,,,
2023-01-20T13:53:23.000000,d19eccf8a1afb493b91ad4910bc7fde9,91200,91200,0,,,
2023-12-24T10:21:50.000000,1c27674d9b43062533edda2ddf0bc92e,95520,95520,0,2023-12-22T00:00:43.000000,kakao,2.43
2023-11-12T17:15:22.000000,d0742ccf6339337928cf7c30fdf8bda8,15920,13532,2388,2023-10-29T19:36:59.000000,google,13.9
2023-08-31T18:10:50.000000,16083b6fbb674221c07dc2c235610911,15920,15920,0,2023-08-31T14:53:01.000000,kakao,0.14
2022-12-11T12:52:12.000000,7f5919e6cd467d5ecfb612dc1d900bde,79200,79200,0,,,
2022-12-16T18:23:29.000000,9e138ac7b8310ffcd75c24ee59b8737b,79200,79200,0,,,
2023-09-02T18:52:58.000000,89ac5e87156499470db86c3cb1cbbda3,131600,131600,0,2023-09-02T18:50:35.000000,kakao,0.0
2023-02-10T00:25:02.000000,61124294bbd50ecdc4ddc33f67116462,15920,15920,0,,,
2023-06-29T14:19:49.000000,4a4c2bdb056c1899fd3ebdfab82d2ca9,15920,15920,0,2023-06-29T14:16:21.000000,email,0.0
2023-01-13T21:02:55.000000,f04e929f6a483b48d55635ca32e45999,87200,87200,0,2022-11-26T11:17:03.000000,email,48.41
2022-11-19T13:04:39.000000,6af0283af483231620b9f24e057a6c8f,15920,3960,11960,,,
2022-12-11T22:53:28.000000,6ebd9260deebf39ca6d0a717f5e0c105,79200,79200,0,,,
2022-12-29T10:55:09.000000,06502d96f99d20e63c31f4435a72b6c5,79200,79200,0,2022-12-28T14:24:31.000000,naver,0.85
2023-12-30T13:32:44.000000,e66dc02165fb310b8b58a2ac215c3aca,95520,95520,0,,,
2022-10-18T01:15:02.000000,d39f0f918273a3300f2fb246649efde0,42960,42960,0,,,
2023-05-04T15:00:04.000000,061d06ca7fe3e60f57aaa9a28899c0a7,15920,15920,0,,,
2023-05-22T11:18:56.000000,568eb8169294c2cb7f42ca52798229da,15920,15920,0,,,
2023-07-01T18:36:08.000000,736f8fbe073fe7808dc8661225c95865,15920,15920,0,,,
2023-01-18T20:50:24.000000,7ed59fcf3412e224828f658b8f500895,91200,91200,0,,,
2023-06-06T16:49:00.000000,0fae8ab3a9f210a4979680b0dfe54bc4,15920,15920,0,,,
2023-08-12T16:12:40.000000,a737352e0f347f39c051dda515468d1d,15920,15920,0,,,
2023-02-21T19:30:40.000000,d0f1ae883bbc64e0439490d28eeae13d,15920,15920,0,,,
2023-11-21T10:02:30.000000,a61e09843c72d4211247a68359325a05,131600,131600,0,,,
2023-01-10T05:26:41.000000,bfb7697414ee2fa7d4dc2eb001fe7507,83200,83200,0,2023-01-10T04:48:56.000000,kakao,0.03
2023-09-10T21:19:20.000000,4fb0923c66743bdbea7afbd73c22c44b,15920,15920,0,2023-09-05T17:07:50.000000,kakao,5.17
2023-04-11T18:00:03.000000,cc89f4c28dd65b3fd53a9c7ade8f277b,15920,15920,0,,,
2023-12-29T12:19:06.000000,6360ab4e25054864666e96cc62b2b323,95520,95520,0,,,
2023-09-08T16:56:33.000000,02cb206b4e8d7ea7c2ad6a11dc974bec,15920,15920,0,2023-09-08T16:51:43.000000,kakao,0.0
2022-12-31T20:12:03.000000,afdbc2429c2a253a5fb79d4619e1ef5e,79200,79200,0,2022-12-29T21:03:32.000000,kakao,1.96
2023-09-03T14:21:56.000000,48f80fbf808f90ed803f4ba995bb8e10,15920,15920,0,,,
2023-03-25T20:05:02.000000,2da3a22ee94d7c15c01bea685482867c,131600,131600,0,,,
2022-10-25T17:14:48.000000,18817378c2ac3653e356c1b57b4b24ae,15920,15920,0,2022-10-17T17:06:46.000000,naver,8.01
2023-12-24T11:14:07.000000,0959f301a2e8ab797f03be89a1e34bda,95520,95520,0,,,
2023-01-05T12:05:25.000000,3f26aa99bad53be14b059ea70af8f5f7,83200,83200,0,,,
2023-04-20T01:50:02.000000,f94eed3708d0fab805422ce9815d8a58,15920,15920,0,,,
2023-01-24T18:09:53.000000,5da3762264a582dd18bcc9052d71ac3e,91200,91200,0,2023-01-24T17:38:23.000000,kakao,0.02
2023-01-18T23:02:53.000000,5cc5e2c2e61d0923f052aa8f6162ebd9,91200,91200,0,,,
2023-04-30T21:55:02.000000,3129351087773c3c122ba84ef5e4d95c,15920,15920,0,,,
2023-04-07T20:00:02.000000,956034ec16e66866e372c07fcc9d2679,15920,15920,0,,,
2023-01-31T17:15:04.000000,741ebb3ff1b6a263e917e827a0001aa1,95200,95200,0,,,
2022-12-12T11:28:26.000000,3942f9f39def18ad79334821e7a3157f,79200,79200,0,,,
2022-10-28T15:18:32.000000,f769a6729d255e44a96531827d0ffd57,15920,12736,3184,,,
2023-01-14T23:01:16.000000,3b0cf1a0a0ee4f3aa0f5fd1190bc7586,87200,87200,0,,,
2022-11-29T01:04:09.000000,aad187fcba97045d6c5a669bfc27098c,15920,3960,11960,2022-10-31T10:28:46.000000,kakao,28.61
2023-10-17T23:24:09.000000,55c387567ca5872d94fcfa0f4cf1655d,15920,15920,0,2023-04-25T20:15:23.000000,google,175.13
2023-07-30T07:43:06.000000,257458516f49a35f5b7054a0a8d228df,15920,15920,0,2023-07-29T10:53:56.000000,kakao,0.87
2023-06-29T00:40:45.000000,6430295ea77d18649a46c86eab7d81c2,131600,131600,0,,,
2023-01-05T22:43:20.000000,a3002a1e78f959c949b9676a9c49019b,83200,83200,0,,,
2023-01-11T21:33:07.000000,dd307984cbce4585bd683f50ec3d2924,87200,87200,0,2023-01-08T20:10:51.000000,kakao,3.06
2023-06-25T20:59:30.000000,4c38cf8ee83cda9b9fdd4b094728bb00,15920,15920,0,2023-06-24T15:58:09.000000,naver,1.21
2022-12-27T10:41:15.000000,0e6df43b6d9afe21174e53c1e6583504,79200,79200,0,2022-12-27T10:40:04.000000,email,0.0
2023-06-17T19:11:46.000000,a6a71dd33650b3ce28ebe158266bd7ff,15920,15920,0,,,
2022-12-26T19:43:10.000000,8ca0dc0bcc92121365d48fb8d832a9d9,79200,79200,0,,,
2022-12-17T10:22:48.000000,839528b5432e9e0d492add008a800634,79200,79200,0,2022-12-01T06:43:25.000000,kakao,16.15
2022-12-30T08:10:30.000000,f6a4000105c745f8ffd2694f55caf7e8,79200,79200,0,2022-12-30T08:09:10.000000,kakao,0.0
2023-09-05T10:28:53.000000,34cbae0039cb03eb63ae83160c7b3d74,15920,13532,2388,,,
2023-12-13T08:11:59.000000,d7f1e2bb4701c2efb91bdfa71cd14d26,95520,95520,0,,,
2023-10-24T13:08:28.000000,9249063d0180be5554ae1cf96a45d869,15920,14328,1592,,,
2022-12-20T23:17:57.000000,a18ade118f15afd432386ba0f68bba67,79200,79200,0,,,
2023-01-29T20:38:28.000000,2a0e63814c2478f7481c132a90c51659,95200,95200,0,,,
2022-11-30T21:57:35.000000,d09ae3b981a095d6b4239de3fa7ce8dc,15920,3960,11960,2022-11-30T21:55:40.000000,kakao,0.0
2023-06-28T13:21:21.000000,b6a65bc606190a4c5e36cfc515498ad2,15920,15920,0,,,
2023-01-31T22:41:18.000000,885242b12b23594c12ad53c2bbf52fb4,95200,95200,0,,,
2023-04-14T19:12:06.000000,a6ad1e7e5c7f54564ea72e029b3da16e,15920,15920,0,,,
2022-12-20T23:06:49.000000,ff3e43678af50412152940667cfecae2,79200,79200,0,,,
2022-11-30T17:35:08.000000,5a56c214877d95f5f341fe3970735f02,15920,3960,11960,,,
2023-05-16T08:57:29.000000,3ce6d16a992895abcb4f94c74be79cf6,15920,15920,0,,,
2022-10-04T20:05:02.000000,8d0c3ae2ae3305967a554d805bdd85cd,15920,15920,0,2022-09-27T20:00:28.000000,naver,7.0
2023-12-22T10:23:23.000000,5ffb7e2b8cefa13b7be9dcd902494a40,95520,95520,0,,,
2023-05-08T14:55:21.000000,f284ecf877a91146dc97eb0a9e44aec7,15920,15920,0,,,
2022-11-23T13:34:43.000000,eaad7538f03510f6214f1500d725d4aa,15920,3960,11960,,,
2023-12-27T16:42:06.000000,8e44eeeebed98038013086ff7c01cc1d,95520,95520,0,,,
2022-12-20T23:47:53.000000,4c6e9340b60b66f9312a133dd9cd9ef2,79200,79200,0,,,
2023-09-01T13:30:44.000000,02b01e4c524d507a01cb519cf85ccd49,15920,13532,2388,2023-03-22T21:49:57.000000,kakao,162.65
2023-07-18T19:35:50.000000,505fac23e940dbf9f33a427e6432b2c3,15920,15920,0,,,
2023-03-23T10:00:03.000000,ea52b382931f47b01a8134d88e7a15a4,15920,15920,0,,,
2023-05-23T21:56:47.000000,f8504f45e61a1f90969c4e1a5ef4f31c,15920,15920,0,,,
2023-08-07T16:52:13.000000,ee82600aa728c29e2dfddc23f2d3f25b,15920,15920,0,,,
2023-10-13T17:22:45.000000,3a723d698794723d52972296ed2222ce,131600,131600,0,,,
2023-08-05T16:41:41.000000,5bca70255b13e20ddad043f2779adef7,15920,15920,0,,,
2023-06-02T08:32:28.000000,e711ad18ecc90540c3d0270864342bd9,131600,131600,0,,,
2023-07-06T14:45:40.000000,7578dc1e8b42b06a89c3995158384794,15920,15920,0,,,
2022-10-05T01:50:02.000000,c5f756dc7bef258e750d4ac8dab61c7f,131600,131600,0,2022-09-28T01:44:16.000000,google,7.0
2022-12-09T16:17:23.000000,b913d3283e2390e5e4f2cbc8172dfc81,79200,79200,0,,,
2022-10-10T05:20:03.000000,66ed25c77e6b44fc6e13c079e09f2271,15920,12736,3184,2022-10-03T00:41:25.000000,google,7.19
2023-11-03T19:47:11.000000,9dadfc1aabc00c5c4af3533689d9b5c8,15920,15920,0,2023-11-03T14:38:28.000000,kakao,0.21
2023-11-23T15:18:41.000000,0586dece549c814f828c4c1017a76a87,131600,131600,0,,,
2023-12-31T23:32:32.000000,6b621a8e8f9e5e661b9de47590c33da9,95520,95520,0,,,
2022-11-20T13:45:02.000000,f2dcad59c4fded2b39da5990a82c8bf2,131600,131600,0,,,
2023-11-28T21:01:06.000000,28e79a246644e7c9446a5fe8aca53b06,131600,131600,0,2023-11-27T21:04:01.000000,google,1.0
2023-09-18T13:59:18.000000,0725d9cc81afb15ce4df96ed150e50e3,15920,15920,0,2023-09-18T09:57:33.000000,google,0.17
2023-06-01T23:38:37.000000,59d7f307519c9bac9283bb7e831069ff,131600,131600,0,,,
2023-07-29T16:10:27.000000,821371981a7a820f03f34cbf3ee96178,15920,15920,0,,,
2023-11-08T13:51:03.000000,a68df302cc83db5375a43552ee2e7184,15920,15920,0,,,
2023-01-13T18:05:09.000000,e655a75cae634c04e579caf13520a049,87200,87200,0,,,
2022-11-02T14:12:31.000000,0b701fd2a173038f42a4562a57fb9a2b,42960,42960,0,2022-10-26T14:02:28.000000,email,7.01
2023-08-12T22:36:14.000000,d938a28c354dacdbeb5b081097a7158b,15920,14328,1592,2023-08-09T14:26:57.000000,kakao,3.34
2023-12-31T16:57:25.000000,dc49c8e43109c4406e52a0f2f580b5c0,95520,95520,0,2023-12-28T08:20:33.000000,kakao,3.36
2023-06-23T23:06:52.000000,25a382377aaba078fdac687e96fdc9aa,15920,15920,0,2023-06-23T21:59:46.000000,kakao,0.05
2023-01-18T22:55:19.000000,59baa74905c97054ff5b243d07da48ea,91200,91200,0,,,
2023-01-08T12:37:06.000000,fe026f0240f9133fbd7a8efafb3c842f,83200,83200,0,,,
2023-01-01T13:27:20.000000,e2aa3ffca3510c81e4466bde19908dae,83200,83200,0,,,
2023-05-08T14:01:48.000000,66fd3aa2db0cea92d3cf662dbd4ebec3,15920,15920,0,,,
2023-01-09T17:29:55.000000,6fc7cb3588871b523eacfab4662fae28,83200,83200,0,,,
2022-12-12T21:52:44.000000,f1eb9f1324b8b1ca04fc2190d2c5fe10,79200,79200,0,2022-12-12T21:43:28.000000,email,0.01
2023-01-06T22:52:42.000000,1eeac52c909daee1d8ff4d0a19665e19,83200,83200,0,,,
2023-09-10T20:52:45.000000,49167393d76ee2ab8642863b4f344633,15920,13532,2388,,,
2023-10-04T17:26:05.000000,fab461d5995a6d6186b01a7cdbadd071,15920,13532,2388,,,
2023-09-04T22:37:39.000000,928e3bd444de2a3d959fecffe0f4adcc,15920,15920,0,,,
2022-12-27T20:24:06.000000,5fc7b6fc3ca3db2d4929d05ad239c507,79200,79200,0,,,
2022-09-24T15:30:02.000000,1fe54be7d9b9fe59e9c8f20b1f505989,15920,15920,0,2022-09-21T00:12:26.000000,kakao,3.64
2023-06-21T16:39:31.000000,f11537a23558067f2a11b70106f701ad,15920,15920,0,,,
2023-02-06T13:48:27.000000,ed32f298b7c204363c80ab831b39629d,15920,15920,0,,,
2023-06-30T23:47:32.000000,b4c35c4e2532a352cd4318dc7397ca4c,131600,118440,13160,,,
2023-01-09T20:34:19.000000,54a567ea9f7d275e05a2b1b24b040b27,83200,83200,0,,,
2023-06-16T23:54:01.000000,912b32eea3b58a43f00e1a490ad9d803,15920,14328,1592,,,
2022-09-23T18:05:03.000000,f595fd530706827dd55fdfaa81093c5b,15920,15920,0,,,
2022-12-27T19:12:15.000000,3b81056209c082f1cd264f50cb3e8f60,79200,79200,0,,,
2023-11-13T10:07:37.000000,6e9c824dfa69c0056e40dc3cd27d7bf6,131600,111860,19740,2023-11-07T21:21:17.000000,google,5.53
2023-12-27T22:31:06.000000,57c66409dc631c19ce4c5e20c0337368,95520,95520,0,,,
2023-01-20T00:34:53.000000,2de0dba8b2f90a31eb4cf71039008e3d,91200,91200,0,,,
2023-05-10T19:59:53.000000,3d3a7f2ad668dde017e30f3d396cf32e,15920,15920,0,,,
2023-08-16T20:47:37.000000,ef2ef0390cae801c822084be50415813,15920,15920,0,,,
2023-01-08T23:50:53.000000,1e0691f23d5b664c4bd01eedf4c87472,83200,83200,0,,,
2022-12-19T22:13:49.000000,ca964ca87c33dad5710f5a29006726de,79200,79200,0,,,
2023-08-10T14:21:27.000000,27898b58917f5b364e930676edc17121,15920,15920,0,,,
2023-12-18T22:57:35.000000,c89e0c9aee15eeafc2fda1b25b1ad37e,95520,95520,0,,,
2023-11-18T03:27:38.000000,d21d486a52f555625de29317b88dc5d4,15920,13532,2388,2023-11-10T13:14:07.000000,google,7.59
2023-10-21T08:29:46.000000,1dab8d33b8ac5f3f794be002c046ac3e,15920,13532,2388,,,
2023-02-20T11:20:43.000000,c5087a941da4a7f8721fa4bc1923c253,15920,15920,0,,,
2023-07-22T16:25:43.000000,d3865b8eafdba1ec3cdc8126d4a010c1,15920,15920,0,,,
2023-11-15T19:12:30.000000,d2a92dd7e65d264b6bcd8bf6ab2816f2,15920,15920,0,,,
2023-12-23T00:40:34.000000,b0108df99bda091649795806e7417244,95520,95520,0,2023-12-23T00:32:03.000000,kakao,0.01
2023-10-10T17:13:15.000000,975b63e83de4ea0e5a6cbd645e85fb3e,15920,15920,0,,,
2023-11-16T12:25:30.000000,5c3b24e26214303627bdb1cb15e2a743,15920,15920,0,,,
2023-07-24T13:59:48.000000,f30e192dff0d8d074e017cfb24611690,131600,131600,0,,,
2022-12-30T19:05:29.000000,c7c66d2ec5148a4b53b852ef0be4e502,79200,79200,0,,,
2023-12-11T09:31:59.000000,53b5b1408fa7a57ed66b6ff120fd727d,95520,95520,0,,,
2023-01-31T14:39:59.000000,4d315fe7250b8cb7ed1032ab725975c7,95200,95200,0,,,
2023-05-19T11:17:39.000000,452dacb38b658803e9a5c03baf54e6c5,131600,131600,0,2023-05-17T17:17:59.000000,facebook,1.75
2023-10-11T15:34:25.000000,99aebad83df869f773305b8da35a3050,15920,13532,2388,,,
2022-10-07T09:30:03.000000,010a4a8efd5fd2528719b5bd8098286a,131600,131600,0,,,
2023-12-10T20:07:40.000000,a2d1749460c8f764aa15584ea4dd1662,15920,14328,1592,,,
2023-06-25T21:09:23.000000,c61dfe29bd9f940b91c83efabdeecb8c,15920,15920,0,,,
2023-07-01T20:50:41.000000,8eb67c37c904b272a2d7c679b6861229,15920,15920,0,,,
2022-12-26T21:50:52.000000,7371b4146e353135cbd8c18093c53594,79200,79200,0,,,
2023-09-07T20:34:19.000000,e8484bc0e893e95394bfc99693849786,15920,15920,0,,,
2023-06-24T22:24:06.000000,7ed800178b9a6449431e9d3e7b308eee,15920,15920,0,,,
2022-12-30T20:22:39.000000,9f5d5335f31345461ad61f9aa7e40d74,79200,79200,0,,,
2022-11-20T16:20:02.000000,d8de3dfb57fe7e3cc36f13fa6aa4fd83,15920,15920,0,2022-11-13T16:10:10.000000,email,7.01
2022-12-07T20:49:23.000000,c0d7a485cf7b98f1fb2f0d537bed42f5,79200,79200,0,,,
2022-12-24T16:10:46.000000,6285121a5d699b406784793dfd5160ec,79200,79200,0,,,
2023-11-20T21:26:37.000000,27cdc0183ffdd4ef75e2bd7b8ed094e1,15920,15920,0,,,
2023-01-17T12:52:18.000000,a3afdf51b4aa00595b0a03c6ebee7725,87200,87200,0,,,
2023-07-27T16:31:39.000000,ae29a1e48fbccef1557057c9c496ae40,15920,15920,0,,,
2022-10-20T17:47:13.000000,d2b582b1eaceb13d00fa6f6edf9cac18,15920,15920,0,,,
2022-12-27T20:35:32.000000,afc5e262660ad0f1eb831d3ab52969bd,79200,79200,0,2022-12-27T01:08:16.000000,kakao,0.81
2023-04-08T01:07:50.000000,21fea787b449c6d075e3a1aed3b4733f,15920,15920,0,,,
2022-12-21T16:46:48.000000,dbc921857de503a0823937ff913f4169,79200,79200,0,,,
2023-12-22T14:11:02.000000,042919a715264ca36cefe7e412f6646b,95520,95520,0,,,
2023-10-04T22:05:44.000000,e3b7315356bf2cc9896b833efde5ad7f,15920,15920,0,,,
2022-12-21T09:30:13.000000,3a55a8b1951e508369086643246a79ad,79200,79200,0,,,
2022-11-16T19:31:44.000000,849d2940553b0fe98a28a53890e311d4,15920,3960,11960,,,
2023-09-06T17:11:16.000000,90634b35dcbbf89eb46f5dec05de58ab,15920,13532,2388,,,
2023-09-16T14:18:57.000000,9d518acf191db543dcfe7acda20c6980,15920,13532,2388,,,
2023-05-25T11:14:26.000000,1f6a25a9ff89bee446890c9bab7d59c0,131600,131600,0,,,
2022-11-30T14:22:43.000000,86012338916c4102a9b11559981dcab5,15920,3960,11960,,,
2023-01-04T10:22:46.000000,7ccf551098ba0348505b44ca19380d79,83200,83200,0,,,
2023-03-02T20:15:02.000000,c43e52908e0b76b42f6b4f67817afdf7,131600,131600,0,,,
2022-12-26T16:22:50.000000,eebf0ba4f9fb5581c23e4e747230d377,79200,79200,0,,,
2022-12-28T08:18:21.000000,036a0e40e07550ac835ae9751df0f3a2,79200,79200,0,,,
2022-09-05T20:50:02.000000,ea84240952a39b766ad2c8f54334ec2b,15920,15920,0,,,
2023-03-29T17:05:01.000000,17b13a5ddeabc9e0b102a75d382939bb,131600,131600,0,,,
2023-01-10T21:29:06.000000,31c2a89e6510e897b3a48479d71e95ea,83200,83200,0,,,
2023-01-17T21:46:13.000000,5e6390d1f750702824d108fbc07bd32c,87200,87200,0,,,
2022-11-30T21:15:12.000000,ba7c9e4f310514b1b6d59d3a4bf47c54,15920,3960,11960,2022-11-15T14:25:17.000000,kakao,15.28
2023-11-17T14:46:32.000000,69090d8fea53b0b9076758c0308b9767,15920,15920,0,,,
2023-01-20T16:24:06.000000,7e013c793a0023f5d1d968ac4b50e4ce,91200,91200,0,,,
2023-09-25T14:05:07.000000,fc93a3e93621b162872044c1009e762c,15920,15920,0,,,
2023-08-29T22:23:29.000000,9721df350db6ebdf7300992c4e19c35f,131600,118440,13160,,,
2023-12-02T00:50:12.000000,c519aa5ee7ad7067cf36e71f3ba53dac,15920,15920,0,,,
2022-09-15T20:05:02.000000,6c0c00b5721d69ce964a5681f29fc570,131600,131600,0,,,
2023-06-30T23:51:06.000000,4659754b103c5db533dd717d02657757,15920,14328,1592,,,
2023-10-20T16:01:33.000000,ccea16701cf72a9027d7d5f2c3d3019c,15920,15920,0,,,
2023-10-05T07:23:40.000000,4b8eb325c60597e31619e52ec1d6b555,15920,13532,2388,,,
2023-01-01T14:29:59.000000,4c677436f63e4a922f291ee59e9f1c77,83200,83200,0,,,
2023-04-20T13:40:02.000000,2487d2e6cf1e0b381fdc062ac1e2ca13,15920,15920,0,,,
2022-11-28T18:49:00.000000,075251c588054922617400e35dbdc3f6,15920,3960,11960,,,
2022-09-12T07:15:02.000000,f8a6fd864379dd4d33d7c7abd249206f,15920,15920,0,,,
2022-12-31T18:44:37.000000,b1eac17804e857df11127e02df56dc22,79200,79200,0,,,
2023-11-07T04:47:14.000000,15d7de25aed5a4722efe7b277ad9627f,15920,14328,1592,2023-11-05T22:43:57.000000,google,1.25
2023-01-09T16:51:45.000000,d08f3924d426b4073ed96239ccffd1df,83200,83200,0,,,
2023-03-17T19:50:01.000000,f8a196860527a218b42b8c88381473b5,15920,15920,0,,,
2023-11-23T11:00:20.000000,5701009993f00d6186a2f39e99f5df81,15920,15920,0,,,
2023-04-21T15:00:02.000000,0c6a11c168bf1a6357f13d3432c794a0,131600,131600,0,,,
2022-12-25T15:28:11.000000,20f72e3a6c369e20af936264226f7528,79200,79200,0,,,
2023-10-30T18:34:13.000000,3936328e9f78553bfdd1678681432487,15920,15920,0,,,
2022-11-29T11:19:26.000000,6ec08246f119336a2d8145b5da257ca6,15920,3960,11960,2022-11-29T11:18:44.000000,kakao,0.0
2023-04-21T15:22:17.000000,ce0a3fe8e7b5630aaaff7cbeeefdc4fb,15920,15920,0,,,
2023-10-08T21:38:56.000000,930a590a64d933bc7d4c47cf38031c7e,15920,14328,1592,2023-10-08T15:24:57.000000,kakao,0.26
2023-07-22T19:23:25.000000,456bbb0f04ddc37101ab26d15f0ffe87,15920,15920,0,,,
2023-12-15T14:09:55.000000,ab5f299c2df1a6fa9cae838c10634dad,95520,95520,0,,,
2023-01-31T08:36:59.000000,2ba3c3253c802db8ba7f88ecc243e3df,95200,95200,0,,,
2023-01-10T21:03:50.000000,00ad080c0406d76c4b9942ff11e42987,83200,83200,0,,,
2023-03-22T15:55:02.000000,486190898b40a1fa8530f3c57b605296,15920,15920,0,2023-03-07T01:31:33.000000,email,15.6
2023-07-14T09:48:17.000000,3c7046a4cf4bb5f0eec10625ba54a0b8,15920,15920,0,,,
2023-12-24T00:16:33.000000,3f2dfbf84796ca146aefa4eb72831abd,95520,95520,0,,,
2023-08-29T16:32:30.000000,cdd19ed5a956ff6194175166956d3061,15920,15920,0,,,
2023-01-03T15:45:05.000000,22871358e2f1c88ea460a9d9c6343171,83200,83200,0,,,
2023-12-23T14:45:03.000000,a0dbe549f9a5ec760cd20077491a3248,95520,95520,0,,,
2023-06-27T08:07:25.000000,5a7d82d93c288adb607f826de6a62957,15920,15920,0,,,
2023-11-24T19:29:14.000000,852725f0ef6bd6883b7b57fb90ecc5d0,15920,14328,1592,2023-11-24T17:31:59.000000,kakao,0.08
2023-05-02T14:05:02.000000,f88f27538dbc09cba73008c50d0a893c,15920,15920,0,,,
2023-01-10T23:00:36.000000,2d8bbe7c5e5d1cd6398836f632ab8e71,83200,83200,0,2023-01-10T22:59:28.000000,email,0.0
2022-09-30T14:40:03.000000,ed5a76f9780376e2e420badbf8c77210,15920,15920,0,,,
2022-12-23T22:06:16.000000,46837c4be3787a66e955265c12c5f7fd,79200,79200,0,,,
2023-08-06T23:59:10.000000,4849c9eb99ca39a0a7cc1da231bd62f2,15920,15920,0,,,
2023-06-25T18:55:09.000000,3e6c7c855de7e718f515e114bed87328,15920,15920,0,2023-06-25T18:48:38.000000,kakao,0.0
2023-01-12T10:13:00.000000,a5e342dfba785cc7c183644381a1c3c2,87200,87200,0,,,
2023-12-14T14:39:52.000000,bc32edab08371f657609b78406cf8971,95520,95520,0,2023-12-14T12:57:07.000000,kakao,0.07
2022-12-31T21:18:35.000000,00c5c86b0c26054805f12086ef23e643,79200,79200,0,,,
2023-09-01T13:04:42.000000,3a2ccca371f17794b9c3215e1672117b,15920,15920,0,2023-08-31T13:28:49.000000,kakao,0.98
2023-07-13T13:23:08.000000,9e9fcc309fe661bfa348e6157681ea57,15920,15920,0,,,
2022-11-21T21:04:40.000000,0190c6d938f9ccd25767b13440fc0f25,15920,3960,11960,2022-11-21T21:03:41.000000,kakao,0.0
2022-12-16T22:16:15.000000,ef760bca441e12cc911aa3db680bda04,79200,79200,0,,,
2023-07-20T23:18:52.000000,b86a55f8665eec5e89d9b61ed8bd6975,15920,15920,0,,,
2023-04-10T21:00:02.000000,3b5c66b1ae4e2d77e427abca7d323586,15920,15920,0,2023-03-19T20:03:17.000000,kakao,22.04
2023-10-01T20:16:17.000000,34943b21eda6f814b6566f785ff8a066,131600,131600,0,,,
2023-04-07T13:45:02.000000,ee18763162fd4ea36099e3d028176488,15920,15920,0,,,
2023-03-22T10:15:02.000000,52fa922a6496ea994feba0cc7e92d4ee,131600,131600,0,2023-03-14T20:55:30.000000,kakao,7.56
2022-12-14T16:00:06.000000,e5bb469d65502a6b2798344f1b0c58b8,79200,79200,0,2022-11-29T10:51:22.000000,naver,15.21
2022-11-23T22:40:02.000000,e6eb4504b5a228ba77fd0e62f77b6abe,42960,42960,0,,,
2023-01-11T19:42:49.000000,bd78a618201887e984e49143603050da,87200,87200,0,,,
2023-12-19T20:11:50.000000,b08326d2bbae4f8482acca6694190a85,95520,95520,0,,,
2022-12-23T23:49:14.000000,f3ca15bcf21e95afe976c1fee1ecbdb1,79200,79200,0,,,
2023-10-01T17:02:14.000000,8504dfe1bc2d7970a45e74be62c0490a,15920,15920,0,,,
2023-07-11T21:01:57.000000,312c58ce8e851e41a7f4ead6f014492a,15920,14328,1592,2023-07-11T10:06:07.000000,naver,0.46
2022-12-22T16:15:16.000000,9d0d2717544bbb5d6ba9e9950721bbf9,79200,79200,0,,,
2023-02-15T22:50:46.000000,6e6af7fdaf09ead7f23ce6f895e89a90,15920,15920,0,2023-01-11T09:00:37.000000,kakao,35.58
2022-09-07T19:00:02.000000,42c7f5ea9bde395a509b7396689296ea,15920,15920,0,,,
2023-08-22T07:10:52.000000,31fc7a62a8788dff078fb5a2851c4aaa,15920,15920,0,,,
2023-02-12T21:10:51.000000,53a623832d887c8d402419d9c51834df,15920,15920,0,2023-02-01T22:47:21.000000,email,10.93
2023-06-12T09:17:45.000000,5785b538269a7166715c873ab43f9e0c,15920,15920,0,,,
2022-12-28T21:30:57.000000,498ded92e64f8e9ba31d68a9d84e9f95,79200,79200,0,,,
2023-07-23T13:03:59.000000,ff386ac202b4d9791259039e8f5879f4,15920,15920,0,2023-07-22T10:08:38.000000,email,1.12
2023-01-30T21:31:20.000000,0715c80a58367e61fde15125ae2edec0,95200,95200,0,,,
2023-07-20T14:34:00.000000,f345c1e76b2d108b2610e5ec7c401531,15920,15920,0,,,
2023-01-23T17:25:23.000000,4d031625149f3b79376b2de8e2ba9d79,91200,91200,0,2023-01-12T13:01:41.000000,kakao,11.18
2023-09-20T00:22:36.000000,8cbcac94ff9d5274cc0f15de91580431,15920,13532,2388,2023-09-19T23:29:18.000000,kakao,0.04
2023-06-13T21:31:53.000000,ddd931be5ebb61a08c50313e8e4ca823,15920,15920,0,,,
2023-06-25T17:37:52.000000,e082aa552d8271b4dde7a135962e17e2,15920,15920,0,,,
2023-06-22T21:34:51.000000,37b9aa8575e6898ebc85000e7427f719,15920,15920,0,,,
2022-12-20T16:46:37.000000,6af36953349f34ab2ee1329c6d40a126,79200,79200,0,,,
2023-12-18T14:59:35.000000,4cb681abd75e2d4411e6772c61e4e2e6,95520,95520,0,,,
2023-12-02T23:26:37.000000,bd8fc0ccda5b1f44b8841683cbe4ff97,131600,118440,13160,,,
2023-10-10T20:10:35.000000,498f1e4a3fd30a5d45c20a2ace9045d1,15920,15920,0,,,
2023-10-29T17:00:06.000000,e32358abf9afe11340226e3d33cf32e7,15920,15920,0,,,
2023-01-31T19:40:10.000000,11513e927f01a9ce44af5c4730ceac88,95200,95200,0,,,
2023-11-17T14:13:21.000000,cc0c3101ee294c6816ba170f5afdd144,15920,15920,0,,,
2023-07-20T14:38:56.000000,18e08f89fde6e6d17d85f919c2d18385,15920,15920,0,,,
2023-08-25T21:44:05.000000,4c7ec68fa38aa1448e0000ea9b50cd8e,131600,131600,0,,,
2023-12-31T00:25:43.000000,532ab2b34f9b72b18cd9835a54625e8f,95520,95520,0,,,
2022-11-22T11:56:48.000000,a9c4e32c5ce23c95f69e14c72a3b9729,15920,3960,11960,2022-11-16T06:26:30.000000,naver,6.23
2023-12-14T22:16:10.000000,22e4b904ed2902e8248ddde4cac50950,95520,95520,0,,,
2023-01-12T23:55:50.000000,05bbc8fa93c7c1bb55844d54ecdd0131,87200,87200,0,,,
2023-12-28T12:05:03.000000,353390d038c99e18f292a7fad36e24fb,95520,95520,0,,,
2023-07-21T12:18:32.000000,4cde7fed73b6c557c9c627a21488ade3,15920,15920,0,,,
2023-01-29T15:46:23.000000,41b6ceb236f9106209db7f75ad3a6602,95200,95200,0,,,
2023-02-13T09:35:03.000000,bfee88b9b3f34e72eecf54442555247d,15920,15920,0,2023-02-06T09:03:48.000000,kakao,7.02
2023-08-05T14:49:18.000000,fdef66fc9c12fb70d11cbaf9d8706f4d,131600,131600,0,,,
2023-01-04T12:08:52.000000,5d2bc802b09b45c6737885a41547f8c6,83200,83200,0,,,
2023-08-16T20:17:20.000000,dc7e8060d6d54a5f5f4be42d840af71b,15920,15920,0,,,
2023-02-22T15:45:02.000000,9037523adf6311721fc27822453c6893,15920,15920,0,,,
2023-06-24T19:11:55.000000,454b765aac26898507365d920736bef3,131600,131600,0,2022-10-28T19:46:25.000000,kakao,238.98
2023-10-18T15:02:09.000000,f833cca4c382ac8c502c6f99bc432725,15920,15920,0,,,
2023-07-17T10:46:23.000000,116040c98f94e74ff4d08b6617aa931f,15920,15920,0,,,
2023-12-18T20:36:32.000000,418132c76a064c4c714f2cb154d7e7f4,95520,95520,0,,,
2023-04-25T14:53:46.000000,3fd6cb65bc8ecf3aa5629b5b05492704,131600,131600,0,,,
2023-03-30T21:10:02.000000,1bea5428b29f8752ab404460f148b944,15920,15920,0,,,
2023-06-23T15:50:43.000000,7d20828d7bfa4f4e97c94c914ae80195,15920,15920,0,,,
2023-04-15T21:05:03.000000,6fe73e247324b52f48058164f1943803,15920,15920,0,,,
2022-12-31T23:28:45.000000,b581eb8f5df1e8be5029f1fcdd898894,79200,79200,0,,,
2022-11-22T16:28:17.000000,1c51831686bb2a2bcf0c22bfffad3176,15920,3960,11960,,,
2022-12-20T23:32:20.000000,b5b7cf23eb7a9c4e77df38db31552f62,79200,79200,0,,,
2022-11-30T21:56:08.000000,114ce725e8b85a21ceb209b363630a48,15920,3960,11960,2022-11-30T21:51:48.000000,kakao,0.0
2022-12-08T18:35:39.000000,f5886eceb1f4fb40ed652c1549652cea,79200,79200,0,2022-12-08T18:33:56.000000,google,0.0
2023-02-11T15:05:02.000000,3d27933513d0b5c856602162eb91c5a6,15920,15920,0,,,
2022-12-31T00:42:54.000000,b135a868099ff9e614620c88eccc45b3,79200,79200,0,,,
2022-12-13T17:43:30.000000,2bf8cb1d9c5d4556f5165c2aaf804f2e,79200,79200,0,,,
2023-08-13T15:45:17.000000,7fa92d93c59358d38d637285a29dfe5d,131600,131600,0,,,
2023-09-02T20:36:16.000000,f120db3e13cfe67c7c08b1a8d2ef6cf1,15920,14328,1592,,,
2023-12-27T16:55:42.000000,4c78b4d3c96e91023a6ef160178d130d,95520,95520,0,,,
2023-09-09T23:49:41.000000,11b5e9a086b6a7d763bf334ba84716d6,131600,118440,13160,,,
2023-08-21T08:08:29.000000,5a1810c634f3af0333bb9c197fceaeb9,15920,15920,0,,,
2023-01-25T22:00:21.000000,6cf90f517f82983e2cf42e97a5ebbfbd,95200,95200,0,2023-01-25T21:47:48.000000,kakao,0.01
2023-06-23T13:53:52.000000,f7889dadb5d34c442c5c0a342bbd879f,15920,15920,0,,,
2023-12-26T21:59:28.000000,9828a9b8ed6de994eca0bcbdea7e77d9,95520,95520,0,,,
2023-07-31T10:33:59.000000,2c0966d2b6ac9af8189684cf2ea7a8d8,15920,15920,0,,,
2023-01-18T00:02:16.000000,8cda89b1ab60aeaf2d9dcce2c73b84ea,91200,91200,0,2023-01-17T20:39:02.000000,kakao,0.14
2022-12-27T16:40:32.000000,b39266b36a6af4e58b2a29e1f0ad3073,79200,79200,0,,,
2023-07-04T19:46:24.000000,fc7ce5a39d58e4c419e365acfbc54c45,15920,15920,0,2023-07-04T11:24:52.000000,kakao,0.35
2022-12-19T23:15:09.000000,5a40c81bc6de204f3d904637d3e65865,79200,79200,0,,,
2023-04-14T17:20:02.000000,d07d4a3a736c6f3be006e0a7a9263b50,15920,15920,0,,,
2022-09-20T21:20:02.000000,c1a0158d60ec4e2c880788dc84dd51a0,15920,15920,0,2022-09-13T21:10:07.000000,naver,7.01
2023-06-19T22:20:27.000000,aed99e900441d691f942c8078519fd10,15920,15920,0,,,
2023-04-19T23:40:02.000000,095e2a0e1da30466d6b7bf13ded7b7e6,15920,15920,0,,,
2023-04-03T22:25:02.000000,6fa06d44dec13ecf5a15fa98c7b24a1b,15920,15920,0,,,
2022-11-16T13:46:24.000000,5b7c4481f91d579edc4889d0eb69dcd0,15920,3960,11960,2022-11-16T13:45:25.000000,kakao,0.0
2023-11-17T14:58:01.000000,b554657bcc6b613ea252e5556cc57d24,15920,15920,0,,,
2023-05-05T16:20:02.000000,e3ca9b02412adefc2d878f609e864dea,15920,15920,0,,,
2023-05-04T21:35:03.000000,a4eef550835bd124c8ba48a00aceeb70,131600,131600,0,2023-04-27T21:29:49.000000,kakao,7.0
2023-09-07T19:14:29.000000,6c0c66417a013b7a06f39c3d0d856c3e,131600,118440,13160,,,
2022-09-05T21:20:01.000000,0fbf2ec20c4833829154647898e0bb9e,15920,15920,0,,,
2023-07-04T14:01:39.000000,53630c1af3e2b5e382777b8b911bf93b,15920,15920,0,,,
2023-01-17T09:14:30.000000,f3f78f663767fa13ee33bbbe0e2e2c09,87200,87200,0,,,
2022-11-30T02:38:37.000000,67695a62916b70403217a7c71d235d78,15920,3960,11960,,,
2023-12-27T17:58:50.000000,15046dba640557038010ae9986d91693,95520,95520,0,2023-12-24T11:47:10.000000,naver,3.26
2023-12-31T23:11:01.000000,4c074f62ea59356bf8747acee23b739d,95520,95520,0,,,
2023-02-16T15:19:55.000000,a086991fab126bf4e393e5e18aff1075,131600,131600,0,,,
2023-06-05T14:05:45.000000,7947bf088e77735fe44a0d54b312b2a3,15920,15920,0,,,
2023-06-24T17:59:52.000000,a9af29133b5cef597c205750061cca6f,15920,15920,0,2023-06-08T22:32:30.000000,kakao,15.81
2023-06-23T15:24:37.000000,4a93ef0092c9da8eedc96448d915b4b7,15920,15920,0,,,
2023-06-18T15:33:39.000000,ebff61912c2d84374f4459978882e466,15920,15920,0,,,
2022-12-30T13:42:14.000000,2e861c074119e356de79aaf8aa9dc179,79200,79200,0,,,
2023-03-19T12:35:02.000000,6c881d742f7171ef6f1c8d53be4dc30b,15920,15920,0,,,
2022-11-25T15:13:42.000000,58f8baf28ccd0a80855963b47236eb7f,15920,3960,11960,,,
2022-12-31T22:35:14.000000,aa35ec5b33c1e22659a91486955b36e5,79200,79200,0,,,
2023-07-02T19:23:56.000000,3c55a519c1da5c8dfd19b45f7c91e719,15920,14328,1592,,,
2023-01-17T07:46:48.000000,6640866858b0e608e481cb5121d1e84d,87200,87200,0,,,
2023-07-16T06:09:14.000000,83634d6723bd630fc86cc2d8d02a01c4,15920,15920,0,,,
2023-09-19T12:58:44.000000,581ffbfdc3245ef4e92097da9ba6e23b,131600,131600,0,,,
2023-12-20T09:29:07.000000,160b02fe33baab308e464cab671def57,95520,95520,0,2022-12-26T09:09:32.000000,email,359.01
2023-07-17T17:08:44.000000,330f14c5aeddc21e80be9474af7c1d63,15920,15920,0,,,
2023-08-23T20:52:17.000000,35a75fc57b9c6b7a9f3dc35b3551af81,15920,14805,1115,,,
2023-09-10T17:55:06.000000,cee0f30a6fb0ff5dc6e29a84a708aa8d,15920,15920,0,,,
2023-12-06T23:16:07.000000,e480f085a6ae4a43317536f3ade15ab0,15920,14328,1592,,,
2023-05-05T00:30:02.000000,de268c470001d1b0ff39f0c4869c60e0,15920,15920,0,2023-04-28T00:15:37.000000,email,7.01
2023-04-04T16:05:03.000000,ce985a9fd470faa8e379c48eb805abfe,15920,15920,0,,,
2023-12-21T15:42:38.000000,67d198fa6e838f7f14091e2f68973230,95520,95520,0,,,
2023-01-31T22:09:03.000000,fa6508df9882530c84268bd8d2d8f029,95200,95200,0,,,
2023-01-19T20:49:35.000000,453044acc107096e00cc99c9bfa150a8,91200,91200,0,,,
2023-06-25T19:09:53.000000,e339239f00567057485af484e58f5622,15920,15920,0,,,
2023-01-10T18:43:39.000000,c02a9e9c8a97119058b4388c23af6f16,83200,83200,0,2023-01-10T14:43:03.000000,kakao,0.17
2022-11-08T17:45:03.000000,edccf32df27d89255c8207fe870f50fa,15920,15920,0,2022-11-01T17:40:17.000000,email,7.0
2022-11-28T21:26:33.000000,5804b66968ea00dd79e715e6ffe64adc,15920,3960,11960,,,
2022-12-20T10:24:44.000000,9af585d949120b4c1ef9f94e66808560,79200,79200,0,,,
2023-05-14T23:26:49.000000,c6bfd930c6ba02e5762ebb4003fccd5a,15920,15920,0,,,
2022-12-05T21:25:21.000000,6221a2599fea57e3fb461767115f5fff,79200,79200,0,,,
2022-09-25T16:20:03.000000,d2ce66277763e802e2c0e85ed57c5013,15920,15920,0,,,
2023-08-06T20:35:31.000000,7cdd350955432443cdddd66b37ec9215,15920,15920,0,,,
2023-05-30T15:57:14.000000,2ac3e1fdc6473ebfbd4f47431c4619fd,15920,15920,0,,,
2023-01-04T02:41:26.000000,78e7f916ffd3fe3911c461e475330588,83200,83200,0,,,
2023-06-24T12:09:31.000000,a49486a287959cc81d6d81bf64cc3f2b,131600,131600,0,,,
2023-07-18T21:30:03.000000,655fe8fb6541f95408f03e64a8689aa5,15920,15920,0,2023-07-18T20:22:31.000000,kakao,0.05
2023-07-29T13:55:18.000000,13e5ef842f3eec25b52dc2d9593c8afa,15920,15920,0,,,
2023-11-05T15:52:37.000000,c2e8644135dd7711c7ce357fb7b165f4,15920,15920,0,,,
2023-01-07T17:31:19.000000,29170069695dae32b883b337c2720919,83200,83200,0,,,
2022-09-26T22:20:02.000000,d979624276b9c618513da9d00915c15a,15920,15920,0,,,
2023-01-14T23:05:42.000000,cf2b57d72262192858a07a474731dcfd,87200,87200,0,,,
2023-07-18T18:16:50.000000,b39bdeae723cf8184cb5364908f5e8db,15920,15920,0,,,
2022-12-14T22:56:47.000000,6a4239565c5f22101b7fd7eae78c6802,79200,79200,0,,,
2023-11-22T13:09:58.000000,806dc10102c183ed6d56fd0dbef4e5bd,15920,15920,0,,,
2023-07-02T22:02:30.000000,55c2b4a6180e7ee6970af0990246fbee,15920,15920,0,2023-07-02T21:18:01.000000,kakao,0.03
2023-12-25T23:13:20.000000,97bd6d39ce6a49b2253899cb467e5df6,95520,95520,0,2023-12-25T23:09:40.000000,email,0.0
2023-12-30T17:17:22.000000,d58c45122044c1347403bfc0ad28261c,95520,95520,0,,,
2023-01-19T20:17:31.000000,a328be107c0b6815e44d265f8a0fb596,91200,91200,0,2023-01-18T20:22:48.000000,naver,1.0
2023-01-06T10:52:13.000000,73980c43bcaaaeff14ca0ebbe96b753c,83200,83200,0,,,
2023-06-10T14:48:32.000000,ff808a62645495d61a53ebecef59c834,15920,15920,0,,,
2023-11-18T15:52:14.000000,93519ccbc3f65d6f3d010fa63b94c2a4,131600,111860,19740,,,
2023-11-29T19:37:09.000000,06da2942a50a352432e5954dce12645c,15920,13532,2388,,,
2023-04-20T15:55:02.000000,1d56b8eebbff34a217dc4656a2409f92,131600,131600,0,,,
2023-08-30T18:06:55.000000,1aecbcb54f8e0b36b291d57b37e0554e,15920,15920,0,,,
2023-09-13T22:23:51.000000,3925d893d3085d40d9aeeb42ef5cd9ec,15920,13532,2388,,,
2023-09-13T20:06:55.000000,65c6c1f7d4c4662e81f715f37e7c2e1c,15920,15920,0,,,
2022-12-28T17:11:28.000000,967612050f02b292a42a564979abf8c1,79200,79200,0,,,
2023-01-01T00:18:33.000000,ba118ce77c00a58c27aa8d37a518c276,83200,83200,0,,,
2023-11-20T21:45:01.000000,ff9da2883e4ca40860f43e0539474371,15920,15920,0,2023-11-20T21:24:11.000000,email,0.01
2023-11-20T19:35:09.000000,738b4de1c7f4c97b8b6a1668fd3fcae4,15920,15920,0,,,
2023-01-31T22:37:45.000000,247a53aa49407188c2f12b6476dced1f,95200,95200,0,,,
2022-12-26T18:27:03.000000,8f19ab7d7512d16292b754f0d0786d6a,79200,79200,0,2022-12-26T18:25:48.000000,email,0.0
2022-11-30T14:15:38.000000,9ca08921d29c9217bd08532aaf8660f7,15920,3960,11960,2022-11-29T23:32:43.000000,kakao,0.61
2022-11-20T02:41:49.000000,a7c1e2e4d881d8b5e8967d431f8c3c6f,131600,131600,0,,,
2023-01-29T21:46:32.000000,e88fe17743fb52ab28487fa8c8ef11b9,95200,95200,0,2023-01-29T09:27:19.000000,kakao,0.51
2023-01-04T09:48:58.000000,d83bd204a8d234037362af9bbdd0ee84,83200,83200,0,,,
2023-08-15T16:26:42.000000,fe458dd4ed0d11a2b484a6a3e03c935a,15920,15920,0,,,
2023-10-20T14:38:06.000000,c92d479010a428cd77f528fd1bea56e2,15920,15920,0,2023-10-12T22:41:51.000000,email,7.66
2023-07-24T16:44:08.000000,b573eddb84c10c243de6dcd1c6c31a22,131600,131600,0,,,
2023-08-12T02:34:06.000000,f1231d36927369a68b80fb3e9001aca8,15920,15920,0,,,
2023-10-03T23:58:14.000000,c8f574f59d5cebdc14b4c103b5e82de0,15920,14328,1592,,,
2022-11-28T20:28:47.000000,2d89ec6d42e8b06683e7294930919612,15920,3960,11960,2022-11-28T20:23:51.000000,email,0.0
2023-03-29T13:30:02.000000,68b94fb152a1b459b809f7a35665df6e,15920,15920,0,,,
2023-10-27T12:55:47.000000,7f8236e176647ae3b1cf1acb8832e5df,131600,131600,0,,,
2023-01-10T18:42:03.000000,5c65b01c6a7d128c9768cf3cbd88ad4c,83200,83200,0,,,
2023-02-08T17:00:03.000000,4eac2449e25ea6f974a9cf207e7fb675,15920,15920,0,,,
2023-05-06T15:00:39.000000,ea3183502307e51abdd8b4892b9e315e,15920,15920,0,,,
2023-01-20T11:03:08.000000,3fd116afa1d2a32b4a381319e5b015ad,91200,91200,0,2023-01-20T10:55:42.000000,naver,0.01
2023-04-18T22:00:02.000000,9143e897c02485a2dceb7d472ea87e52,15920,15920,0,,,
2023-02-14T15:35:02.000000,2410823828e4dd211a793717cf952bf3,15920,15920,0,2023-01-10T01:14:44.000000,naver,35.6
2023-05-29T13:21:17.000000,2433a17dc330d896bce8b8253cf06530,15920,15920,0,,,
2022-11-30T17:06:48.000000,d38f9ad578ab744503645c4c3fae96e8,15920,3960,11960,,,
2022-11-23T21:43:43.000000,a303d7bdd21365d541b811a5be02a880,15920,3960,11960,,,
2022-12-06T17:43:33.000000,1f2d2d60c23176c5dcff8f350ee1644c,79200,79200,0,,,
2022-12-02T14:42:44.000000,1f9bc89a922343995f8a71ab83360587,79200,79200,0,,,
2023-07-31T15:14:12.000000,cb683ba2228f31ca48c2663684a2c5f4,15920,14328,1592,,,
2023-12-15T15:12:24.000000,bd0cafcb2a4bfc95fee0eacdea627b26,95520,95520,0,2023-12-15T10:37:35.000000,google,0.19
2023-12-11T13:28:59.000000,3c77efbb2304f8aaf3754912f4e941c3,95520,95520,0,2023-11-20T10:52:27.000000,kakao,21.11
2023-03-24T15:30:02.000000,7eb7f75a119aa4acefeaaddbb0090f88,15920,15920,0,,,
2023-06-23T18:10:10.000000,54cf0eb5910a31217e3ea20a28da1550,15920,15920,0,,,
2022-12-31T21:11:49.000000,dd8109bac53e386d3b7a64882621a280,79200,79200,0,,,
2023-05-11T19:32:27.000000,3b870932a7cfa637abaff1923003c3e6,15920,15920,0,,,
2022-12-31T20:44:06.000000,c87f29e2db8b04da54b126a96e0df3af,79200,79200,0,,,
2023-01-09T21:59:29.000000,2bd99d83efdf39c11d2f24a21d8cdc23,83200,83200,0,2022-12-30T14:39:28.000000,email,10.31
2023-09-03T15:12:59.000000,da19b6c9dff9684f82b593e294210a57,15920,15920,0,,,
2023-05-11T23:00:02.000000,14b10694404902d551c8f2df4fa25472,131600,131600,0,,,
2023-11-25T21:14:56.000000,1f41e1e5c9e0ce2990e9887705a574f2,15920,15920,0,,,
2022-12-07T01:06:32.000000,63bb57ecb5d334523899830bef0b3444,79200,79200,0,,,
2023-09-17T17:12:23.000000,ebb63453fe9cd94bfdd657513d106d84,15920,15920,0,,,
2023-07-03T16:59:58.000000,aae5eb53218dafe895abc92257f154b8,15920,15920,0,,,
2023-01-15T05:24:59.000000,8b762b9c1bda14afd6942eb266399116,87200,87200,0,,,
2022-09-04T02:05:03.000000,6b3c5ab00d59e3fce4c1813c9a411fcd,15920,15920,0,,,
2023-08-12T12:38:57.000000,709f6913f405441a674ad92708e6f0a1,15920,15920,0,,,
2022-11-19T11:00:01.000000,c1df2877957047bfa9208d58eac78339,15920,3960,11960,,,
2022-12-31T23:38:06.000000,21de7eca350deecec1ccdbde29dde26a,79200,79200,0,2022-12-16T15:17:28.000000,kakao,15.35
2023-07-03T10:32:44.000000,8705a51fb62dc7f7782c94edbf6ed309,15920,15920,0,,,
2023-10-04T09:16:03.000000,da6cd3a9c907b632e7ba0abef042676c,15920,15920,0,,,
2023-10-23T16:37:55.000000,ea5cafcf60c8bafef6912a639bde0e27,15920,13532,2388,,,
2023-07-18T21:01:33.000000,56281ff0f3e8ce677dd0e3254b80a91f,15920,15920,0,,,
2023-09-28T17:21:48.000000,1d2ffca76c5627009fdc3bc65bc0cf24,15920,13532,2388,2023-03-04T00:30:23.000000,kakao,208.7
2023-11-15T14:08:56.000000,3b13b377028497138ccbbe3d67d8fdb2,15920,15920,0,,,
2023-03-27T15:50:01.000000,a560dc2995d8ea8371eb643104181d2e,15920,15920,0,,,
2023-06-20T10:11:52.000000,f66d4927136ac9998aec58575c5b6e0f,15920,15920,0,,,
2022-11-30T22:35:41.000000,db73935c02ae4bfc16432ae5f26a2853,15920,3960,11960,,,
2023-02-09T22:00:03.000000,62bbe9d8fe746553c1ed600ec124a423,131600,131600,0,2023-02-02T21:56:12.000000,kakao,7.0
2023-03-22T16:35:02.000000,651195051a95abc95511f2da4855b070,15920,15920,0,,,
2023-02-28T12:20:02.000000,4aca60e64e2e69651d30ad619f910dc3,15920,15920,0,,,
2023-01-29T14:17:16.000000,0b34bc180d338fdba72da7e003b52aba,95200,95200,0,,,
2023-06-30T20:51:50.000000,0df6c09b939cd716a375f95334466eae,15920,15920,0,,,
2022-12-28T18:21:03.000000,1fdff55db502e83515cac6e7fd8348d4,79200,79200,0,,,
2023-07-30T13:14:34.000000,1f4624349887d140d2ee6838953daa09,15920,15920,0,,,
2023-02-27T09:25:02.000000,e68dd6670a81d9e54dc833cc487904ed,131600,131600,0,2023-02-20T09:21:37.000000,kakao,7.0
2023-10-14T21:19:17.000000,2ab8c0d7798fafcaccfcabbeccc885de,131600,111860,19740,2023-10-12T21:15:45.000000,google,2.0
2023-12-31T22:53:51.000000,85c42e2be52c098e5c5e24bbc6015e80,95520,93520,2000,,,
2023-12-31T04:34:45.000000,8353864aa4bdbbf86dff15c3e26728dd,95520,95520,0,2023-11-09T15:01:04.000000,kakao,51.57
2023-01-03T17:52:31.000000,437c76936826ab617bbe6d134d0702b7,83200,83200,0,,,
2023-05-17T00:00:09.000000,0e1c666a09a0fb5ff236995bd00a39c5,15920,15920,0,,,
2022-09-18T19:27:05.000000,6ed14bea931642576b82ce56d7b15e4f,15920,15920,0,,,
2023-06-12T21:18:10.000000,d3c3bd39527504b5933fc04f618c0b27,15920,15920,0,,,
2023-02-08T20:35:02.000000,bb447488667b78cf677ea6d6f01f31e6,15920,15920,0,2022-11-29T12:01:54.000000,kakao,71.36
2023-03-27T21:40:02.000000,a0af85858137fa31a64dc41f9c5c06ed,15920,15920,0,,,
2023-01-09T21:13:58.000000,83a43b261722fdab0a4a3eeb22e62254,83200,83200,0,2023-01-09T20:25:30.000000,google,0.03
2023-08-10T14:45:30.000000,ae495680ef9e7a93c1974062c2a8d9ac,15920,15920,0,,,
2022-11-28T20:25:25.000000,2ad8833e562c5cd1f851359abfe8ade8,15920,3960,11960,,,
2023-01-31T23:41:07.000000,9acbe879085df1effc53b755844324d0,95200,95200,0,,,
2022-12-26T21:42:18.000000,7f41181affd06418f93f5f679017142c,79200,79200,0,,,
2022-12-31T20:05:08.000000,91b3fc551c4d47061bffee2783c4cad1,79200,79200,0,,,
2023-08-07T21:41:04.000000,eb3c27038b5b438423ac022956136435,15920,15920,0,,,
2023-10-23T16:26:59.000000,ea5cafcf60c8bafef6912a639bde0e27,15920,15920,0,,,
2023-11-16T13:07:53.000000,517d5b50f8f7d5617bd81e8b24436ad5,15920,15920,0,,,
2023-04-12T22:50:03.000000,7c997a2156649395374ec22349eaa02d,15920,15920,0,,,
2023-07-23T23:40:02.000000,3d54d1a43156a9aefe1610a28dcdddfb,131600,118440,13160,,,
2022-11-17T13:09:55.000000,d54ae9d33cc2d05af56617745dcca9d5,15920,3960,11960,,,
2023-07-31T21:30:29.000000,a5dc1b24dea2bd1e724b84c8fcfb621c,15920,15920,0,,,
2023-01-10T08:58:28.000000,27a436e72418c2f47dbd9c54e9a43cc3,83200,83200,0,,,
2023-11-26T20:42:16.000000,570b50e1b0c27f8a8941c67c84730b95,15920,15920,0,2023-11-25T19:50:18.000000,kakao,1.04
2022-11-20T23:11:54.000000,dec495819245772bca46774e09a7e8e1,15920,7960,7960,,,
2023-08-23T03:02:28.000000,facf7e4f8357f730880741e4b1fa25ee,15920,7960,7960,,,
2023-04-20T09:20:02.000000,6c6a8af5fe5268698b4ccf59a592e9ff,15920,15920,0,2023-04-13T09:10:26.000000,email,7.01
2022-12-28T23:49:48.000000,978a2d39056abfde1491b1751c039b51,79200,79200,0,2022-12-24T11:06:25.000000,kakao,4.53
2023-07-25T22:06:34.000000,1735a88f1783c13555bad0314102a534,15920,15920,0,2023-07-25T15:40:03.000000,email,0.27
2023-05-29T00:23:19.000000,1235547ab5e299ec0694ebbf00a8fe51,15920,15920,0,,,
2023-01-10T15:46:14.000000,399de649c40e86c2fe3c4ead57eea682,83200,83200,0,,,
2023-01-17T17:33:48.000000,ba7f721a371a4445dce29b644f529fdf,87200,87200,0,,,
2023-01-27T15:58:45.000000,7e5c653ca6be9c77223e698866b9b7dc,95200,95200,0,,,
2023-01-31T12:34:30.000000,46d076f321771a8c54a92dce6d1f4d54,95200,95200,0,2023-01-26T12:35:34.000000,kakao,5.0
2023-04-13T18:50:04.000000,a62649d3b7852372604d3c7a16497f09,15920,15920,0,,,
2023-01-20T21:19:03.000000,87f9bbcc843778dfd502005dd755a525,91200,91200,0,,,
2022-11-29T15:06:42.000000,2eab6ebc43b3290136a142fd9ec1661c,15920,3960,11960,2022-11-29T15:05:00.000000,email,0.0
2023-12-02T18:02:47.000000,3c30dfc353df3b63ae71bd1b8ff0a8fb,15920,15920,0,,,
2023-06-13T19:37:04.000000,d5182556785a1447ee49923cdb68e391,15920,15920,0,,,
2023-03-01T19:45:02.000000,648f1d40c7604961b1f486974a397e85,15920,15920,0,2023-02-22T19:37:35.000000,kakao,7.01
2023-07-18T02:31:10.000000,8577f4f9f56b3604af88289f6fa1116a,15920,15920,0,,,
2023-12-17T18:34:06.000000,aa08790710786f37b4a3021e04233a69,95520,95520,0,,,
2023-06-18T15:22:22.000000,ce046234934a78e82e7d46d514b40437,15920,15920,0,,,
2023-11-30T13:14:28.000000,2d616db95ea466cca9e34cd585960014,15920,13532,2388,2023-11-29T15:18:41.000000,naver,0.91
2023-11-10T01:34:10.000000,432e8e93204435b9f068ec28841cec80,15920,15920,0,,,
2023-04-02T23:00:02.000000,93cd168b75ec4cbdd9e4be5b4ba72b33,131600,131600,0,2023-03-05T23:11:56.000000,kakao,27.99
2023-06-25T17:33:23.000000,4a2895d0a5614f2825a4e22524add995,15920,15920,0,,,
2023-01-17T22:43:00.000000,c264094a66055db3ffd487f51d09da95,87200,87200,0,,,
2023-09-20T20:32:41.000000,f9599e05b08414e7a11a23e2d22077db,15920,15920,0,,,
2023-07-23T18:37:03.000000,124c090c98e9ba3ea33eecdcae9d447a,15920,15920,0,,,
2023-08-20T12:04:52.000000,414d7610f9da1408fab150bc1de90d5f,15920,15920,0,,,
2023-03-24T18:50:02.000000,dc7b535c763ae5870de0875e5eec386e,15920,15920,0,2023-03-17T18:26:36.000000,naver,7.02
2023-01-17T20:48:40.000000,5e636d1b83d6f98b4bbc0d45269a68fb,87200,87200,0,,,
2022-12-22T22:09:37.000000,43f8c737f2a8ef643a0cfa0fca0f40c5,79200,79200,0,2022-12-22T22:02:13.000000,naver,0.01
2023-01-09T00:54:44.000000,f0a7f657f05e9accfdb8d41f9f1a4fc8,83200,83200,0,,,
2022-11-30T16:56:04.000000,d1652e7ae22e89821ea7c19c1c5e5d9d,15920,3960,11960,,,
2023-09-09T23:48:40.000000,2eea115db5adeaaae09a9b8203037df5,15920,14328,1592,,,
2023-07-17T15:48:25.000000,82b6756f40ce6353030f44e83eda7f2e,15920,15920,0,,,
2022-12-19T22:57:43.000000,1e7937835bba5a52bcbfda4a6b801efc,79200,79200,0,,,
2023-07-08T19:35:04.000000,4fa0deb85fd775c8e69bc43f38d69ec1,15920,15920,0,,,
2022-12-28T15:46:07.000000,55df8c3e03ddcd023823af2ef45138f6,79200,79200,0,,,
2023-09-05T07:12:32.000000,b9c9d9db0bea1ba2b6e37954d91ebfd4,15920,13532,2388,2023-09-05T07:07:02.000000,kakao,0.0
2022-12-11T21:40:07.000000,3ea5c4e431dd7d0785e3311159d1aa6a,79200,79200,0,,,
2023-12-26T01:56:55.000000,1476eadb06cdc0c520564cac43402868,95520,95520,0,,,
2023-12-25T12:36:35.000000,55e7525a8a41901038c030f7727f9a14,95520,95520,0,,,
2023-01-06T22:13:45.000000,37f0da89eb7f02eee56cd85c84b0dfde,83200,83200,0,,,
2022-12-14T17:53:03.000000,27e032ab5536fc87e66541c3b6ded7af,79200,79200,0,,,
2022-12-28T18:41:37.000000,502917bd2ec05dbaae05177dd4dd9fe3,79200,79200,0,,,
2022-12-20T23:35:18.000000,263ec92b4c10e0148ae60edb9e16785d,79200,79200,0,2022-12-20T17:41:00.000000,naver,0.25
2023-04-10T21:35:02.000000,2bf69a6c99fcf4a5df38f5355c8af321,15920,15920,0,,,
2023-06-23T11:41:02.000000,87355d8a97832165edd98206de282c29,15920,15920,0,,,
2023-08-18T10:34:52.000000,7722a5c7dbd4dabc60a9ac1d12823f69,15920,15920,0,,,
2023-08-12T18:52:17.000000,993428238095c88f8f557f51f5bca32e,15920,15920,0,,,
2023-12-15T17:57:45.000000,87e9f7db346be8558cb335958a496871,95520,95520,0,,,
2023-10-19T18:18:45.000000,c3d38a4b2fb05ff762c71e3598ee3c0a,15920,15920,0,,,
2023-02-19T13:41:41.000000,7fb6b6633be4f516ddceee9f0c0b6104,131600,131600,0,,,
2022-11-18T13:55:12.000000,2868f90ac7162c541cb694a2f2d6fe89,15920,3960,11960,2022-11-18T13:54:31.000000,kakao,0.0
2023-10-11T11:09:18.000000,d2dddb6c933e0f35ea3cc238113a6f8e,15920,13532,2388,,,
2022-11-30T22:32:14.000000,8107bd3c0f19c67bc79932bf2336dcda,15920,3960,11960,2022-11-17T16:26:22.000000,kakao,13.25
2023-07-05T20:26:07.000000,6588f0ef7e24237acd81a9be8a817765,15920,15920,0,,,
2023-09-19T15:51:19.000000,bb1e69bcdb56c7e42252953562291bde,131600,111860,19740,,,
2023-01-21T20:11:24.000000,0dbff7aad768bfa72c596195c42acbc4,91200,91200,0,2023-01-19T18:32:43.000000,email,2.07
2023-01-23T20:42:07.000000,0ce4cb21b1343cd59c356bad0ed987dd,91200,91200,0,,,
2023-09-12T22:58:37.000000,888fc38731df04b099d7c5f5873edb1b,15920,15920,0,2023-09-09T18:48:58.000000,kakao,3.17
2023-01-08T23:25:49.000000,5b53644395fd4cff673ce87870c92b9e,83200,83200,0,2023-01-08T22:05:00.000000,kakao,0.06
2023-11-18T20:44:47.000000,56f1027952e145478afe75230b93b5f1,131600,111860,19740,,,
2023-06-27T21:11:43.000000,6d9d527d68154f3d790133d5c7bf34e3,15920,15920,0,,,
2023-10-09T22:49:15.000000,a8c54f818f6d2fb0011adf88b714f76b,15920,14328,1592,,,
2023-09-14T12:38:11.000000,23b30fdf935829534a9e2b56b587c8e6,15920,15920,0,,,
2023-09-07T23:30:14.000000,ba969da4a1cf8f6bb64b51db93b05438,15920,15920,0,,,
2023-12-02T19:58:50.000000,e6598767b9b47771c499f02a75b0e9e2,15920,15920,0,,,
2023-12-31T19:50:36.000000,7d729ddc4624ca1191a1066d8f76bbb3,95520,95520,0,,,
2022-11-22T15:43:15.000000,c99833c7d31e861323fde52145c2dbaa,15920,3960,11960,2022-11-22T15:42:55.000000,kakao,0.0
2022-11-17T11:17:53.000000,82b3235604841c78b36fc5afd9a6613d,15920,3960,11960,2022-11-16T02:31:17.000000,kakao,1.37
2022-12-10T20:27:23.000000,f50fcf6b741807c619bed35f0036821b,79200,79200,0,2022-12-08T14:51:08.000000,naver,2.23
2023-01-06T21:02:12.000000,b7ffaed5618361c96549c21cbf594e4e,83200,83200,0,,,
2022-12-19T23:58:17.000000,e3561e2de1d227792a33c9a58c6a3ca0,79200,79200,0,,,
2022-12-18T09:12:09.000000,c1ce85540b77c36a3a866920982098c2,79200,79200,0,,,
2023-07-29T12:47:09.000000,4a4db3f4b3714bb443e2b0902e2b1c69,15920,15920,0,,,
2022-11-22T13:19:04.000000,eea938551db02de68003a3710f83aaf0,15920,3960,11960,,,
2022-12-31T20:47:06.000000,c4f9182356367af2d8efeaf6984fb45f,79200,79200,0,,,
2023-01-24T19:35:02.000000,b6fb8b407ef6d3c19e821d9dc6f3b1d8,91200,91200,0,2023-01-24T10:25:07.000000,kakao,0.38
2023-10-03T16:28:04.000000,cad4d8a4d6c5c2990d55896137eac6cd,15920,15920,0,,,
2022-12-18T12:15:52.000000,c3836bb56162eeee48b87942480036a5,79200,79200,0,,,
2022-11-02T19:55:02.000000,c6ab2755763469c1bb77eaf62f3b3726,15920,15920,0,,,
2023-07-26T17:39:47.000000,57670e6c8e94ef03036b0cbfc1123c5f,15920,15920,0,,,
2023-03-03T17:32:37.000000,c7c061230d4b861daf7ffc4f1ea73562,15920,15920,0,,,
2023-04-30T23:55:02.000000,95cfd6728d7b510b5ad18e8e16fdc672,15920,15920,0,,,
2023-03-30T16:05:10.000000,d448992ebd471d1db0aa2ee17ebde3a8,131600,131600,0,,,
2023-01-11T09:49:37.000000,9639aa04d8e853c9e52f160a709233e0,87200,87200,0,,,
2022-11-15T17:00:01.000000,5e06134985c83e0b6a673dd83f3e1fa9,15920,15920,0,2022-11-08T16:55:57.000000,kakao,7.0
2023-11-14T00:42:52.000000,87420e74fc5941b96705198411cbc401,15920,13532,2388,2023-11-13T17:21:10.000000,kakao,0.31
2023-11-16T15:00:53.000000,669719f9a39c5ffeb8d9eaf648a70fd7,15920,13532,2388,,,
2022-12-20T17:41:28.000000,0e3ccf649f30693648f27a9cd902a1b7,79200,79200,0,2022-12-07T14:01:02.000000,email,13.15
2023-02-10T23:33:48.000000,62bbe9d8fe746553c1ed600ec124a423,131600,131600,0,2023-02-02T21:56:12.000000,kakao,8.07
2022-09-17T21:25:02.000000,111a621580b3dec1ce11121609ce3d01,15920,15920,0,,,
2022-12-13T21:44:26.000000,1f56c28947fe12d829db9b06fbe86517,79200,79200,0,,,
2023-06-12T15:09:53.000000,a0a3f48a7da26ef9c7e00f86fefa4efe,15920,15920,0,,,
2022-12-17T08:49:29.000000,e03bfd40b7c02cadeb4f4829c632ab30,79200,79200,0,2022-12-17T08:45:54.000000,naver,0.0
2023-04-01T23:54:16.000000,b0aaada9df854912a9108bcf5fbf2611,15920,15920,0,,,
2022-12-31T19:01:36.000000,58e467e730643bbf10ac2608a0dbad02,79200,79200,0,,,
2023-07-17T19:29:52.000000,fc74babbdeb6dec246c361cacd1a2ab8,15920,15920,0,,,
2022-11-30T22:21:51.000000,c3a159022034a39812bff6fdbf09311c,15920,3960,11960,2022-11-30T22:20:43.000000,naver,0.0
2022-10-24T10:25:02.000000,05fc437d571adee9510972716a9ae62f,15920,15920,0,2022-10-13T18:08:24.000000,google,10.68
2023-12-29T11:30:27.000000,b8c150741d829418b682428557f8c9a7,95520,95520,0,,,
2023-11-19T10:12:46.000000,c919764ac84d77201525bf86e0b0df9b,15920,15920,0,,,
2023-08-30T16:52:44.000000,a5927d78d152079cb54f1b22c727d037,15920,15920,0,,,
2023-11-06T11:52:58.000000,dac265bdc6f0bb4b9b794482c49ebb54,15920,15920,0,,,
2023-05-07T17:05:02.000000,f0407ed121884b2a05132cd340ede1cc,131600,131600,0,,,
2023-01-15T09:53:16.000000,4fc241a75226c28cff139f31be621fa8,87200,87200,0,2023-01-11T18:11:19.000000,kakao,3.65
2023-06-24T15:52:04.000000,364504271ec9ebfb341eff6dd85ca368,15920,15920,0,,,
2022-12-30T20:19:06.000000,f5a5ae59acfbb29d5b3fba10f5c0de95,79200,79200,0,2022-12-30T20:16:53.000000,kakao,0.0
2022-11-30T22:02:27.000000,83db4d6798735053fc418f9ee52ef05c,15920,3960,11960,,,
2023-01-28T14:08:40.000000,bcaa73b6ffbd4ae4e60dbe65bcc22c3f,95200,95200,0,,,
2023-05-11T17:40:55.000000,04a5e1828a46a3f648bb478dd1459c37,15920,15920,0,,,
2023-12-26T22:23:59.000000,8513fa5677e3b0ecb8f458ba83157926,95520,95520,0,,,
2023-06-09T12:04:30.000000,a45804cac340c2a420a3b04e11bd604a,15920,15920,0,,,
2023-05-16T11:14:51.000000,da931c6a4a76e184c4e23a970f65e247,15920,15920,0,,,
2023-07-28T15:01:33.000000,93242fe33e7f86780c69fa49bd59fe0a,15920,15920,0,2023-07-25T15:46:59.000000,kakao,2.97
2023-08-03T18:43:19.000000,caab595e6ca9c2597dee2fbe2eabffff,15920,15920,0,,,
2023-04-03T12:49:30.000000,e95622c61305307844ff171c3a491bcb,15920,12736,3184,,,
2022-10-17T21:11:11.000000,0308b8ea736768f9399d3b81d34b00a0,131600,131600,0,,,
2023-07-02T20:59:12.000000,957ac00e2cafb2ed1f714e9c5be9f053,15920,15920,0,2023-07-02T20:53:03.000000,email,0.0
2023-09-06T12:25:15.000000,c02b67d69dc76ce511bb5def81b7bcca,15920,15920,0,,,
2023-07-18T17:15:48.000000,bfde73ab54add6bfc40507d5c531a670,131600,131600,0,2023-07-11T21:44:51.000000,kakao,6.81
2022-11-14T13:40:01.000000,6e0da93d8521ed41323620e1aee39012,15920,15920,0,,,
2022-11-24T09:39:20.000000,b2c9f95e3404b40d37c08b7a60c75c80,15920,3960,11960,,,
2023-12-31T22:58:20.000000,e59870663564e264828168e8b3ed86df,95520,95520,0,,,
2022-09-25T14:35:02.000000,7a6d23c81705ca242340cfc403430509,15920,15920,0,,,
2023-11-15T14:45:55.000000,f5e32b1a67280cbe97e84e4c018db04b,15920,15920,0,,,
2023-01-17T10:54:03.000000,8c44472b2f9710fafac7ae101b686de1,87200,87200,0,,,
2023-04-10T09:35:03.000000,b098e220958166086d19b9715f147d34,15920,15920,0,,,
2022-12-14T09:34:35.000000,6ff32213fbdb4ca8b8c01e5e77015f3d,79200,79200,0,,,
2023-09-27T20:52:28.000000,17d2b291b43a0c0e6305f3d84ff48f55,15920,15920,0,,,
2023-06-27T20:57:57.000000,0672f9bd971a7a5a9d6f12fb04032741,15920,15920,0,2023-04-12T20:01:28.000000,email,76.04
2023-07-31T20:28:11.000000,dd43c0e4257bb7b3f4d293ee214a946e,15920,14328,1592,,,
2023-01-10T07:35:16.000000,25504d51a1068c36ad4a30b4bc986d40,83200,83200,0,,,
2022-11-29T10:39:58.000000,8a338559116eecf5b9c9a3f8089ae302,15920,3960,11960,,,
2023-08-29T22:01:49.000000,c0ccd195ebffe2f204f66bae5232b5bb,15920,14328,1592,,,
2022-10-14T17:36:10.000000,2f547d08f4dc471b4c2a187f0fde26c5,131600,131600,0,2022-10-07T17:23:24.000000,kakao,7.01
2023-01-24T23:36:03.000000,4351be78abfd82dd814be1359ab024e4,91200,91200,0,,,
2023-06-29T08:55:04.000000,0330605d3d270cf0eab64f083817ca7d,15920,15920,0,,,
2023-07-22T19:41:50.000000,dc226a2a6e9fef55bb8ddb23318aa088,15920,15920,0,,,
2023-06-21T16:56:14.000000,728d59967bbd5404c671dbb5f6a9308d,15920,15920,0,,,
2023-09-01T04:46:13.000000,385844e4aaee5c7bccf552c9fdfec3ed,15920,13532,2388,,,
2023-01-27T07:35:12.000000,20aa9e526eb5c27bb1dae772eae68187,95200,95200,0,,,
2022-11-30T19:21:53.000000,044281e55bd8c7985d813703eeb1c6a9,15920,3960,11960,,,
2023-04-23T09:23:44.000000,c6a93f752eddaace95bf446d4abef5d6,15920,15920,0,,,
2022-12-19T12:11:26.000000,9518c27e8de3850bb0b1124a389824ce,79200,79200,0,,,
2023-10-01T15:20:29.000000,40e78434058b652717b2aad835c4a8a5,15920,15920,0,,,
2023-12-31T03:19:16.000000,ed0c532fa97f4bbcbdfa0095ddc8b934,95520,95520,0,,,
2023-08-25T19:18:06.000000,7faf1c3ea76bbafac5ea99284f641ad0,15920,15920,0,,,
2023-01-01T23:33:04.000000,95c6fe20580378208c0f84f1b44a5e1e,83200,83200,0,,,
2023-01-14T01:08:38.000000,24102bc5428dc2911d2dae4682e907f7,87200,87200,0,,,
2023-04-24T18:07:57.000000,d88dcf67ffae9c1b62717dbd933ff66f,15920,15920,0,,,
2022-12-31T22:21:05.000000,cbdec2cd3ab32968ddb17297446ccf69,79200,79200,0,,,
2023-01-04T19:28:33.000000,1f33e91475bfe65f6bf551ea87a4fb6a,83200,83200,0,,,
2023-06-06T14:24:53.000000,9f8aff34a0dc8a38f9a5c5b2b201ab01,15920,15920,0,,,
2023-07-21T01:27:45.000000,99ffdf7d41b29cdcee64af585373b76d,15920,15920,0,,,
2023-08-17T13:38:35.000000,61888e8e8ca7fac336fb1cc619b1ee36,15920,15920,0,,,
2023-01-03T10:52:15.000000,842c0fd853c2bf0aa77be3a4fd54f094,83200,83200,0,,,
2023-01-22T08:54:29.000000,99cf9f0915cc1053d79e15bc247c9aca,91200,91200,0,,,
2023-05-29T22:15:29.000000,77cff2fc1da27b97bfa9da8acbcf4901,131600,131600,0,2023-04-07T22:53:11.000000,google,51.97
2022-11-22T07:10:27.000000,e8051025d3ba68ed983c07bcbc5cf0de,15920,3960,11960,,,
2023-11-17T12:00:35.000000,a9d66982686cc9dbd14fe656edee02bf,15920,13532,2388,2023-11-15T23:38:02.000000,kakao,1.52
2023-01-25T15:53:09.000000,ad3807e056ef4c00658d3d1941ff3564,95200,95200,0,,,
2023-07-10T19:16:11.000000,5e2b58ba52dd0c8ca8116b4745857e5d,15920,15920,0,2023-07-10T11:50:13.000000,kakao,0.31
2023-10-11T11:12:15.000000,d5aff1244dc125bc848bb58948d68477,15920,13532,2388,,,
2023-11-12T22:24:02.000000,a8acdab12a8fc16f823f69eac6ae4016,15920,14328,1592,,,
2023-11-23T23:12:22.000000,6c37dcc670c58abc9bb37d8669540caf,15920,15920,0,,,
2023-11-21T15:43:45.000000,88adae67827c04ee3a87d4c680403a41,15920,15920,0,,,
2023-04-24T17:10:02.000000,47556f2176f12d37a40b43a7c458a2b3,15920,12736,3184,,,
2022-12-08T18:03:09.000000,e176d1fb42d57f5e7568ebfd86ed39c1,79200,79200,0,,,
2023-12-01T00:08:34.000000,245e833245343830e1f6c18c7cbcad8e,15920,15920,0,,,
2023-01-16T13:00:18.000000,ada0891fa634452591de198823a59caa,87200,87200,0,,,
2023-03-30T23:30:02.000000,586c189946c95cc822f3e4b63038b4e4,15920,15920,0,2023-03-10T10:49:48.000000,kakao,20.53
2023-06-06T13:28:44.000000,1fb3cd4ff6a3a458e88fc9ea8d1876bb,15920,15920,0,2023-02-05T20:44:52.000000,naver,120.7
2023-01-16T14:11:00.000000,6854e4a7922ecb510f868b63066f4521,87200,87200,0,,,
2023-05-03T20:52:59.000000,b1224f741642e6ca928a82624ff498e9,15920,15920,0,,,
2022-12-24T00:26:07.000000,544488375056f0f6855e30da2e23cba2,79200,79200,0,,,
2023-09-19T19:28:39.000000,3ad09402247ac51545055f61acf3a625,15920,13532,2388,,,
2023-01-10T19:56:03.000000,0a2fde53f1da44772cc42eef9bf172c8,83200,83200,0,,,
2023-06-21T16:42:03.000000,a14b88171c4520750c8858e707b4cda1,15920,15920,0,,,
2023-04-03T01:21:00.000000,0e3e21eb938002cb52f278e665774016,131600,131600,0,,,
2023-01-09T12:07:38.000000,614f95e9d09292a3a3b1579c2831f1b4,83200,83200,0,,,
2022-12-31T10:22:50.000000,fac0e791f5beff70ec757da959c455ae,79200,79200,0,,,
2023-12-07T20:01:53.000000,9fb578407ec9156d3d666da1acb0d211,131600,131600,0,,,
2022-12-30T19:18:05.000000,1b768f701dd6053d444b3759751b31cd,79200,79200,0,,,
2023-01-09T17:43:31.000000,59e59310072e2431a5664e6b891f8846,83200,83200,0,,,
2023-01-10T23:04:28.000000,7822a22eab035052482b5fd4dae28541,83200,83200,0,,,
2022-11-16T15:09:31.000000,d281ab7cee69570ddb5a413473025a79,15920,3960,11960,2022-11-16T15:08:56.000000,email,0.0
2023-10-12T11:45:28.000000,7a19fff914a8bac131bb621d39587544,131600,131600,0,2022-12-11T09:02:54.000000,kakao,305.11
2023-12-31T16:56:07.000000,79d43d1d622fb1130e5fa05fcaf80622,95520,95520,0,2023-09-17T18:35:47.000000,kakao,104.93
2023-01-10T22:26:54.000000,45f0b826ce0c0a909979606c50bebbfc,83200,83200,0,,,
2023-01-10T21:24:26.000000,0696b00eda97871ec8a8520e33e84eff,83200,83200,0,2023-01-10T21:23:30.000000,email,0.0
2022-10-18T22:40:01.000000,244ea0c1c450e6fe2e474a8b6b872a6e,15920,15920,0,,,
2023-01-14T23:41:24.000000,e858ccbcbb15c5a29e92617c00cffa71,87200,87200,0,,,
2023-06-12T09:47:19.000000,2f9a621871927400103e07d120796a6e,15920,15920,0,,,
2023-11-09T22:35:07.000000,0bf1dc084f93d2d0f52aa6acb3049b33,15920,15920,0,,,
2022-11-19T11:48:20.000000,56e135c7fe2b039f5119df0836b63bfa,15920,3960,11960,2022-11-19T11:45:47.000000,kakao,0.0
2023-04-29T05:38:18.000000,eaf37b3cad4731c69fcedb121f797e21,15920,15920,0,2023-03-04T14:44:05.000000,kakao,55.62
2023-07-03T14:40:47.000000,e7d0a56e8175009c187a1aa5539eef73,15920,15920,0,,,
2023-02-12T18:25:01.000000,503210b3a655c1838b97f40a736cc68b,131600,131600,0,2023-02-05T18:19:25.000000,naver,7.0
2023-06-08T17:37:12.000000,06bac0fa93c428c51076b03458dd4778,15920,15920,0,,,
2022-11-27T03:31:58.000000,cee1c67033a76c61e28e1b5a819e2f40,15920,3960,11960,,,
2023-01-10T18:07:52.000000,c2d4e5f531f65a82d9a6a421d560a880,83200,83200,0,,,
2022-11-09T19:25:02.000000,6747ec959ba6dd321c6b3408670b7903,15920,15920,0,,,
2023-02-24T18:06:34.000000,8bdcc33893aa06c90269d85d922b7155,15920,15920,0,,,
2022-12-20T23:28:58.000000,b2025cc430ea1215f5fe7815970746aa,79200,79200,0,,,
2022-12-31T20:42:02.000000,ee4711cf19ac59c94e0e63d6a93ced46,79200,79200,0,,,
2023-01-05T23:45:54.000000,32c06968f748989de02c1fc2ce49b669,83200,83200,0,,,
2022-12-28T23:09:35.000000,074803bfb931bb84457f29ccdd6febce,79200,79200,0,2022-12-28T22:59:06.000000,kakao,0.01
2022-12-05T12:53:22.000000,565f4a664b9d4823fc3fff92515fd559,79200,79200,0,,,
2022-11-15T22:20:01.000000,6ef51a013df0ee87d96a8531cfc4662a,15920,15920,0,,,
2023-12-04T11:09:16.000000,63807d8c042f96b7116f677d153d3961,15920,15920,0,,,
2022-12-31T18:40:41.000000,da8a3f8decf329fc4dcfd0d1a100a2ad,79200,79200,0,,,
2023-09-28T21:03:15.000000,9c3af85012e9388bc98731785866a6c0,15920,15920,0,,,
2022-10-13T01:00:02.000000,270f9405862809d508b79c9ca41ea1f1,15920,15920,0,2022-10-06T00:54:37.000000,google,7.0
2023-09-05T10:54:23.000000,81278ab6d9e24a53ccec0b7fa84a5bb6,15920,13532,2388,,,
2023-09-26T10:14:35.000000,5f9af05c9d8c3432e47b0614de594603,15920,15920,0,,,
2022-12-15T08:43:13.000000,725b6ca25b2833da514579c87f2a09ed,79200,79200,0,2022-12-15T07:17:49.000000,google,0.06
2023-06-22T23:51:53.000000,e43e270f174c1de3aa6bea87aeca1676,15920,15920,0,,,
2023-01-17T18:11:44.000000,5970461ba78cc99e26dcccf685492854,87200,87200,0,,,
2023-06-07T18:25:16.000000,238ca2d816129ef41e62f373ea010429,131600,131600,0,,,
2023-04-07T23:35:02.000000,5a81f90af20c351493374ef18408e686,131600,131600,0,,,
2023-07-04T15:14:06.000000,074a3e56b939ee1722350d376fba339d,131600,131600,0,,,
2023-01-17T22:25:30.000000,7e1466d497e9ecd520bebf0b63f9c89d,87200,87200,0,,,
2023-04-04T05:00:05.000000,8f14893a8f898689dd7e0018c2814ac8,15920,15920,0,2023-03-26T19:47:38.000000,kakao,8.38
2023-01-03T13:49:34.000000,77491ab72d563d443f6fa0369c99e856,83200,83200,0,,,
2023-11-01T11:36:12.000000,6055d86f2de83acd7022f9a066d7a0e6,15920,13532,2388,2023-10-29T15:51:34.000000,kakao,2.82
2023-01-28T16:56:14.000000,7f5abfb4276232e8c5b839ef4949a271,95200,95200,0,,,
2023-11-30T18:55:42.000000,cb4001edce4d7756a48b773f4371a694,15920,13532,2388,,,
2023-11-02T15:02:55.000000,ea51120415a449a5dc02d406d6571c5c,15920,15920,0,,,
2023-08-08T21:56:51.000000,4e559872ffea8947896e025fdc1ddeb4,131600,118440,13160,2023-08-08T10:33:58.000000,naver,0.47
2023-12-13T21:39:55.000000,9de493ee510bb15311de283c49be5824,95520,95520,0,2023-11-18T10:57:06.000000,email,25.45
2023-01-15T22:03:15.000000,f520fe64179b642b0546446a9228be71,87200,87200,0,,,
2023-01-30T15:46:16.000000,85e1c67dbff96697dde3c6649a4e1ad5,95200,95200,0,,,
2023-01-11T00:04:32.000000,8e5abd1dcdc2e73b0dc9ce02bb7e4c92,87200,87200,0,,,
2023-04-10T12:35:04.000000,dc4830d9a42eb14cf78358240b9115a0,15920,15920,0,,,
2022-12-12T12:35:44.000000,a6a0e18d7f5885a5dfcc0ae74d5ae3b6,79200,79200,0,,,
2023-01-10T11:28:22.000000,1dc209681da6890841dd182b6c046a65,83200,83200,0,2023-01-10T11:05:17.000000,email,0.02
2023-11-01T17:19:23.000000,80ec0cb8ae56d1fedc77919fa251f67e,15920,13532,2388,2023-10-27T17:44:44.000000,kakao,4.98
2023-06-12T21:57:06.000000,2f4a3014e1fc0a92a2bbfb79c1c1affd,131600,131600,0,,,
2022-10-10T11:50:02.000000,2e1c2751370b7135f1e4ca6064f0e72b,15920,15920,0,,,
2023-08-06T22:11:31.000000,14ffdc456347026f37e609404817563c,15920,14328,1592,,,
2022-12-20T22:38:19.000000,392c3480db6898a9ffc653fafb07dc70,79200,79200,0,,,
2023-11-30T17:51:53.000000,7a5d2bac7a6a3efbf047f926cfd0adb6,15920,15920,0,,,
2023-01-17T20:58:57.000000,0a4a435a4349c4e40bece3bae0c1dcda,87200,87200,0,,,
2023-12-02T14:56:45.000000,f8bba5678085a395158d14073408bf9e,15920,15920,0,,,
2023-07-18T19:15:25.000000,73aae4b54c587e53fa24b8c7adec3506,15920,15920,0,2023-06-08T09:06:09.000000,kakao,40.42
2023-01-18T00:04:39.000000,42c6320cf392baef453e952821e379fe,91200,91200,0,,,
2023-02-15T19:07:05.000000,c9627f23753a4e4f7bcd48a7677f6a82,15920,15920,0,,,
2023-04-24T10:45:02.000000,6d0b3894a4f3518ac1c7fea2fdba4062,131600,131600,0,,,
2023-11-10T10:02:28.000000,b68eb2001f546375ee296be63eabc8c3,131600,131600,0,2023-10-20T12:04:05.000000,email,20.92
2023-02-23T20:05:03.000000,2aeb3cfb958ce48392cb988ee9f2a30a,15920,15920,0,,,
2022-12-05T09:32:38.000000,beaac5bff78403ebe881870cfef22515,79200,79200,0,,,
2022-09-12T21:15:02.000000,29e2ab7d38ac74f1138fb12ab38a9cc9,15920,15920,0,,,
2023-07-24T15:51:58.000000,4120c46a033962af5f42224f8762df48,15920,15920,0,,,
2023-10-06T23:39:31.000000,b8bce2772fed3e35119383f3148f191a,15920,14328,1592,2023-10-05T23:34:18.000000,kakao,1.0
2023-01-04T13:55:02.000000,ff990a16d0f5c8bf914a63b6815ed342,15920,15920,0,2023-01-03T01:20:17.000000,google,1.52
2023-06-30T07:37:44.000000,be08f5ca3e99348125b91348dc13089f,15920,15920,0,,,
2023-02-15T00:20:02.000000,99bb54d761435afa1284d579e9b76782,15920,15920,0,,,
2023-12-27T21:17:03.000000,a12ad3d110c8d638683bdea659cf193b,95520,95520,0,,,
2023-01-25T21:13:12.000000,bf54a5680a2b4b46668437c0c6887899,95200,95200,0,,,
2022-12-20T09:09:03.000000,8ef343345fe0cdf2c5d1e5768cfb8fbb,79200,79200,0,,,
2023-10-16T16:47:06.000000,ff292b917ccf6315eba8b24b819d63b0,131600,111860,19740,,,
2023-09-10T23:43:15.000000,21598015f52c75449736ecab227c7444,15920,15920,0,,,
2023-08-01T19:04:30.000000,06e963e20382bc20d4fe4d86668bb6fe,15920,13532,2388,,,
2023-01-31T23:10:22.000000,2cee14cb49884f70132463175c487f16,95200,95200,0,,,
2023-06-16T15:48:56.000000,64bffe572466ba342e05787ed99286e5,15920,15920,0,,,
2023-07-12T22:21:17.000000,4715112689f0fd6915cae0df126196c1,15920,15920,0,,,
2023-12-28T10:14:25.000000,7c60a1e570f9bede74b58a8670c6a443,95520,95520,0,2023-12-11T13:57:58.000000,kakao,16.84
2023-10-14T20:38:35.000000,1f3eaefb4df3806af7706cf8fe5fa6b9,15920,14328,1592,,,
2022-11-22T14:23:30.000000,a881474eac47db1d992305c61131151b,15920,3960,11960,,,
2023-05-15T14:03:32.000000,36d0713e9a9effd9f7c5227fce9e4be6,131600,131600,0,2023-05-11T15:34:02.000000,kakao,3.94
2023-04-14T23:35:02.000000,70216e36d7315a8a94aa04aeb5894368,131600,131600,0,,,
2023-09-23T07:42:33.000000,518ce864d87ca79877653e2db6b7369d,15920,15920,0,,,
2023-09-04T21:53:19.000000,76841b821cc71af58407659d30d3c607,15920,15920,0,,,
2023-05-29T01:00:57.000000,f3f1ed94774c18729e27d4696f20afe0,15920,15920,0,,,
2022-09-16T23:20:03.000000,95d5a1796a63770452674772050c8a2f,131600,131600,0,,,
2023-05-07T20:03:22.000000,7f1198a324ba128c77c1aa1f8ff2e64b,15920,15920,0,,,
2023-03-27T12:50:02.000000,df3b2f0ec1d9e76db0e970d0fabc473f,131600,131600,0,,,
2022-12-01T00:00:23.000000,ba016b25a5a844957fe85d50be6ba6cd,15920,3960,11960,,,
2023-05-24T08:32:13.000000,32d5e0178447775d056cd542cc293485,15920,15920,0,2023-03-11T10:59:18.000000,kakao,73.9
2023-04-17T04:30:03.000000,d36f354c8e8b370ecbfd0ffa2209e231,131600,131600,0,,,
2023-06-17T22:13:34.000000,4a0f072646c742c573823cf5e7ed5687,15920,15920,0,,,
2023-07-21T15:20:33.000000,a1e3acf3599cdda3e67f477257fe1860,15920,15920,0,,,
2022-11-24T19:35:06.000000,b4ff87b64c370b53772f7a867dd7c404,15920,3960,11960,2022-10-28T11:35:27.000000,email,27.33
2023-01-31T12:27:56.000000,1a1a114b0ce6dd0f1b1bffe579fa3fe5,95200,95200,0,,,
2023-06-19T23:54:01.000000,d06086e12c25e996ef505bf322877ee4,15920,14328,1592,,,
2022-09-22T14:45:02.000000,5b936b10e4df7115de27ce499060014d,15920,15920,0,,,
2023-01-31T23:35:06.000000,8d78b7e792632a9eb67010054e83a165,95200,95200,0,,,
2022-12-16T18:32:13.000000,1c5efb295a3f3064abba6ece91c8541e,79200,79200,0,,,
2023-05-08T10:50:41.000000,07ce0a98ff71574ade51d37a65b69a03,131600,131600,0,2023-04-19T22:58:24.000000,kakao,18.49
2022-11-30T22:07:30.000000,7b75e410b5b91c33e3fad658c04001ca,15920,3960,11960,,,
2023-01-17T13:49:17.000000,9cd18dedc7e0c9bdf064a08f74b16818,87200,87200,0,,,
2023-12-29T11:45:09.000000,e89d95ffdcef4675b6a55238862380bf,95520,95520,0,,,
2023-06-25T21:51:46.000000,7e587276de47fb01ba60124277a4ff98,15920,15920,0,,,
2022-12-31T23:17:37.000000,281b1712f4bf2578825fe30409699c71,79200,79200,0,,,
2023-08-21T20:25:01.000000,e692aafa9e54efaf43f936c34b493ea8,131600,131600,0,,,
2023-10-16T09:55:58.000000,82a48e9f0a0713b894e3cc2a7369cb7b,15920,15920,0,,,
2023-09-27T00:38:37.000000,acf4f29ea9d4aab5b2796dad196536ea,15920,15920,0,,,
2023-07-31T00:37:52.000000,c90465a7a11e8c3e2d38e63662d717de,15920,15920,0,,,
2023-02-25T23:40:02.000000,80117cd6948ac45a7a5a5479bbd3085e,131600,131600,0,,,
2023-04-19T15:00:01.000000,b174fbd23024e6350b092a57925d46b0,15920,15920,0,,,
2023-12-21T11:54:35.000000,687b53947d8e7770779abdd9be45fc02,95520,95520,0,,,
2023-12-13T21:18:53.000000,82dfff8ee4a7ac26af9b0ba70e5fdefa,95520,95520,0,,,
2023-08-01T12:04:39.000000,94c74c8e1b1c4516305edb3a3117e5e5,15920,15920,0,,,
2023-03-28T17:40:06.000000,85bf91f0ea41143c8cfd0dd8b522342a,15920,15920,0,,,
2023-07-22T18:01:27.000000,16885824aafa05e1b8cadf6bace419c5,15920,15920,0,,,
2023-07-02T22:34:13.000000,f49aa1f6f631d5a873e8526525d8e11c,131600,131600,0,2023-04-13T20:45:12.000000,email,80.08
2022-12-16T13:29:04.000000,32068e8d0a4478d18f6e023bc0cdeb1e,79200,79200,0,,,
2022-11-20T15:24:37.000000,79a671bd6defcebcd55bdef663cfaf51,15920,3960,11960,,,
2023-10-23T19:05:31.000000,66e8e15a83058838f6bb5f3b38bd1947,131600,118440,13160,2023-09-06T15:12:58.000000,kakao,47.16
2022-11-12T13:25:03.000000,798a876cf114419feac2137bfbbb7f61,15920,15920,0,2022-11-05T13:18:57.000000,kakao,7.0
2023-09-07T23:06:54.000000,0758e77e2ca5fd721c6f59df01d3159f,15920,14328,1592,,,
2023-07-04T10:22:31.000000,e19abdfb64cb8ebe159a08eba4d90bf8,15920,15920,0,,,
2023-07-26T20:04:40.000000,eefe64faec4a4032df6c6bb000e7d2cf,15920,15920,0,2023-07-26T20:00:12.000000,kakao,0.0
2023-12-31T22:05:31.000000,cb922dfa9ab61f61c7bd527422483e22,95520,95520,0,2023-12-12T10:08:40.000000,kakao,19.5
2023-08-11T12:22:09.000000,b92a5240d449e7fa472f8f278c288bd8,15920,15920,0,,,
2022-12-31T21:17:38.000000,fb9388ab1fa9f5af641b1e02d5c11ff4,79200,79200,0,,,
2023-12-31T16:10:50.000000,0bcea0d15a0ddc8e8ff335f86aa81d31,95520,95520,0,,,
2023-01-31T16:44:43.000000,a23235e998b15a4b3a8b58cf0415f511,95200,95200,0,,,
2023-02-17T21:17:46.000000,91ecc1940d4ca6a2fb79f390bc1dcac8,15920,15920,0,,,
2023-09-27T16:09:56.000000,21c0553f68e5824cd3ef33b5afe03b64,15920,15920,0,,,
2023-05-22T19:04:48.000000,60840238cb390f903544113b435fd3a5,131600,131600,0,,,
2023-12-30T13:56:40.000000,f8ad8471362b6b8c3760371612dee117,95520,95520,0,,,
2023-12-28T16:01:30.000000,41c5b9204aa953a2c2e392fcef973080,95520,95520,0,2023-05-18T21:12:45.000000,kakao,223.78
2023-01-04T20:49:56.000000,7499e3cfd585ece8ec30ea232349dd6f,83200,83200,0,,,
2023-04-13T12:00:03.000000,8a379e8af29ad05f43c11f1f22fccde0,131600,131600,0,2023-04-06T00:02:33.000000,kakao,7.5
2023-08-18T12:09:36.000000,4d09214c3c8fd5e006acb91f7a4f6f14,15920,15920,0,,,
2023-05-21T17:54:21.000000,26c888324ccf17246790d1dcf88850bc,15920,15920,0,,,
2023-10-12T14:30:13.000000,7f5b1423cc2b0d381e2ac1942d85167a,15920,15920,0,,,
2022-12-31T21:18:32.000000,0fdd96f84e5355ae7608837eb2fd65eb,79200,79200,0,,,
2023-01-17T14:51:11.000000,0e56496754a0d3f11d9877fc8b222c65,87200,87200,0,2023-01-16T17:12:57.000000,email,0.9
2022-12-09T08:58:29.000000,58c69bf1035b644f962e7eb9bdd308d4,79200,79200,0,2022-12-09T05:34:18.000000,kakao,0.14
2022-12-04T13:36:29.000000,f2d4998f26db28794cf7dace87d675ae,79200,79200,0,2022-12-04T13:34:18.000000,kakao,0.0
2023-01-10T18:03:18.000000,5f8cc62a644d59c8ace96a038710726b,83200,83200,0,,,
2023-09-11T20:46:06.000000,cb948cb7acc4e6c378abd7272df5a5f6,15920,15920,0,,,
2023-11-17T16:03:07.000000,6ee53f6e9066971ba560d61aa534127f,15920,15920,0,,,
2023-11-25T19:43:53.000000,81c81da11e8d067d1e8ae1274c67cd38,15920,15920,0,2023-11-25T18:22:01.000000,kakao,0.06
2022-12-30T15:25:00.000000,2b378d528b2b0f5b962bfc08bd60c06b,79200,79200,0,,,
2022-12-18T20:33:25.000000,12a6d485d255dce6544ab38819463e38,79200,79200,0,,,
2023-10-03T18:48:11.000000,8c27c035842631980658ba143c7bde14,15920,15920,0,2023-10-03T11:27:59.000000,kakao,0.31
2023-09-12T19:31:00.000000,c2f69124753c86a0abef879790222ee5,15920,15920,0,,,
2022-11-29T08:58:08.000000,546cee807646c16aa338fa335906b09c,15920,3960,11960,,,
2023-09-03T18:13:11.000000,ed8d15dbda18c75da798b6b6c2116785,15920,15920,0,,,
2022-12-25T10:00:12.000000,e07aa89c3d66953a8557470b35ee55af,79200,79200,0,,,
2023-01-24T15:41:57.000000,605706991f2fd0be04f5b0c520cbe36b,91200,91200,0,,,
2023-03-22T15:50:02.000000,1203dfd12dcf7258ab15d412bb24202f,15920,15920,0,2023-03-08T15:35:40.000000,kakao,14.01
2023-07-05T23:45:53.000000,5c0da36b72d5a5a2d108b54f853d32a0,15920,15920,0,,,
2023-12-25T15:45:28.000000,9a89b6ba974aae0e4c0ed0ef5e436b65,95520,95520,0,,,
2023-11-02T06:26:53.000000,4696b9377b92dc8c416cf08ebe29938a,15920,13532,2388,,,
2022-11-27T08:03:12.000000,4eb824263aadc91c8effa8530df6de61,15920,3960,11960,2022-11-27T08:01:20.000000,email,0.0
2023-12-31T16:18:06.000000,c57c0115e73becab684e33681c4ab4f9,95520,95520,0,,,
2023-08-30T11:08:45.000000,76b293a22852142048f19e26cf92b47b,131600,131600,0,,,
2023-12-28T23:16:05.000000,4321fd87e9b139e3dd7f030e063089f7,95520,93520,2000,,,
2022-12-11T02:12:27.000000,3b2beb89f69fa9c576cf5ccbe2fa7963,79200,79200,0,,,
2023-10-04T12:00:37.000000,8a2446a3f5e197ebd7d4f70c2f601af3,15920,15920,0,,,
2023-07-30T20:28:40.000000,4b89ec6b2736d726bd0e722ab8a91ae6,15920,15920,0,,,
2023-10-02T20:14:35.000000,48deeb9facbd396e33b7abac3c7eea1b,15920,15920,0,,,
2023-09-09T09:47:29.000000,02f254677e7ddfa713fe445a5fb6ef6d,15920,13532,2388,,,
2023-05-02T10:27:22.000000,dc3182c5a59ffb77e219d5bcf2cfe1aa,15920,15920,0,,,
2023-04-05T20:30:02.000000,ae19a038b1d9e4193d4d8e43e2a7df2d,15920,15920,0,,,
2022-12-29T19:11:54.000000,32f4c0ea15b0bbb4b341681ef8648284,79200,79200,0,2022-12-21T20:52:28.000000,kakao,7.93
2023-05-23T13:04:50.000000,f818bb11d29a108f2c174a2b05a4d743,15920,15920,0,2023-05-10T18:27:19.000000,kakao,12.78
2023-03-19T21:50:02.000000,b6e7adaf93e7b300a43a10fb30dc6f18,15920,15920,0,,,
2023-07-12T15:03:13.000000,28aa93a8a68c1c4aceb7218a0d9a1ce4,15920,15920,0,,,
2023-07-27T18:31:25.000000,6e4e99d813412e3d1305c554bdee990e,15920,15920,0,,,
2023-06-12T12:51:08.000000,868bf77a4688fbf69cfe177cdb6507ea,15920,15920,0,,,
2023-01-31T22:30:03.000000,b303474e06de68c50bce2344220abab0,95200,95200,0,,,
2023-09-01T10:58:54.000000,298974488515a79cd95752bee952f99d,15920,15920,0,,,
2023-05-03T11:44:13.000000,077204a5c24c4fbc721ff2d5e99ace73,131600,131600,0,,,
2023-12-18T09:27:56.000000,05d046cb18229daaa17c04aed3a3f438,95520,95520,0,2023-12-18T09:25:34.000000,kakao,0.0
2023-08-10T14:41:24.000000,c96eabbf37d2d2d149fc7d6b143a99de,15920,15920,0,,,
2023-01-31T21:53:04.000000,fbf43ac452550d4bb4c201158339d91b,95200,95200,0,,,
2023-01-30T17:08:31.000000,ab3abb6a8e2e1854ae4812a19d6b2103,95200,95200,0,2023-01-25T20:13:18.000000,naver,4.87
2023-11-23T12:02:16.000000,f8ccc11d7f9789b9ac497b1cf46cb6f8,131600,131600,0,2023-10-18T10:34:19.000000,naver,36.06
2023-09-01T19:11:44.000000,81ff389d727791734c649216a1fbfad9,15920,15920,0,,,
2023-02-20T14:05:01.000000,41b1e8deb12091808cbec66934ea50f8,131600,131600,0,,,
2023-03-09T15:05:44.000000,41b5a5486ba77536df3d0d660eb2b0ed,15920,15442,478,,,
2023-06-24T00:50:29.000000,4387e599d67710bc138320b475c98e1a,15920,15920,0,,,
2022-12-27T22:31:04.000000,09c97da58150a05c7c3ddd290bf7ea1b,79200,79200,0,,,
2022-11-17T01:00:02.000000,fd8b29e3ae8720d42479d2b950c64ffd,15920,15920,0,,,
2023-09-19T20:51:35.000000,a7368864b7b86a34a285d8ddf0492f83,15920,15920,0,,,
2023-08-08T16:40:33.000000,bc5994d665d47b5f6d1eebc2e721da50,15920,15920,0,,,
2022-11-30T18:32:49.000000,0d5e2547327a456a157864295467afb2,15920,3960,11960,,,
2023-08-24T14:39:16.000000,4155fdfd207260a5d264b6254cb807a1,131600,131600,0,,,
2023-12-29T16:39:20.000000,44800b86327609161a04dca64fc41dea,95520,95520,0,,,
2023-06-15T23:36:27.000000,06f861c003395774982fdc49a1d32227,15920,15920,0,2023-02-25T12:46:18.000000,kakao,110.45
2023-01-10T22:22:08.000000,b42c9a3c4b1dc0d77c399c340751458b,83200,83200,0,2022-09-21T12:24:40.000000,kakao,111.41
2022-12-29T14:18:33.000000,791e9861357a0000d5a64fdafd9ad9ea,79200,79200,0,,,
2023-06-16T16:10:10.000000,edcfee802a407d4a2930cd8153aca3e6,15920,15920,0,,,
2023-05-04T12:53:27.000000,721b49ebba4e53783425d140c453c217,15920,15920,0,,,
2023-04-21T17:30:02.000000,5f959bd05c1b77a3ebb8d8d882919fec,15920,15920,0,2023-03-24T17:19:48.000000,kakao,28.01
2022-12-18T18:37:41.000000,4a2f20566c2137cd7fdd33c922f449ed,79200,79200,0,2022-12-18T18:33:43.000000,kakao,0.0
2022-09-18T07:50:02.000000,09f71a3db9da503e55f62280b061b0b4,131600,131600,0,,,
2023-11-09T15:56:51.000000,0fc9022caf8257719ebc460976376461,15920,15920,0,,,
2023-12-11T17:09:14.000000,c253e2bfc2b04b25db136aa0fc4dea9d,95520,95520,0,2023-04-02T22:16:27.000000,email,252.79
2022-11-23T14:05:45.000000,00c0f31200302f64b62ded43c53aa7cf,15920,3960,11960,,,
2023-11-21T20:46:57.000000,c8cf37bbf342bf353fb24ef0962b8ed2,15920,15920,0,,,
2023-11-27T13:57:37.000000,b482ca85c577de6b78cb7bc91f255600,131600,118440,13160,,,
2022-11-25T17:16:28.000000,75f34469e56ae8decd0a527191b32f50,15920,3960,11960,,,
2023-11-24T09:44:20.000000,f22ae73e9103315f64f04e2c22a31c4e,131600,131600,0,,,
2023-01-04T14:25:32.000000,b165010816ac6dcceb018ff3ee259e22,83200,83200,0,,,
2023-03-31T15:10:02.000000,d3a8eb362013c5e8bdce5a1bee768c14,131600,131600,0,,,
2023-11-01T22:01:06.000000,02a6e80a60082c981f3dc34d48c23f2c,15920,13532,2388,,,
2022-12-20T21:23:58.000000,292de6d5a3ad9808237b73c8ab2d1138,79200,79200,0,2022-11-02T16:19:59.000000,kakao,48.21
2022-11-21T13:17:37.000000,e39286352d6868289ae46efb0976e853,15920,3960,11960,,,
2023-08-28T10:32:56.000000,41828b6ef82b461ea66ebea45f21aeaa,131600,131600,0,,,
2023-09-27T22:13:58.000000,f62781c1338888e109c6a176cd8fd89c,15920,15920,0,,,
2023-06-25T13:06:38.000000,e90141240be9c24642fe4edc750801fd,15920,15920,0,,,
2023-01-30T17:40:44.000000,518b3bdbd4b35b32dd57720159616bb7,95200,95200,0,,,
2023-01-31T10:50:23.000000,29caaad860f7c16aeb77fe21167a56ff,95200,95200,0,,,
2023-06-21T00:26:55.000000,4dddf8b4d9134cd953f13b91bdf18f2f,15920,15920,0,,,
2022-11-30T17:16:34.000000,73f07a592144faf135f8e93c31ca3a07,15920,3960,11960,,,
2023-02-09T22:25:02.000000,a3d58f1db750f07b5d9c75911ef61672,15920,15920,0,2023-01-25T18:44:07.000000,kakao,15.15
2023-06-25T12:24:55.000000,83391a604d85aa6c156d08dc6c6d9ddd,15920,15920,0,,,
2022-11-30T19:51:56.000000,bddcd232be39ee930cfd081cb22512e1,15920,3960,11960,,,
2023-01-16T13:39:16.000000,cffb091080c8b3c42018ca16bfa89c12,87200,87200,0,2022-09-22T17:15:15.000000,kakao,115.85
2022-11-30T23:22:34.000000,ee54be66c6d4ac859c21f90c2e520e4a,15920,3960,11960,2022-11-19T10:34:44.000000,kakao,11.53
2023-01-16T21:27:02.000000,3aeb6d6a5fdaa0d0395c51f7c41c8b49,87200,87200,0,2023-01-16T19:47:48.000000,naver,0.07
2023-11-08T22:09:12.000000,dfdb4e61ef44e03871e80523c500e14f,15920,14328,1592,,,
2023-04-17T22:30:02.000000,8a7ce34a34efeba0a0ca1dfdd051b1a4,15920,15920,0,,,
2022-11-17T19:46:37.000000,2e720d29d6d3fc0d1b171affc907b5b0,15920,3960,11960,2022-10-25T21:36:51.000000,kakao,22.92
2023-08-04T14:51:59.000000,f37dbe99635251d31bbf1d439f1d7b85,15920,15920,0,,,
2023-07-25T19:31:52.000000,6b784228a70a242b6b0a11d1ea783752,15920,15920,0,,,
2023-07-04T15:04:05.000000,65ed576d8b9483fac9dd9ff8f549eea4,15920,15920,0,,,
2022-11-18T21:52:26.000000,3ba10c6123e8e3be27ec2f37f20f1564,15920,3960,11960,,,
2022-12-16T10:24:27.000000,59aaf383cd62236e262bd56c078abd36,79200,79200,0,,,
2023-01-08T22:03:59.000000,e84c3f3552d7792ed4779191a799170b,83200,83200,0,,,
2022-12-17T14:11:53.000000,ae5b3d3adde8b347b3f41d53a1119c2b,79200,79200,0,,,
2023-12-30T18:58:26.000000,cd714109d7203c063fb833762b58a4ed,95520,95520,0,,,
2023-07-17T16:09:21.000000,90029820400368894726d6e9e0c0432c,15920,15920,0,,,
2023-01-04T21:41:50.000000,763bc3bb3aa43dc8f2a5d85f651fd956,83200,83200,0,,,
2023-02-12T14:58:48.000000,69756dbea007c2b5dbb324565673b526,15920,15920,0,,,
2023-04-24T22:50:01.000000,6e74112468f8f1352ba7af015acf1f15,131600,131600,0,2023-04-17T22:39:26.000000,email,7.01
2022-11-17T04:38:12.000000,a11b2cc6e58e1660e965cedb3619fde6,15920,3960,11960,,,
2023-07-31T10:27:18.000000,3afdb4a5971e7c5ba3e4c96eaf4fdf5b,15920,15920,0,,,
2022-11-26T01:31:11.000000,725f0e75808e565fe23a946a7a3a85f2,15920,3960,11960,,,
2023-12-13T22:13:47.000000,463d87817d80bae360b02652d4574985,95520,95520,0,,,
2023-02-13T17:55:02.000000,8a78c85c519fc07069bbe7bdca6749d2,15920,15920,0,,,
2023-07-25T07:41:39.000000,257c366b08310cf4a68e6b8fea11feeb,15920,15920,0,,,
2023-01-24T21:56:35.000000,c1476c86c5ad64b1098b890c96d5305c,91200,91200,0,,,
2023-06-25T17:34:56.000000,0b529eebdcb0af3eddd87aea503507f6,15920,15920,0,,,
2022-12-15T19:08:25.000000,43daa7584331d4eaddd0d6390c1befe5,79200,79200,0,2022-12-12T21:05:21.000000,email,2.92
2023-10-09T22:35:18.000000,395a50f0b241d0fc7c8e3d18d768729b,131600,111860,19740,,,
2023-01-08T18:07:36.000000,ac00d1c3a6964711c5a51b68ab8b32d9,83200,83200,0,,,
2023-02-21T16:31:22.000000,2e49f7b08df64a18b007db7e192fbc07,15920,15920,0,2022-10-07T00:08:53.000000,naver,137.68
2022-12-07T12:38:57.000000,240df4fdc197e614a10f4cbb6fa1b740,79200,79200,0,,,
2023-06-20T20:48:57.000000,ebd1e191b1b273bf9f2cec47a28ec551,15920,15920,0,2023-06-19T13:35:59.000000,kakao,1.3
2023-09-04T15:17:57.000000,88cf551e07a05f7af8063a4a908b29c2,15920,15920,0,,,
2023-06-04T17:48:08.000000,e49ef6588f936ecf87639ed711abf3c6,15920,15920,0,,,
2023-07-17T13:27:13.000000,bf5473e893bcbc0de02740450cd6dad9,131600,131600,0,,,
2023-11-21T14:06:57.000000,dc53f0147a1185a89acc0595ab5a26a1,15920,13532,2388,,,
2023-12-05T11:46:05.000000,de818ffac90373a117550369a52ab9f5,131600,131600,0,2023-11-28T14:26:27.000000,kakao,6.89
2022-10-09T20:54:44.000000,17b4c0efeaccd2b084e0edda7e4fd8e7,15920,15920,0,,,
2023-10-23T11:39:00.000000,796fbac9f1f469f14772eb160a4860a3,15920,15920,0,,,
2023-01-02T21:11:51.000000,732f0884b176f015cde0aa1528e102fb,83200,83200,0,,,
2023-01-27T10:06:01.000000,7c612c634f4e782445f12131e905d50e,95200,95200,0,,,
2023-01-09T10:47:54.000000,8ad0431e82c0f6cf4f094340ccce0b37,83200,83200,0,2022-11-05T22:23:24.000000,kakao,64.52
2023-06-22T13:29:45.000000,574e8cbaf95627f1757684ba78305310,15920,15920,0,,,
2022-09-05T19:15:02.000000,c9f997b336adaadde23369b6968ec146,15920,15920,0,,,
2023-06-05T11:47:37.000000,b66a636153d3f53eed3dd1e883a4e797,131600,131600,0,,,
2023-01-02T16:49:10.000000,08390a52560e4fc2632d755885700796,83200,83200,0,,,
2023-08-16T16:02:49.000000,ed1c8b74f6c70824608950bd6e886547,15920,15920,0,,,
2022-11-30T20:25:44.000000,ba2d9e58647986b36732e19bf81d2cea,15920,3960,11960,,,
2023-01-31T20:20:52.000000,0e91d6dced9a89f353f4cdb066ea36c7,95200,95200,0,,,
2022-11-30T15:56:51.000000,24df75339b861a5b60591abd04093361,15920,3960,11960,,,
2023-01-30T00:07:17.000000,bc339bfdd758bde00a20593756574726,95200,95200,0,,,
2023-05-07T14:20:02.000000,efafc20279687fdd25a78b695e9308b7,15920,15920,0,,,
2023-06-25T05:05:27.000000,92f6f300d14342066cc4a86bbc6e863c,15920,15920,0,2023-06-25T05:02:07.000000,kakao,0.0
2023-01-30T11:07:02.000000,fcce04522d17fa9cd4c1a5056b19ed6f,95200,95200,0,,,
2023-07-10T13:40:02.000000,31545565e7ff383dcfd358759866435f,15920,15920,0,,,
2023-12-03T17:51:02.000000,fea4944a9a6fd771e0a10bec0d3c5203,15920,15920,0,,,
2023-01-10T23:39:42.000000,1ff8987122bf09d68c5efdf55e65657d,83200,83200,0,2023-01-02T17:08:18.000000,kakao,8.27
2023-12-23T14:12:27.000000,764cde120e10ddcc7b09cba1a41e6704,95520,95520,0,2023-12-23T13:58:08.000000,kakao,0.01
2023-12-31T23:46:24.000000,e9758862d148f0d89e316df0174201e7,95520,95520,0,,,
2022-12-27T12:55:52.000000,fe0afb007248c3bfcf1de6c95ab4a921,79200,79200,0,2022-12-27T12:52:37.000000,kakao,0.0
2022-11-30T12:07:11.000000,63af7ee855192304bf5659ba32edfb26,15920,3960,11960,2022-11-30T12:06:26.000000,email,0.0
2023-11-30T17:59:29.000000,78cb70bda6ccde8552b32361128031a3,15920,13532,2388,2023-10-05T19:45:16.000000,kakao,55.93
2023-12-27T16:05:16.000000,e582f08037fea7a9a98aa1683921f63c,95520,95520,0,,,
2023-01-21T00:43:44.000000,cefcdc74650cbbc9b2ae3cb5c3735cf5,91200,91200,0,,,
2022-11-29T05:12:34.000000,1d15c7483549fb4f36924e0b0d3f1ce1,15920,3960,11960,2022-11-29T05:07:15.000000,email,0.0
2022-11-14T16:50:02.000000,cbdbe9f66e2cd6cb1af1834c20cc1f8d,15920,15920,0,,,
2023-10-31T19:02:59.000000,fbfff37104396402ce38455f58b9c0b1,15920,13532,2388,,,
2023-01-17T19:48:09.000000,94b69856721b3525272c7af9e81070b0,87200,87200,0,,,
2022-11-21T03:26:18.000000,0328582a725ca6e40dd87245f000eae3,15920,3960,11960,,,
2022-11-14T15:44:24.000000,7b98d5562989c33d48ae7bf465b6e0bb,15920,3960,11960,,,
2023-09-10T22:33:39.000000,e8fd730b16562f20962712052369ba0c,15920,15920,0,,,
2022-12-21T16:42:09.000000,f2b941630a4eea38c7dc8d3c1d39679d,79200,79200,0,,,
2023-09-25T14:15:02.000000,b127bf993f40b563283728a7bf2dccb1,15920,15920,0,,,
2023-11-10T10:24:47.000000,1e40044ffcfe0a2ac525f725b5bf7649,15920,15920,0,2023-11-10T10:10:34.000000,email,0.01
2023-09-05T16:26:43.000000,f0037b405168cf3fc53d2a7887c7a88e,15920,15920,0,2023-09-05T16:11:21.000000,email,0.01
2023-12-07T19:39:43.000000,97df0f5590a795119166238c04581531,15920,15920,0,,,
2023-12-28T20:27:25.000000,0783b05d38bf3ca61b7a8a92bb226480,95520,95520,0,,,
2023-07-04T16:48:09.000000,e88b078a9392bc8101de973d2d5f7df6,15920,15920,0,,,
2023-01-31T08:56:54.000000,9e21cda29440bc659356f7932b635f60,95200,95200,0,,,
2022-11-30T21:02:06.000000,4f450fd884663591e74582e93dffe333,15920,3960,11960,,,
2022-11-29T09:01:39.000000,2583e92a20db6fe237c2c505a126f6dd,15920,3960,11960,,,
2023-01-18T18:42:30.000000,6b239a2cb2dae61926d9309ed91ce1c7,91200,91200,0,2023-01-18T18:40:20.000000,google,0.0
2023-04-09T21:30:02.000000,888e0ad13e2f92ed658e90d531e2ed5c,15920,15920,0,,,
2022-12-30T13:40:11.000000,c55846717e63f7efb95dbef05cc75f11,79200,79200,0,,,
2023-07-10T17:53:42.000000,bec191a438553e6f8a1e67e15fcd4252,15920,15920,0,,,
2023-12-30T22:06:34.000000,39b99c34e9be5aaf875976a9ef3b78f6,95520,95520,0,,,
2023-08-04T23:49:07.000000,48a609ca3c7ae31679a961e2e2ecdd6e,15920,15920,0,,,
2023-07-11T21:13:23.000000,f2446c66b0ab28ef3094b315633e022b,15920,14328,1592,,,
2023-08-24T00:53:34.000000,ab55f812a385ebd708a1e66c0eb8aed2,15920,15920,0,,,
2023-06-29T15:34:58.000000,0be3ee2b4801a38d3d249704017efefe,131600,131600,0,,,
2022-11-19T12:20:55.000000,f904608e5a367fa5769cb963bd2b9272,15920,3960,11960,,,
2023-07-10T22:44:10.000000,ceaadae66afd05aee714ae679ddf9f55,131600,131600,0,,,
2023-01-31T19:32:43.000000,c61a3e519302d372782e2b7b52072808,95200,95200,0,2023-01-01T10:47:58.000000,naver,30.36
2023-01-13T20:33:01.000000,22cc49351886c22ec8a462c52d7bdc52,87200,87200,0,2023-01-13T20:11:02.000000,email,0.02
2023-04-12T20:35:02.000000,bdffe1f18684704d4ea2d7eebcaed180,131600,131600,0,,,
2022-12-16T21:44:50.000000,ba87af62668e33dcc79cff943fb57134,79200,79200,0,2022-12-16T21:42:27.000000,kakao,0.0
2023-01-16T13:10:42.000000,9a55df008cba90fff8f4c2c02b3543ac,87200,87200,0,,,
2022-12-31T23:11:36.000000,1aaeec91faa1681b5dc313b8b5d26ccb,79200,79200,0,2022-12-31T03:53:39.000000,kakao,0.8
2023-01-19T22:11:07.000000,29541b377d5177089a936b45473b7e88,91200,91200,0,,,
2022-12-26T19:09:38.000000,129d52f5fa85487a38b5f57826fae6d6,79200,79200,0,,,
2023-06-26T20:48:22.000000,d23cc7d03a1d4f2964626090b9e4e606,15920,14328,1592,,,
2023-06-28T17:00:30.000000,ce349a1de799c1be22c66f9440feff3c,131600,131600,0,,,
2023-09-18T14:39:15.000000,7262ec59c48b2bef8d299da67c6aa5f4,15920,15920,0,,,
2023-12-28T19:50:52.000000,312a451039455063b285b145d60dc101,95520,95520,0,,,
2023-12-09T21:11:27.000000,2f20616f81c226e87f96519b543e9da7,15920,14328,1592,,,
2023-02-24T08:45:03.000000,4b5cefe28c76a324d9f2ee79b08390a3,15920,15920,0,,,
2022-12-20T20:15:41.000000,d0b4ca8aecaf267b830899cfeb2d75a8,79200,79200,0,,,
2022-12-25T15:35:34.000000,7554e955cc24da3205381ed6e57be169,79200,79200,0,,,
2022-12-19T17:25:53.000000,601059f8cede447faef1698c8bd1df00,79200,79200,0,,,
2023-01-20T20:40:49.000000,b2157c6e91493a062947da843c8d3d2f,91200,91200,0,,,
2023-09-24T21:02:58.000000,3a407d6501aac9dd643a2ec209899671,15920,13532,2388,,,
2023-09-18T21:39:09.000000,edce803e64856e2d7b212feb870b17f1,15920,15920,0,,,
2023-12-27T19:18:55.000000,5fb582574fe9af6424240b52124b285c,95520,95520,0,,,
2022-12-31T23:13:24.000000,38469b33129281548c23b48b79c8cde9,79200,79200,0,2022-12-20T19:32:40.000000,kakao,11.15
2022-11-30T15:34:20.000000,a42e06b69f314e7479e6c56c68221970,15920,3960,11960,2022-11-30T15:33:25.000000,google,0.0
2023-08-28T13:33:48.000000,86e7867335b3294836b245b3d151e99b,131600,131600,0,,,
2022-10-17T22:38:11.000000,99f5e31e874060cb7d602b389d015b05,42960,42960,0,,,
2023-04-16T12:20:01.000000,c276569dd7d5e182bbd37895dd5a23fe,131600,131600,0,2023-04-09T00:24:42.000000,kakao,7.5
2023-10-10T08:40:50.000000,1190cefe70f6bc8165f376c9b5836a7b,15920,15920,0,,,
2023-05-27T23:25:58.000000,6b5fa34a58b7a921a2e94654b208d64e,131600,118440,13160,,,
2022-11-29T15:10:06.000000,eae15906f2a0e6b659d94f771fc96a86,15920,3960,11960,,,
2023-08-29T03:01:00.000000,d0fbebf99201d3ace9a09badf130fef6,15920,15920,0,,,
2023-02-19T10:50:02.000000,b56862bbb666170e0860bd13b52c6a5f,131600,131600,0,,,
2023-12-19T08:06:11.000000,ec7be3b4b374eb4c33ae07fb19c08f0d,95520,95520,0,,,
2023-11-15T21:27:32.000000,d288b49db463795f103fb3664f7d53fe,15920,15920,0,,,
2023-07-11T15:00:16.000000,ac62c41fb1f784bee9ac6819b299ea9c,15920,15920,0,,,
2023-12-31T09:49:21.000000,0661a4c7b7405cf309c873ddd0b0927f,95520,95520,0,,,
2023-06-24T16:11:56.000000,bb53fc5faf2f7cbf3693ac3f4de3cc25,15920,15920,0,,,
2022-09-25T17:40:02.000000,848b071bc2a44f5f4eb551ae1eb03aec,131600,131600,0,,,
2023-09-06T23:49:35.000000,724728a07d93fb499082d7f895940c0a,131600,111860,19740,,,
2023-09-15T09:59:46.000000,5034bc4ef7974a12ea603aec022fc939,131600,111860,19740,,,
2023-01-10T22:40:50.000000,65594300d97a543202b122f4f6c791e4,83200,83200,0,2023-01-10T22:37:13.000000,kakao,0.0
2022-11-08T19:30:01.000000,d3e8de6801a780d942300aa16912b94a,15920,15920,0,,,
2022-12-15T22:40:49.000000,09d791462f8645853259dec1cc45ad73,79200,79200,0,2022-12-08T00:03:48.000000,email,7.94
2023-01-07T22:31:28.000000,010c5b57219393b15dd46aecff433c47,83200,83200,0,,,
2023-08-02T14:42:15.000000,0995602d8f51c2f0a79e754dd5bcc62e,15920,15920,0,2023-07-19T21:05:51.000000,naver,13.73
2022-09-10T23:20:02.000000,8e85ada356099e592762b6629f9da973,15920,15920,0,2022-09-03T17:08:31.000000,kakao,7.26
2023-01-31T11:51:42.000000,a2547f9cc120de1da5a281afe8aba175,95200,95200,0,,,
2023-02-09T20:30:02.000000,71da9161a23e4b13d8aaa26761f1f2f2,15920,15920,0,,,
2023-04-29T00:25:02.000000,826270628c02f3cf5bb84148d8c562a2,15920,15920,0,,,
2022-12-31T23:28:20.000000,fb28a7b6b6ddbe66f2adba5d0bab27dd,79200,79200,0,,,
2023-07-07T10:30:09.000000,a970fddea855af1de5e1891e55d3126c,15920,15920,0,,,
2022-10-01T13:20:02.000000,5b5c7253d8a68f90103dc5d3ad438c7c,42960,42960,0,,,
2023-03-29T21:05:02.000000,8472c5474242bfefd8639a67fe6a57ad,15920,15920,0,,,
2022-11-30T19:23:13.000000,17338dd2913a67c644cb5bcda01044c0,15920,3960,11960,,,
2023-01-11T21:45:37.000000,af8204c7197cd58d4a75d8145682f154,87200,87200,0,,,
2023-06-04T18:57:20.000000,f0cd28259f9330ae4f59080d99902f64,15920,15920,0,,,
2023-01-10T22:03:12.000000,1f4bb344ce209263bf26741f063b7b7a,83200,83200,0,2023-01-10T21:58:19.000000,email,0.0
2023-01-31T19:16:02.000000,2ec811b916f7fbde3aa278fee4e90806,95200,95200,0,,,
2022-11-22T08:24:08.000000,5bc3b359de8fcfaa86539c96bc6710e5,15920,3960,11960,,,
2023-09-10T02:13:43.000000,cd33b151e06e4bda853bde352d9ac0e4,15920,15920,0,,,
2023-07-02T15:23:20.000000,d3a08c7e6abc6726034e2229c0c5e1fa,15920,15920,0,,,
2023-09-01T21:54:58.000000,f570375f48a28e985dc313da5fae5ee2,15920,13532,2388,2023-09-01T21:23:29.000000,kakao,0.02
2023-11-12T14:46:22.000000,a0428fd6c9d026f5a4395ca31b38576b,15920,13532,2388,2023-11-12T14:11:51.000000,email,0.02
2022-11-20T17:44:42.000000,60533be904f55092f1d6577ff40afb52,131600,131600,0,,,
2023-08-22T17:33:39.000000,7b0dad0080d5adcba2c2dc4543b9ac57,131600,131600,0,,,
2023-01-07T22:44:38.000000,7fe088ea85bd6aa176fde743f25c37cd,83200,83200,0,2023-01-07T22:40:13.000000,kakao,0.0
2023-03-30T23:55:03.000000,743f19451c645547580700a28c40d756,15920,15920,0,,,
2023-03-10T17:49:32.000000,3836f340a451a6df9458b7ffe1f1c3fd,15920,15920,0,,,
2023-12-31T19:22:19.000000,f9f9d3cd979b84442733d38e2cdc1197,95520,95520,0,,,
2023-07-10T21:12:04.000000,8eaabf3039ca4937234030ffc84640ce,15920,15920,0,2023-06-20T17:10:41.000000,google,20.17
2023-07-24T13:45:35.000000,5612022c3820c48da312c52b0d058c71,15920,15920,0,,,
2023-08-02T21:33:01.000000,daed3691bf0cb2f7dd274ab39ce94103,15920,14328,1592,2023-08-02T15:08:12.000000,kakao,0.27
2022-12-30T11:59:50.000000,08adae95252c63c6a27c6d2f1dbdef51,79200,79200,0,,,
2023-02-10T22:40:02.000000,d95419ad3b73224d34f4057bd103cccd,131600,131600,0,,,
2023-08-14T15:02:12.000000,980944ff99268c1a6192a22974a2522b,15920,15920,0,,,
2022-12-18T13:37:23.000000,b776ed69eb0e8bbb810491ebce848065,79200,79200,0,,,
2023-01-10T16:01:58.000000,797bb1f9a72619eecfb8f623385f335a,83200,83200,0,,,
2023-01-30T23:31:19.000000,53ac2247a999b747e02bf0243f0d8b59,95200,95200,0,2023-01-30T22:35:57.000000,naver,0.04
2023-03-02T14:20:02.000000,15c33ea93e73a4c2b5e52473b0505a92,131600,131600,0,,,
2023-07-18T21:29:44.000000,2acec5efde0ad58b323729ef92caaae5,15920,15920,0,,,
2023-07-26T16:00:56.000000,c5ca62c4e775aa5cbc30b5ea319726b2,15920,15920,0,,,
2023-07-12T20:22:01.000000,cbcbcf9052c04f9d3542c3244f07b687,15920,15920,0,,,
2023-12-06T15:57:42.000000,0ea39dbea39ceefca4731bb6e74bd36f,15920,15920,0,2023-12-06T15:50:27.000000,naver,0.01
2022-09-25T18:35:03.000000,02f5c988234fa50b09414ba25b1d58ad,15920,15920,0,,,
2022-11-15T10:47:31.000000,804a480681a7510b01588a0351e69616,15920,3960,11960,,,
2022-12-12T09:10:56.000000,d8289f5dc043b592831e4f949f7edde4,79200,79200,0,2022-12-09T11:45:21.000000,google,2.89
2022-09-05T14:00:07.000000,915098057d6e072c70d91f0e59e9d3f0,42960,41671,1289,,,
2023-09-22T03:43:01.000000,15580f6472c996eaeffbd45f79d40315,15920,15920,0,,,
2023-11-24T10:56:33.000000,ed3247b8e06722ca1bb6d23d1b09a9d7,15920,13532,2388,,,
2022-09-19T21:55:02.000000,a12157ff19390c52934d461e2c5a241d,15920,15920,0,2022-09-12T21:36:58.000000,kakao,7.01
2023-07-29T17:24:26.000000,5c60d42bac7f1d658240f2d8e3b8c77f,15920,15920,0,,,
2022-11-15T21:00:02.000000,868b776c8d1d3aeb631e4ea099253518,15920,15920,0,2022-11-08T20:47:51.000000,google,7.01
2023-10-29T15:44:49.000000,7244f9e5b185c63870821c3ddb67eb0e,15920,15920,0,2023-10-29T15:38:36.000000,naver,0.0
2023-11-06T15:29:41.000000,2a429125d5ec4835b18cb66ee7ae661b,15920,15920,0,,,
2022-11-19T21:14:12.000000,a93ae4c654a6da0c3cd0529a734a60f7,15920,3960,11960,,,
2023-11-01T19:28:27.000000,61e3d42168d962ef97470695a5ca4e27,131600,111860,19740,2023-11-01T08:14:31.000000,kakao,0.47
2023-07-31T12:18:32.000000,0b36b0f18a7dbb35c02a546fed4adb34,15920,15920,0,,,
2023-02-28T00:00:02.000000,cc0e17bfb45fda3dee9e355f34fcb78d,131600,131600,0,,,
2022-12-30T18:33:24.000000,f8b799771e1ab78418cf894b51e46e47,79200,79200,0,,,
2022-12-29T13:28:14.000000,52cee8381736ec2d38177f1e6f4b7dee,79200,79200,0,,,
2022-12-18T17:57:09.000000,9537aa9e9e1d7f0e8df2889cfd7b79e8,79200,79200,0,,,
2023-11-30T21:23:22.000000,ba74e3b4e89b41df1a8ee3f399299ff6,15920,14328,1592,,,
2023-07-05T13:28:39.000000,90e2efeaf97b792ba6b539bf4855bd10,15920,15920,0,,,
2023-12-31T12:15:19.000000,b2ae5190df50f67f202f746a9d7bda5b,95520,95520,0,,,
2023-12-29T16:05:33.000000,ee0f45bff00bd3de5bd0b32b1ebff9f4,95520,95520,0,,,
2022-11-30T19:41:58.000000,f940525eeacfa79721d57c251d89146a,15920,3960,11960,,,
2023-08-24T23:55:22.000000,e1ae42a2e38c0742bf92df0915434442,15920,15920,0,,,
2022-12-18T17:45:59.000000,260a6e4be5939a334d9781b2361d7c75,79200,79200,0,,,
2023-01-31T21:16:39.000000,74b66b738185ffdbec960db4a0da330a,95200,95200,0,2023-01-10T23:08:55.000000,email,20.92
2023-12-29T18:36:12.000000,433cc7db3d9f741cf9a1108d8f78e777,95520,95520,0,,,
2023-07-26T19:20:10.000000,069c66f290043d0d1c04ea3d4b7cdbb8,15920,14328,1592,2023-07-13T16:51:26.000000,kakao,13.1
2023-11-18T13:02:28.000000,c3e0fe009dde62c578bb906fb2c29723,15920,15920,0,,,
2023-06-03T18:10:37.000000,5a719da370db22fe05b0625d14b708db,15920,15920,0,,,
2022-12-22T15:00:14.000000,a95abe93ac6f40f4b1b1ab4e323e4894,79200,79200,0,,,
2022-11-17T00:32:30.000000,834f424b481c5c960440be01c8e19178,15920,3960,11960,,,
2022-12-20T08:56:19.000000,653e15469790b0bc51d0c25c974eaf48,79200,79200,0,,,
2022-11-17T11:25:46.000000,ee4700c6e727a6920b7371bd2cf395ac,15920,3960,11960,,,
2022-11-30T23:29:46.000000,df44d7a890e0c3e8a49b405029307755,15920,3960,11960,2022-11-30T23:23:44.000000,kakao,0.0
2023-11-02T18:43:07.000000,b1e129e3eaa4b4fc26815b132b416b5c,15920,13532,2388,,,
2023-11-21T22:11:57.000000,c74f72e89e7b5c542081c20773eb2792,15920,15920,0,,,
2023-04-01T18:00:03.000000,2ea8db3a1b5d872ba11d74ee012dad1d,15920,15920,0,,,
2023-12-31T17:55:03.000000,30970a48eb3b010b51d235cded15283d,95520,95520,0,,,
2022-12-06T16:49:51.000000,123a56203ea39c9e8d0cc2a92acacc20,79200,79200,0,,,
2023-11-26T12:53:02.000000,0b2a9d566df335203a89d407a949d5b8,15920,15920,0,,,
2023-07-02T21:15:46.000000,298c4fe453981bb2067c83c88c47b2ec,15920,15920,0,,,
2023-09-16T09:29:19.000000,248bc8c2fc499c96f259b2a1c531dc33,15920,15920,0,2023-09-15T12:11:30.000000,kakao,0.89
2023-01-16T12:56:58.000000,ed322447cc3b4ea05361f72c1930b8ad,87200,87200,0,,,
2023-03-19T14:45:01.000000,f83db46238c57bc80eb2d3b0a2928be3,131600,131600,0,,,
2023-04-18T15:00:44.000000,905926bf8282b106c42a6f22db935b93,15920,15920,0,,,
2023-03-19T22:35:02.000000,fbe7704a70b0168234e3e038a77a93c7,131600,131600,0,,,
2023-11-19T16:22:31.000000,65a389c0b1042bd851b5c71eca197013,15920,15920,0,,,
2023-03-23T23:55:02.000000,60d66134b7500bfd88daa928ef3e158b,15920,15920,0,,,
2023-01-21T15:35:30.000000,66e5e9b9995857818cf830ad5b829345,91200,91200,0,2023-01-21T00:47:15.000000,kakao,0.62
2023-06-12T14:33:24.000000,a68a3881a8d3b32d3a76995f0ed519a7,15920,15920,0,,,
2023-01-28T12:26:38.000000,fbfdad584aac1ffd52aaa2d35fc108f8,95200,95200,0,,,
2023-01-24T14:44:57.000000,995aca2bb16e81188739a1de4f8bb0ac,91200,91200,0,,,
2023-12-23T22:08:34.000000,a1d27a5f30f502e63aa9039909fc8900,95520,95520,0,2023-12-20T23:58:40.000000,email,2.92
2023-07-24T22:47:24.000000,0299fcf654e9d1229f3506b3c602c547,15920,15920,0,,,
2023-09-10T21:06:35.000000,540edc3e2f3450e9eab24bab7662a4e4,15920,14328,1592,,,
2023-07-05T11:58:49.000000,445460d477e2bfb00b80d3b37007adf8,15920,15920,0,,,
2023-09-22T19:19:35.000000,535a96ae1a92ecd7d71a9aafc5561130,15920,14328,1592,,,
2022-11-23T12:35:45.000000,9fe1b0cacf49bb57ef8358ef62aa0d97,15920,3960,11960,,,
2023-05-14T17:11:47.000000,d1c939aebfdccd95dd150d8b51ce3560,131600,131600,0,,,
2023-01-12T10:08:38.000000,697fd1239635599aa5dff56889cad3e9,87200,87200,0,,,
2022-11-23T17:26:25.000000,ea1aa4d740a6ec1fc3af84c183d69eca,15920,3960,11960,,,
2022-09-07T10:00:03.000000,61b94a1c0242c7d48d7928c3593cabbe,15920,15920,0,,,
2023-01-17T23:43:00.000000,699a8c336e690ccb93cb46483f6fcd14,87200,87200,0,,,
2022-11-30T19:58:49.000000,d5565234e96245b6fda4d7fbf3b4c487,15920,3960,11960,,,
2022-11-21T17:47:07.000000,247f7ce4a531af554bbe9307184c250b,15920,3960,11960,,,
2023-09-14T20:17:44.000000,f6657eeff454e7ebe4570bc5f174bb1b,15920,15920,0,,,
2022-12-23T14:23:04.000000,9f2c7c707d09a775817045b2cd21edad,79200,79200,0,,,
2023-06-18T23:45:26.000000,9d3caae910b3ce773980c0d7a1ca2c55,15920,15920,0,,,
2023-01-13T20:10:06.000000,ea1dfceae94fd4e85f1aed2277a89174,87200,87200,0,,,
2022-11-30T12:20:00.000000,1810e01069d359d5c496f04f980d9698,15920,3960,11960,,,
2022-12-05T18:28:56.000000,8392f23c1bb6475b81e23ffbcaf59432,79200,79200,0,,,
2023-07-24T22:39:28.000000,2018ee3f210746b9dfd8a781872bb00a,15920,15920,0,,,
2023-04-24T14:55:02.000000,60d9f5691f30c1e2e9216ac5c931b89d,15920,15920,0,,,
2023-06-21T00:46:57.000000,7a3e86b5c6e3c8994dc62111bee04173,15920,15920,0,,,
2022-12-20T11:17:06.000000,63f7d1fccb67a3815e4addb4dda380b0,79200,79200,0,,,
2022-11-30T12:40:33.000000,88c7ef5824e4c61e648c236f34f4a0b3,15920,3960,11960,,,
2022-11-28T15:54:47.000000,62f67150a2fea37864744be079e25a7b,15920,3960,11960,2022-11-28T15:54:24.000000,kakao,0.0
2023-12-19T19:28:57.000000,212e4a36236e3f108d4dbbddcb1acd41,95520,95520,0,,,
2023-04-23T09:15:03.000000,40e81fe2ff4ff6212497e9d61c02fd2b,15920,15920,0,,,
2023-01-31T18:55:55.000000,d7fef4edd49b730c34ead4e753e32caa,95200,95200,0,,,
2023-12-26T23:02:42.000000,e2a6ea3d80620a399a434fe13594971e,95520,95520,0,,,
2023-08-21T16:08:28.000000,d1284c27fba3f325f6feca0077f1f0ef,15920,15920,0,,,
2023-11-23T19:55:22.000000,b38968c56123e9dcdc88dd5829bf332b,131600,118440,13160,,,
2023-07-27T19:29:10.000000,8b5cd601e1c66e999dee447183cd898e,15920,14328,1592,,,
2023-11-18T12:21:45.000000,b3c1d0669861e18d6d2deae202e85cd1,15920,15920,0,,,
2023-02-20T11:05:29.000000,c5087a941da4a7f8721fa4bc1923c253,131600,131600,0,,,
2022-12-27T22:37:47.000000,ea77dd1a385d335d976c830839e0a28d,79200,79200,0,,,
2023-01-06T21:27:52.000000,99a0dfb6dea2a99998f8631e9dca090f,83200,83200,0,2023-01-06T19:54:56.000000,google,0.06
2023-12-02T23:08:38.000000,3b25d3fb3a05aed481119b5dd21b8ba2,15920,15920,0,,,
2022-11-20T14:25:28.000000,88968f36ae3f09021c745519161042d1,15920,3960,11960,,,
2023-06-22T11:21:30.000000,34780087957f4be868ae25885343c56a,15920,15920,0,,,
2022-12-31T16:41:25.000000,4dd649272908bdf5796fae70317c18d1,79200,79200,0,2022-12-31T00:28:08.000000,kakao,0.68
2022-11-23T13:01:33.000000,e301c75c62e633e1338d9cb55cac9fc1,15920,3960,11960,,,
2022-12-14T09:19:27.000000,7963350b9f29595ae3eb8d7b6dbdd6cd,79200,79200,0,,,
2023-08-21T19:58:25.000000,b9020a800f743b31ca5deae740e5aabb,15920,15920,0,,,
2023-08-29T18:10:40.000000,9fdae0111c49674448d9b90a0cf5b0e0,131600,131600,0,,,
2023-08-14T12:36:50.000000,ce54f1207e3aedf491b45d4ea7ebcf6b,15920,15920,0,,,
2023-07-24T10:46:03.000000,c4b5f32c88e47157f55533f3a33b09ea,131600,131600,0,,,
2023-12-28T01:40:28.000000,fa91bc492b84146c2b2add8d354488dc,95520,95520,0,,,
2023-10-17T15:24:29.000000,76861ed2b5a836712676aa73dee8be2f,15920,15920,0,2023-08-29T07:00:29.000000,kakao,49.35
2023-12-12T16:43:23.000000,078af93643a8f2053176525dadb8e28d,95520,95520,0,,,
2023-01-31T17:44:21.000000,2956d80f140bdbf71ad0e22b7ade2dae,95200,95200,0,,,
2023-06-27T10:16:23.000000,77a7f1b713270372cc117b8ce87857f0,15920,15920,0,,,
2023-02-09T16:15:02.000000,4f5fd6d82941bf7c2eb76d5587448d44,15920,15920,0,,,
2023-06-24T01:50:28.000000,6f3eec012c39b8e5ad674da34dd8651c,15920,15920,0,,,
2022-11-19T14:40:03.000000,0ae69dde25fae45c4af77b2a1215d349,15920,7960,7960,,,
2022-11-30T20:40:50.000000,2d5466492078dc441d137891957a0a91,15920,3960,11960,,,
2023-09-21T11:28:48.000000,1caf83c7b84b99dc964bc37aad472eab,131600,131600,0,,,
2022-11-29T11:53:55.000000,f7db1483c1a7c254998e60e972b86ee8,15920,3960,11960,2022-11-29T11:51:34.000000,google,0.0
2022-12-30T09:10:13.000000,e4428a286e3a597459349eceb25a7037,79200,79200,0,,,
2023-10-04T16:04:10.000000,f8050adb04d1dc6581ae34929f20acb0,131600,131600,0,,,
2023-12-19T22:51:39.000000,f674ea7bbdafe398c1ee7b953a241609,95520,95520,0,,,
2023-09-08T15:12:12.000000,71b161a6723cde468c5cfd484bf2cebb,15920,15920,0,,,
2023-07-23T19:59:43.000000,e2c6862d445efb50daac860360b7c7f4,15920,15920,0,,,
2023-06-25T12:27:45.000000,cbd49e33684d0db168230269c23d9540,131600,131600,0,,,
2023-01-14T16:00:41.000000,2abb1ff2106e249843c6397fe93e9c3d,87200,87200,0,,,
2023-01-24T23:23:25.000000,f7484bb532a58e03d54230a245b11db4,91200,91200,0,,,
2023-01-17T11:26:10.000000,16766625d8098403869e3d4f3c30c5ef,87200,87200,0,,,
2023-07-18T13:28:58.000000,27434182ba741da89903406bb2644bb9,15920,15920,0,,,
2023-01-12T13:22:14.000000,f26d604be3e53534ff522e187b184ed4,87200,87200,0,,,
2022-11-19T21:27:58.000000,3c1ebebcc6797980cf8a648f29f1b897,15920,3960,11960,,,
2023-12-23T20:01:41.000000,3763b83d492bbc2f2d4e647930983bdf,95520,95520,0,2023-10-09T10:56:21.000000,naver,75.38
2023-07-19T22:55:47.000000,368581ef3bd79c1fb6a095f755f0dfff,15920,15920,0,,,
2023-11-27T21:03:11.000000,3c53bb25420c4e850b297be9f4fc301b,15920,15920,0,,,
2023-12-01T09:54:47.000000,e36fa22cccc8c0adc85720011258094b,15920,15920,0,,,
2023-01-30T19:50:00.000000,4b1f81f45aa46e2318fa169ceb421bbe,95200,95200,0,,,
2023-03-16T16:30:03.000000,9611d4cacc12eca45b2c56e76d99a447,15920,15920,0,,,
2023-12-29T11:42:49.000000,c5d3dcc94084eb21313e64ed31756308,95520,95520,0,,,
2023-04-04T01:35:02.000000,1f5ae30b82123f1ece8945fc36d8b2c8,15920,15920,0,,,
2022-09-23T20:15:02.000000,5ecb525b371907f7a9e824cd1cb3c3c5,15920,15920,0,,,
2023-11-16T14:56:12.000000,f25b8294258b3356e9493d25124d106d,15920,15920,0,,,
2023-08-24T19:50:42.000000,5958174c3d2f87cf5a22aa3c5ce0820c,15920,14328,1592,2023-08-21T15:00:20.000000,email,3.2
2023-01-03T18:19:07.000000,86ac50bda21f618e6e13763e9337c018,83200,83200,0,,,
2022-09-08T16:15:02.000000,cce98fec2181a37e99f0773625282c5e,15920,15920,0,,,
2023-07-18T11:15:10.000000,88d7b5934fd5c34dac05cb5270ebcbf7,15920,15920,0,,,
2023-01-02T17:41:18.000000,5e077b907d73777df7b42b3eb34a2d79,83200,83200,0,2023-01-02T17:29:53.000000,google,0.01
2023-12-25T19:25:51.000000,532deb0d5125f7879f40c122d0108609,95520,95520,0,,,
2023-01-28T12:03:52.000000,acca584e0dfe577833e3337fbf3bf286,95200,95200,0,,,
2023-06-21T18:32:41.000000,5b6769071cb4ce3b4592bf12607baf44,15920,15920,0,,,
2022-11-28T18:29:40.000000,f3371b31788d5e4fa329fdc267157170,15920,3960,11960,2022-11-08T05:23:22.000000,google,20.55
2022-12-29T22:08:44.000000,139ff4d36a24495093d4258b5e16b136,79200,79200,0,,,
2023-11-20T19:56:01.000000,5ab47ea72d35f6a79187911434a32647,15920,15920,0,,,
2023-12-27T22:43:18.000000,749c1e2c5679a4632b89338d68a7e48a,95520,95520,0,2023-12-13T23:26:50.000000,kakao,13.97
2023-05-07T20:25:02.000000,31a3ef22ef5bb71492530b6790c296da,131600,131600,0,,,
2023-01-31T23:50:35.000000,3204e2dd172e5db430aa7f25127a4f2c,95200,95200,0,,,
2022-11-16T10:52:18.000000,b8ae2163a3beb023160a1118a62ab7e8,15920,3960,11960,,,
2023-02-14T23:30:03.000000,507ced7db37407ed84d1a1a0513a8782,15920,15920,0,,,
2022-12-31T22:51:55.000000,2be64e005d17e184c0c6fcdbc2f48882,79200,79200,0,2022-12-31T00:14:32.000000,kakao,0.94
2022-10-23T17:45:02.000000,4bbeb1a78126e485b8c1d464f6b677d9,15920,15920,0,,,
2022-12-20T23:54:12.000000,ef7d0786d496c5ce3eb33b015d01fab0,79200,79200,0,,,
2023-01-10T02:01:18.000000,23bb062b1e0c15aa0476765265ed4b56,83200,83200,0,2022-11-30T03:15:25.000000,kakao,40.95
2023-01-17T03:14:04.000000,e1c4010b2eb01133335deb55f6d6da7e,87200,87200,0,,,
2022-12-27T11:01:33.000000,ad229d288917c0922a4a427596586355,79200,79200,0,2022-10-04T22:11:31.000000,email,83.53
2023-07-28T15:03:45.000000,8885c6df76c25046ed91697b0d3983c6,15920,15920,0,,,
2023-07-02T18:41:48.000000,9465f3ee4b04f36047b81d082c7750b7,131600,131600,0,,,
2022-11-27T12:16:25.000000,9bf404737fcc9503128ce53cd3d181f4,15920,3960,11960,,,
2023-01-14T21:24:35.000000,e491d5be24245f348b48d7256271b3a9,87200,87200,0,,,
2023-01-04T09:49:36.000000,ca979f6fc892ecb8eae0bcb760708388,83200,83200,0,,,
2022-09-05T22:25:01.000000,150713653acad1f2760a335d7f2abe6f,42960,42960,0,,,
2023-08-18T21:49:53.000000,792ed870908edb9607949f6d22adf287,15920,15920,0,,,
2022-12-04T21:09:21.000000,8262e3003a93c80ef957f08ef821dbeb,79200,79200,0,,,
2022-12-16T07:08:29.000000,e41a454fabad0a21d8d6f2915c309b3d,79200,79200,0,,,
2023-04-09T20:50:02.000000,17f0ad363830e699fa316115674d4c5d,15920,15920,0,,,
2023-11-23T11:07:01.000000,82485e19582e8ab644cf1d767cc1a36b,15920,15920,0,,,
2023-02-27T15:30:02.000000,6404c1d99d60d57bcc9a27ce68568687,15920,15920,0,,,
2023-12-30T20:53:34.000000,2e98bd77f87546cec767148d2f064e44,95520,95520,0,,,
2023-03-22T17:58:59.000000,98317a5b20dee4f636286a8666b0db55,15920,15920,0,2023-03-10T13:56:12.000000,kakao,12.17
2023-07-18T13:59:15.000000,7477895d797d574b01a4a7291a3bfc84,15920,15920,0,,,
2023-08-19T00:06:19.000000,40e1e0d58fdee9fc6e46e8b891351789,15920,15920,0,,,
2023-11-11T14:13:21.000000,6dc1f1b7fb7731df9930d351e24cc92e,15920,15920,0,,,
2023-07-28T19:04:19.000000,f667b9ead714f1da5d35f3ee92ab72e4,15920,14328,1592,,,
2022-11-18T18:59:05.000000,b62592e334042dd9c03ed6847bcc7c66,15920,3960,11960,,,
2023-12-31T23:04:13.000000,8c097a010638ec7d2f212449cfcde00a,95520,95520,0,,,
2023-06-25T23:52:04.000000,ab28585df2442a443eac0b4fe3997842,15920,14328,1592,,,
2023-10-11T15:53:30.000000,1d1007b88e5c7bbec15cd52f84d81571,15920,13532,2388,2023-09-20T03:00:32.000000,kakao,21.54
2023-07-31T18:59:34.000000,b38884e33845747be00fe1ac1fa7385d,15920,15920,0,,,
2023-12-12T01:39:41.000000,598bf0b241ddb52e798043931caeb1f3,95520,95520,0,,,
2023-08-03T09:47:05.000000,b0e5769bf0b05609ebef65f1aaebd208,15920,15920,0,,,
2023-09-22T11:21:21.000000,fa0766d2db3969a7a15073d0b492937d,15920,15920,0,,,
2023-06-17T09:23:09.000000,cd8a6de4a62052f7fe78c321f0002349,15920,15920,0,,,
2023-06-27T23:48:30.000000,e2127b7e4f4b7dd96cbbda3214bee2d0,15920,15920,0,2023-03-14T21:56:44.000000,kakao,105.08
2023-02-13T21:50:02.000000,1a5c3465bc316becd91d190a0b1d37e6,15920,15920,0,,,
2022-12-31T23:04:54.000000,e3dd86e1fbe8d3d1ae6d2667fbf8f5cf,79200,79200,0,2022-12-28T19:06:38.000000,email,3.17
2023-07-19T13:57:46.000000,4f78f10ede0550b953a8d8e0c022404c,15920,15920,0,,,
2022-11-25T12:48:45.000000,55760a00abbe1ef8279d420e97fc86f1,15920,3960,11960,2022-11-25T12:47:18.000000,google,0.0
2023-06-25T18:01:34.000000,ba54fc27c1d6c7d924d2f4da36b77e83,15920,15920,0,,,
2023-12-31T23:11:20.000000,fabae7930414931313ae0f20d046c39e,95520,95520,0,,,
2022-11-28T20:28:58.000000,71847a9c516495608aee68f6bc485fa4,15920,3960,11960,,,
2023-11-08T11:08:56.000000,0ad5222f0c69e300ea2ac974c0e858e0,15920,15920,0,,,
2023-12-16T20:04:50.000000,e213b47fd778d41e68466b1be32624b2,95520,95520,0,,,
2023-05-25T11:21:57.000000,461661a6eec9a501666a73e3c598180e,131600,131600,0,,,
2022-11-07T10:15:01.000000,fc52c92792b44f3f461ddc1167aa90a1,15920,15920,0,2022-09-29T21:33:01.000000,kakao,38.53
2023-09-27T17:54:24.000000,45759a2df6bfb6188339c3a95000746b,15920,15920,0,,,
2023-06-18T22:10:07.000000,6bbc60323e4be3794e7f767fec93cfdf,15920,15920,0,,,
2023-08-02T11:23:40.000000,3767d4c7a827422fccf61d45ae889669,131600,131600,0,,,
2023-07-20T21:58:28.000000,248f0792986c4c5207a8e126597d4d04,15920,15920,0,,,
2022-12-31T15:36:59.000000,2aae31311b857d74de43828871f321d0,79200,79200,0,,,
2023-11-09T05:20:02.000000,3f06957ca333d7339184b24ec4fbe88f,15920,15920,0,,,
2023-04-26T16:20:02.000000,7f515939e0298ea352c40a466fa1c8d9,15920,15920,0,,,
2023-11-07T18:25:38.000000,277e02a4b9dc811ec684d3cd2a98bf33,15920,13532,2388,2023-11-05T04:03:11.000000,kakao,2.6
2023-05-13T14:43:53.000000,a50d09fb901ef1572e6cb543f3bf51c1,15920,15920,0,2023-03-10T20:41:40.000000,kakao,63.75
2023-04-01T15:00:02.000000,43a3eaf9ffa34aa8e0a938c5f158d6cd,15920,15920,0,2023-03-11T17:48:20.000000,kakao,20.88
2022-11-14T19:45:02.000000,12df81eb070929dbc64ebe17fc95176e,15920,15920,0,2022-11-07T16:42:05.000000,google,7.13
2023-01-19T14:47:52.000000,cd30a04bb15d616812cea952d2c4800b,91200,91200,0,,,
2022-12-31T11:39:14.000000,338a4fe6fdc8d0164a186d79b51282d3,79200,79200,0,2022-12-31T11:34:14.000000,kakao,0.0
2023-05-23T07:39:23.000000,2a6a92cd225063a886c0a5b13c9f9e3a,15920,15920,0,,,
2023-11-22T22:21:33.000000,e8f64fc5f6cc281f0c5f1eef3d89ce72,15920,14328,1592,2022-12-19T23:08:30.000000,kakao,337.97
2023-07-22T14:07:43.000000,4dec5fe736cc480f5037afa8a62ccce5,15920,15920,0,,,
2023-01-11T13:19:36.000000,2a59e105bf351107725a6f2ef7a8a892,87200,87200,0,,,
2023-10-14T00:06:05.000000,1e20f073fe99e24573d7f7c7ba0f73cc,15920,15920,0,,,
2023-09-05T23:58:44.000000,f3659da4a451d1c8fd6373ac541c052e,15920,15920,0,,,
2023-07-12T19:27:23.000000,f92e007bbc7acbe7e45d140dc1d82e58,15920,15920,0,,,
2023-01-31T22:33:05.000000,dc6f55fbd2b4507c6559d5fc63b748bf,95200,95200,0,2023-01-31T21:27:26.000000,kakao,0.05
2023-07-28T21:34:08.000000,03521bf0b9a532ef3d8996209286192b,15920,15920,0,2023-07-23T11:30:51.000000,kakao,5.42
2023-04-06T17:00:06.000000,aefd2d8b617f311b866d0387b0e53fcf,131600,131600,0,,,
2022-12-31T17:31:58.000000,0b7c33ea210aa2b051e3061d1a3c3751,79200,79200,0,,,
2023-07-14T14:31:20.000000,f5464ec42d87e0f32806b916d0414b2e,15920,15920,0,,,
2023-12-21T10:40:57.000000,4734c68234f181d45ec4b0ed861dca19,95520,95520,0,,,
2022-11-22T19:30:02.000000,c73888aaddf52c2a3774bee5b73931be,15920,15920,0,2022-10-03T17:39:47.000000,kakao,50.08
2022-09-28T14:35:01.000000,5d96b7901b9a7cad616097a459564036,15920,15920,0,2022-09-21T01:03:03.000000,google,7.56
2023-12-31T22:46:31.000000,f05a6a9b438181866233d7d702d7ac68,95520,95520,0,2023-10-30T01:37:20.000000,kakao,62.88
2023-01-24T21:55:19.000000,0ee053bb439a3cbf12ffd7dcd5b5fbf2,91200,91200,0,,,
2023-12-28T16:58:40.000000,0c297599c573a50176f936e65b9e9bd0,95520,95520,0,,,
2022-11-30T20:36:52.000000,d99db010f67a54dfc9df422f5e2440cf,15920,3960,11960,2022-11-30T20:34:58.000000,email,0.0
2023-04-12T10:15:02.000000,bd854b499e677f0dd22714517d163dd3,131600,131600,0,,,
2023-07-31T14:53:34.000000,e15ddec167b7ca9cd5ac1e03772ec5fd,15920,14328,1592,,,
2023-08-10T22:32:53.000000,a917a88bfc61efbbe33f14b0b3c15a93,131600,131600,0,,,
2023-01-03T20:19:52.000000,a54343416d099d43b9a76a743e90ba49,83200,83200,0,2023-01-03T20:14:10.000000,naver,0.0
2023-07-14T09:13:59.000000,2e983254a776fdaf32c771e1594f8686,15920,15920,0,,,
2023-06-20T19:54:45.000000,fd55928aa5355266757a7f9716cffad2,15920,15920,0,,,
2023-06-25T22:43:16.000000,d1f5a3874ee3c40c226ef82627e4ed1f,15920,15920,0,,,
2023-05-05T19:44:00.000000,d9c31acd9b47f7a086bd26fa92b94e90,15920,15920,0,2023-05-05T16:54:06.000000,google,0.12
2022-11-17T16:32:17.000000,77d2d983c6d0b8fab646c52a381cf210,15920,3960,11960,,,
2022-12-15T15:55:02.000000,d356f962902b05588a02a16a60fc167e,79200,79200,0,,,
2023-12-13T18:34:38.000000,30799d2a9b25faf38df5fa78fcdd5edd,95520,95520,0,2023-12-13T18:32:45.000000,email,0.0
2022-09-21T09:10:01.000000,f4bca0606c96da0f4806c8e1d3ff2fba,15920,15920,0,,,
2022-11-30T16:37:50.000000,138de083191c8b1efa263dc71a9c0d4d,15920,3960,11960,,,
2023-01-31T17:50:40.000000,74b5979f9113cac578307fcdfaea592e,95200,95200,0,,,
2022-12-31T23:12:35.000000,df03d901ce5a9d834adfc1e3a2c50905,79200,79200,0,,,
2023-01-11T10:25:59.000000,6bc20331e6ec0dc12555272e7cd03867,87200,87200,0,,,
2022-11-29T00:37:44.000000,4efd4e2106f2b292f89454273f72b8c0,15920,3960,11960,2022-10-03T18:56:48.000000,kakao,56.24
2023-10-19T20:15:30.000000,6d87d497ae270ca00b17a17c800416b4,131600,118440,13160,,,
2023-07-01T16:37:23.000000,8b08f6bc6830dcfae7d4a26d47fef62c,15920,15920,0,,,
2023-04-03T06:45:02.000000,36183f6c38fa7566007126807001789d,15920,15920,0,,,
2023-12-09T12:34:40.000000,13c0bc4e769a419cf1bf959a2be5ec9e,15920,15920,0,,,
2023-10-23T16:01:23.000000,62e1db7ec4a3e579999452d67084cac6,15920,15920,0,,,
2023-04-05T16:18:11.000000,3a184f72386071faf17f156b46ba338d,15920,15920,0,2022-10-26T22:37:19.000000,kakao,160.74
2023-04-04T20:30:02.000000,34d8438789fa884fa73f08df5f997c9e,15920,15920,0,,,
2022-12-30T19:42:10.000000,8ac05f6e10cdb0d0f62b285642c53532,79200,79200,0,,,
2023-09-01T23:53:27.000000,5f384311e677849df108437397e84633,15920,13532,2388,2023-06-16T12:45:25.000000,kakao,77.46
2023-02-22T09:15:01.000000,42a41eaf1c11accc6cf0d294295a8a1b,131600,131600,0,,,
2023-01-19T16:27:21.000000,09945708c0d508acf4eea0e01520c0ac,91200,91200,0,,,
2023-01-02T15:02:48.000000,b3c93e0c47b7994936afafdb1c52e178,83200,83200,0,,,
2023-07-31T15:27:51.000000,435bad292890a775481ee50864272403,15920,15920,0,,,
2023-07-06T14:05:01.000000,6d36986b3b464a4f68fd2a06305c9927,131600,131600,0,,,
2022-12-31T10:55:18.000000,2173b03e01a7e08498ff24bef1386d54,79200,79200,0,,,
2023-06-25T23:49:31.000000,dcab57747f784b9ed31f6e104432b14b,15920,15920,0,,,
2023-01-13T11:20:18.000000,01d5625050b52875e668c8c47c0e4cde,87200,87200,0,,,
2023-12-25T13:49:23.000000,ef467e63275e0c206919eeecdcea1a47,95520,95520,0,,,
2023-08-02T16:36:59.000000,b40849abfbdafefdeb356b0e181cf251,15920,15920,0,,,
2023-12-26T21:43:21.000000,226c41525f282ba22370873a68584404,95520,95520,0,,,
2023-02-19T10:05:02.000000,78093fd2ae5287691cf73c55a725bc6c,131600,131600,0,2023-02-12T10:00:20.000000,kakao,7.0
2023-10-25T16:27:29.000000,942d2b4490630a8710cd24c806e402f6,15920,7960,7960,,,
2023-09-10T23:23:57.000000,5359bb070477d1d810e516d6179afb04,15920,15920,0,,,
2023-09-18T17:49:46.000000,930d550b7a3f64689d66cca82b617906,15920,15920,0,,,
2023-09-26T13:05:11.000000,23f418c29b17ebcd570bdd10f258f946,15920,13532,2388,2023-09-25T13:23:28.000000,kakao,0.99
2023-06-25T22:07:45.000000,f94188242cf1ddef61adf180c0d58577,15920,15920,0,,,
2023-12-27T23:54:35.000000,c4cd2a351011de8a8c58ea82add6fdda,95520,93520,2000,,,
2023-06-20T11:50:38.000000,d74ea0276959d1c07930e013c3218a2f,15920,15920,0,,,
2023-09-12T00:53:43.000000,3f21b3e1f0af7b5dcdc7e56b1d4c29cc,15920,15920,0,,,
2022-12-30T15:15:30.000000,46bf6bf94c857565b9185169625e3500,79200,79200,0,,,
2022-12-26T08:14:26.000000,7782bb59bcb17ec75ae6dd7259d3cf98,79200,79200,0,,,
2023-07-17T16:08:17.000000,c2f897304c6395a3ca49d058956b2f23,15920,15920,0,,,
2023-01-29T08:59:47.000000,c4f1d9a1cc524e237d86da0bf0a23f8c,95200,95200,0,,,
2023-04-24T20:05:02.000000,1655835f85f9a8701fdbe8746382d9f9,15920,15920,0,,,
2023-05-04T19:40:03.000000,0b4ba10a8c3d6dfac5ba796919a7315d,15920,15920,0,2023-04-27T19:28:57.000000,kakao,7.01
2023-02-27T20:35:02.000000,44dec6802de906c3485029b7ffa6a18e,15920,15920,0,,,
2022-11-07T10:10:01.000000,690bd887ce861649f754d535580a60fc,15920,15920,0,2022-10-27T21:36:41.000000,kakao,10.52
2022-12-20T22:04:57.000000,812495c9c96fdd44632f2101a6580bd2,79200,79200,0,,,
2023-08-17T12:28:22.000000,30261ed995d3b91691a70da0b46c479e,15920,15920,0,,,
2023-05-04T21:15:04.000000,74c2ef1d23202038e74a4e4eba9a0a40,14328,14328,0,,,
2023-12-28T20:21:48.000000,3d296d243e90a19aa707ac0a5f305542,95520,95520,0,,,
2023-09-28T14:00:14.000000,60aae8c42315d8a36ff927c30dff9a13,15920,15920,0,,,
2023-12-25T16:19:45.000000,9637e5384e208361ade6abf8cb97ec74,95520,95520,0,,,
2023-08-31T15:37:41.000000,5963ab2018bf17b243de0e5975caac39,15920,15920,0,,,
2022-10-01T19:38:27.000000,41aa0116e4ddf9f13e4ccabd7f1f8040,15920,15920,0,,,
2022-12-21T08:58:22.000000,f9cfe1c9245284cf06992b04353775ca,79200,79200,0,,,
2023-12-31T19:38:47.000000,b8aa2698013de40dbfcd2db1fd56f458,95520,95520,0,,,
2023-01-30T22:03:44.000000,938cdc0defe7f7f2c0ba3bd2f2bd339f,95200,95200,0,,,
2023-01-31T14:19:10.000000,00e860e85ed5999067c0d666d331c977,95200,95200,0,2023-01-31T14:07:55.000000,kakao,0.01
2023-10-06T22:13:08.000000,5221a91fa19d12eafacd403477cae9d1,15920,15920,0,,,
2023-07-11T21:42:34.000000,5319cec4d1e6adc224bc0c623545ac1d,15920,15920,0,,,
2023-12-26T20:56:45.000000,9c417e685b4a080b95ab13a5b97c16c7,95520,95520,0,2023-12-26T19:31:05.000000,facebook,0.06
2022-12-13T12:09:53.000000,eb9836d5ef12785a9a7ac70739d7792f,79200,79200,0,2022-09-16T21:35:20.000000,kakao,87.61
2023-08-15T19:24:54.000000,80778a57f6e80e2ae81ff5b7c9ef4d24,131600,118440,13160,,,
2022-12-24T16:55:20.000000,1c1611ad491861dd509797f2df84b233,79200,79200,0,,,
2023-12-29T22:37:30.000000,6032a27a348504a2be30ac79256a6163,95520,95520,0,,,
2023-06-20T21:51:39.000000,641e72ac20c8abee556c72da3a99abb4,15920,15920,0,,,
2022-11-25T11:47:05.000000,73d49e4f74ff228892ecfb1ef18f6fdd,15920,3960,11960,2022-11-25T11:43:34.000000,kakao,0.0
2023-01-21T18:02:13.000000,e1b130ef430190e17878fd39ce711735,91200,91200,0,,,
2023-01-10T22:26:20.000000,b1f130b9ed6b0985de1e515a24b45576,83200,83200,0,,,
2022-12-31T22:18:22.000000,db94bc0cd9bc40fe97ea3d8e6712e427,79200,79200,0,,,
2023-01-10T21:14:06.000000,346b9015489bdd6487b209e7d90a0897,83200,83200,0,,,
2022-11-28T22:57:00.000000,6e78e335fc613ba1844a207e043c89a0,15920,3960,11960,,,
2023-10-08T19:23:25.000000,bfcf375eec20bdbe72b3a694d783691c,131600,131600,0,2023-10-03T19:33:00.000000,facebook,4.99
2023-01-03T16:05:14.000000,f7d0e362682fb39bedd87f9cbe2d6e61,83200,83200,0,,,
2023-01-17T00:08:40.000000,e0e76dde87a77288aaeedb2a139979ef,87200,87200,0,2023-01-17T00:06:37.000000,kakao,0.0
2022-11-30T16:30:07.000000,6f9b90dbafb1df78455f02908c46cc28,15920,3960,11960,,,
2023-08-19T16:34:07.000000,af821b66d96e755f8b4bd54c76237392,15920,15920,0,,,
2022-11-30T21:42:20.000000,cc91375190e2c128e4e1f4d60d003ca4,15920,3960,11960,2022-11-30T21:30:32.000000,email,0.01
2023-12-22T10:27:00.000000,a4d85bf6396b9f66edb23db811560dd7,95520,95520,0,,,
2023-01-16T17:26:12.000000,ac657a5a7e2c96588d95542abf60e5f8,87200,87200,0,,,
2023-07-04T17:54:16.000000,0c84f98df0393a038b0347e74f8e530f,15920,15920,0,,,
2023-11-03T17:34:45.000000,b43c90f39af50c63b0d56aa74e195707,15920,13532,2388,2023-11-03T16:59:46.000000,kakao,0.02
2023-10-01T01:38:07.000000,a7c41668df60b010a7ecf21610beb006,15920,15920,0,,,
2023-01-31T00:36:21.000000,0a2f913058cef7e88d0f4c0c8de0453b,95200,95200,0,,,
2023-05-30T18:17:07.000000,492a1a46d68ee3f13c8bb0fd72bc3485,15920,15920,0,2022-09-07T11:30:54.000000,kakao,265.28
2023-01-09T21:52:40.000000,e48fcccaf99fb7bca5a724ea8d8688e7,83200,83200,0,,,
2023-01-12T16:36:13.000000,0b0931ce70ddee45d07b4f438a852efe,87200,87200,0,,,
2023-01-21T21:58:22.000000,7722932bf41bc2787aa7aabe2d9e8c6b,91200,91200,0,,,
2022-11-16T17:08:52.000000,91360477d5bced83ddfcf67cee52a301,15920,3960,11960,,,
2023-08-10T20:28:07.000000,7e7a0eefb811d7b249c8668f81d6454d,131600,131600,0,2023-08-09T12:56:26.000000,google,1.31
2023-08-02T12:35:58.000000,e13752176ca0a6c575b18f2197d28dd8,15920,15920,0,,,
2023-01-02T13:44:19.000000,e842a8c98af30bc014efcea459a98b97,83200,83200,0,,,
2023-06-21T18:16:44.000000,883e16ca2cf00c5a820ba65889684330,15920,15920,0,,,
2023-01-22T17:27:35.000000,6890b87cd690be4c4953186d0684965b,91200,91200,0,,,
2023-09-27T12:15:33.000000,fd39e3d84735f2898ed29c955966ad28,15920,15920,0,,,
2022-11-23T00:25:16.000000,e0e82a473e98c8b723434be52bbb5418,15920,3960,11960,,,
2023-07-16T12:44:50.000000,e7f53f9a7e03c944565be920d32529fe,15920,15920,0,,,
2023-03-29T14:35:08.000000,9ee7e7960645e9582b5ca9d9bfa4695a,15920,15920,0,,,
2023-04-11T18:20:53.000000,dbdecf19d03335421d38c4eb1d4fa96c,15920,15920,0,,,
2022-12-28T11:43:10.000000,3ab148f75eedff8a34054e7ae314319e,79200,79200,0,2022-12-28T11:06:11.000000,naver,0.03
2022-12-16T07:01:59.000000,009e388a4a3b03d84d046c68da496bb1,79200,79200,0,,,
2023-04-09T17:10:02.000000,02e91332e38f0d9216355aad4203acc7,15920,15920,0,,,
2023-10-23T23:13:05.000000,85dbb55d5d81967184ddf0cc250cef85,15920,14328,1592,,,
2023-12-12T03:15:12.000000,0a8e61e6f9ee86f3f14c27f2c998bd36,95520,95520,0,,,
2023-07-30T20:15:59.000000,6a63544500fcacc9946bee35408b7e08,15920,15920,0,,,
2023-09-14T09:03:10.000000,51cfd8e30cb4a2faeb9bbf9399766874,15920,15920,0,,,
2023-01-31T10:57:22.000000,b02511eef29159e745ce6b186f5521c3,95200,95200,0,,,
2022-09-20T21:00:02.000000,1721ac32c41cb4fca495104fed7d7e04,15920,15920,0,,,
2022-12-31T10:07:32.000000,2fb7f13956aa73d5799cb61eec883513,79200,79200,0,,,
2023-03-21T22:45:02.000000,0b3f816f3fca3737099841d7769c7c96,131600,131600,0,,,
2023-06-28T22:57:34.000000,53a3d5a48f7b06557d75d8de4327dfe8,15920,15920,0,,,
2023-01-25T17:45:46.000000,07878d749dab0fca282b5c28cadc07ca,95200,95200,0,2022-11-28T08:40:53.000000,kakao,58.38
2023-01-26T07:45:32.000000,7b845c099490936e966cf3131008ee9c,95200,95200,0,,,
2023-01-10T18:15:47.000000,7e96239f0375fcd1d94a5f5a37c4eaee,83200,83200,0,,,
2022-12-26T14:30:49.000000,eb0ff9e1ab7dbec7e41639cd631e48fa,79200,79200,0,,,
2022-12-31T17:44:34.000000,c2bf35be3118a53502768208395b7499,79200,79200,0,,,
2023-11-06T22:53:06.000000,3c5d9c1648ed16f29aede7adfc622fb4,15920,14328,1592,2023-11-05T12:06:43.000000,kakao,1.45
2023-11-23T13:35:11.000000,10c4ab1997c80bcd47f10608225eea59,15920,15920,0,,,
2022-12-27T09:50:43.000000,2effe87836da59611ecb35008ddcf852,79200,79200,0,,,
2023-04-18T21:00:03.000000,f4e577b6365bb406eb6891546184e856,131600,131600,0,,,
2023-01-16T10:44:44.000000,7aa6390d0bcecb6b1efe6e539dae4158,87200,87200,0,2023-01-15T00:17:07.000000,naver,1.44
2023-05-23T10:51:24.000000,d7f9d5dca75c2f6d94997f6903285233,15920,15920,0,,,
2023-06-22T16:18:12.000000,4343a62fe13721e29408f7080a37e71b,131600,131600,0,,,
2023-01-27T15:22:19.000000,e62f1802696fed190968b18cbc4aed87,95200,95200,0,,,
2022-12-07T15:56:59.000000,9893bbc45c525742c326bc5f0ba031fa,79200,79200,0,2022-12-01T17:05:53.000000,google,5.95
2023-09-04T19:19:22.000000,410e63d58434e3818726cf6ec04a2458,15920,15920,0,,,
2023-02-11T15:45:02.000000,d545da5d459c1c13fc210a1577c0afcd,15920,15920,0,2023-02-03T20:48:01.000000,kakao,7.79
2022-09-23T08:17:07.000000,dd038cd3b6630a91bf870d338b45d3a6,15920,15920,0,,,
2022-10-20T18:25:03.000000,ca187af669a4f52f0d265bfa22e6e33d,42960,42960,0,,,
2023-01-07T16:03:12.000000,5db3f82afec74793183d2d4e0fe839ce,83200,83200,0,,,
2023-09-16T15:43:41.000000,216f5c05a55ea2eb7a4629d6e0f3dd3c,131600,131600,0,,,
2022-12-08T14:46:34.000000,58d080564ea9da0d7fc537827d400f56,79200,79200,0,,,
2023-12-03T16:57:02.000000,2434280612bdc04b2b3e83b1507ceffc,15920,15920,0,2023-12-03T15:12:39.000000,naver,0.07
2023-09-26T13:34:53.000000,03376c82a2a3cb0b88f6ca1b072e3b9c,15920,13532,2388,,,
2023-10-05T20:52:45.000000,8f67b7663fdfb69e4db5a642a3efb4d0,15920,13532,2388,,,
2023-08-07T21:11:45.000000,bd5318fbcddb325dde11b53a98d4e2e1,15920,15920,0,,,
2023-11-12T20:29:23.000000,0d76a6864db7dd0417d4aa71d9e5d52b,15920,15920,0,,,
2022-12-24T13:18:18.000000,91c94d21e7dea92ded0864d3c9a0171a,79200,79200,0,,,
2023-06-25T22:04:06.000000,ecd320a869d4a9e2db9c919a76166730,15920,15920,0,,,
2023-11-08T01:36:05.000000,109abd121daf8df1b3d97dbb049e1117,15920,13532,2388,,,
2023-01-20T10:44:07.000000,8ba5c7653ba389b47bfad875b5e160ac,91200,91200,0,,,
2023-04-06T21:35:02.000000,4b3f47f74bf32918015974ebe5ef3be2,131600,131600,0,2023-03-30T00:19:10.000000,google,7.89
2023-12-21T21:06:37.000000,881e7f0698d070dd1a28f6dea70fb2f2,95520,95520,0,,,
2023-05-27T00:32:41.000000,aa36592e7212ec037433362e72054057,15920,15920,0,,,
2023-12-18T22:31:31.000000,8b4b240dedb8503fde088523a57ccdb9,95520,95520,0,,,
2022-12-19T11:37:38.000000,3167f0a8f419c7adf554b78a1444f1bd,79200,79200,0,,,
2023-12-28T17:13:43.000000,00ba8d734b536d04881cedc25f1daee9,95520,95520,0,,,
2023-09-05T23:23:31.000000,889b8fd157a1ecf4d1cf9b766fec5dc7,15920,15920,0,2023-07-22T22:45:21.000000,kakao,45.03
2023-12-26T20:19:24.000000,361bd5a4f414ac5bf4ca032bb22a3121,95520,95520,0,,,
2023-11-23T22:13:35.000000,35534cbbf6512531d5e673665f698199,15920,14328,1592,,,
2023-09-03T21:25:19.000000,e03ef6d74f1ecbfd1225c67722ed83bd,15920,15920,0,,,
2023-11-10T10:05:50.000000,9fc261c70d67c35d3eadca806c5c035a,15920,15920,0,,,
2023-03-20T16:45:10.000000,0ed7156b32ce5721a16a897ca9c3c775,15920,15920,0,,,
2023-05-29T16:58:31.000000,39309a22134bb50b3f4dfc0037753adf,15920,15920,0,,,
2023-01-04T22:53:13.000000,7647848cdcac8a141b89d77faca40f62,83200,83200,0,2023-01-03T13:37:44.000000,kakao,1.39
2022-11-26T11:31:13.000000,00f5b00b0cd80c9613616dbbbaf0e170,15920,3960,11960,,,
2023-04-27T09:55:02.000000,9513fa159cc7096a517cb10e93d6b661,15920,15920,0,,,
2022-10-10T12:00:03.000000,68d4008482a9a7aa8f61aace7d8516d4,15920,15920,0,,,
2023-07-21T15:16:14.000000,69e3b3a1f8ef88e06ee00af58ee0d6d0,15920,15920,0,,,
2022-11-30T08:36:15.000000,3446388f043bf73292dfbd9c8dc020be,15920,15920,0,,,
2023-11-19T23:24:52.000000,2d5324ecdd7396d61f32d27ff25dcf01,15920,15920,0,,,
2023-06-30T12:02:29.000000,7d1028c7db55b700ad61de77ca948c24,15920,15920,0,,,
2023-11-19T22:03:33.000000,7070339649d5df5f3aba55817a896a98,131600,111860,19740,,,
2023-09-04T08:22:46.000000,957ccd7926b3f14bb1706109d02c9bbe,15920,15920,0,2023-09-04T08:10:08.000000,email,0.01
2023-12-31T23:25:40.000000,37eadf60f54f84e1f4fe35b030b04de7,95520,95520,0,,,
2023-01-31T11:50:59.000000,ffaa305f261d35334e39598a3c370019,95200,95200,0,2023-01-31T11:48:06.000000,kakao,0.0
2023-12-06T14:01:44.000000,ff75d8090b2b00b5c3d996033b8a6035,15920,15920,0,2023-12-05T23:00:47.000000,google,0.63
2023-07-05T11:33:27.000000,bc3127dcbd959a0589cec36b9a1449a8,15920,15920,0,,,
2023-12-19T21:43:28.000000,69502397d7832f7a25684cc835475922,95520,95520,0,,,
2023-09-05T13:53:34.000000,f9314c91ee6d06cc1695329a73d09b12,131600,131600,0,,,
2023-05-11T16:18:43.000000,caa073f29c8f4ba9f9bd68918df0d424,15920,15920,0,,,
2023-10-10T15:20:13.000000,9eec721a1a1406bcf623272b5f761ce6,15920,13532,2388,2023-10-10T13:57:51.000000,email,0.06
2022-12-03T04:06:11.000000,4256d2822ab58537b9fb03373796b374,79200,79200,0,2022-11-12T15:04:57.000000,naver,20.54
2023-05-09T14:28:49.000000,9bb351bacfafbaaa6a619fb8e61b3c98,15920,15920,0,,,
2023-05-13T13:24:00.000000,bb2d0b9e5472af0d33ea00f135b5ce07,15920,15920,0,,,
2023-04-10T20:36:17.000000,fe6d94a6d1b9bf50639ec11f4f7f8618,15920,12736,3184,,,
2023-04-27T17:50:02.000000,d3d0ea79354dc0cb2fb81ae7c0bc5275,131600,131600,0,,,
2023-07-27T19:03:52.000000,0292f9b9e5eee6d5419862b20151993e,15920,15920,0,,,
2023-07-20T00:43:41.000000,63ac45c9804e71642ef5e800ff946f5d,15920,15920,0,2023-07-02T21:37:18.000000,kakao,17.13
2022-11-20T19:47:30.000000,3cb52231a8c94f2b0a05d5badcb8fcf9,15920,3960,11960,,,
2023-12-15T20:39:03.000000,92e6ddba55abe8966b91ea43182661d1,95520,93520,2000,2023-12-14T21:07:12.000000,kakao,0.98
2023-11-07T16:21:21.000000,6985ab2330385eb2170c991891cd6c86,131600,131600,0,,,
2023-11-04T16:29:30.000000,35c2a6ee71517a59831af4f3c0d821ce,131600,111860,19740,,,
2023-02-16T15:25:26.000000,a086991fab126bf4e393e5e18aff1075,15920,15920,0,,,
2023-11-07T14:37:50.000000,a291090c7ba14678824754aa0b6e0522,15920,13532,2388,,,
2022-12-06T21:42:54.000000,460704364a29b1dafc929cc1310f617e,79200,79200,0,,,
2022-12-29T19:21:43.000000,36bdb4aebc37cbed5eb55faea31d62ac,79200,79200,0,,,
2023-03-19T20:00:02.000000,2ba286fefbc429434da248afe5dae941,15920,15920,0,2023-03-12T19:42:14.000000,kakao,7.01
2022-09-26T00:10:02.000000,fe47fabc4baa52ef9f85cd749349a33f,15920,15920,0,2022-09-18T13:41:09.000000,kakao,7.44
2023-11-20T00:15:29.000000,3525d3dc5fbe8989aa189a4db04620b0,131600,131600,0,,,
2023-10-13T14:43:16.000000,3c65dc96dfdbf05a65535a6c6b7bbdcb,131600,111860,19740,2023-07-28T16:31:41.000000,kakao,76.92
2023-01-31T00:11:38.000000,f81959d7bb103b92182c0166289199b8,95200,95200,0,,,
2023-08-14T20:48:44.000000,d24a5addf7e0bc41dd9dd1d953a70d68,131600,131600,0,,,
2023-08-24T19:53:38.000000,30e94f17f265869b2f13ba1329d8a8f0,15920,15920,0,2023-08-24T16:02:30.000000,kakao,0.16
2023-03-26T21:15:02.000000,4b65fd9582f88d177fe6b1a2841ab00f,15920,15920,0,,,
2023-03-23T20:20:02.000000,70dcbfa267e1b8b3c92c49039d7c7ac6,131600,131600,0,2023-03-15T00:00:12.000000,kakao,8.85
2023-01-17T15:00:18.000000,392e74f52ce55e5cf1301454419c6251,87200,87200,0,,,
2023-05-26T00:19:13.000000,70f4f12cbb50fb10a90de0162bf561c9,15920,15920,0,,,
2022-12-30T01:39:33.000000,b4ba5d9a4fff7a3373745cb40dcf6521,79200,79200,0,,,
2023-05-03T16:14:14.000000,34447321eef745fe12ba43b5725e8794,15920,15920,0,,,
2023-01-02T10:36:21.000000,cbab7d81cdcaa699007b44d5466baddd,83200,83200,0,2023-01-02T10:30:48.000000,kakao,0.0
2023-09-01T00:54:51.000000,3a926c403033aeb6ecba9478db8c4945,131600,131600,0,,,
2023-01-07T18:17:25.000000,5a65910fdd905c21ee27c60ca8912e69,83200,83200,0,,,
2022-12-31T18:32:45.000000,b6e819eff3edea499b52e9518fa61358,79200,79200,0,,,
2023-10-23T13:36:59.000000,52feab1ea1803e5a8994b0268f94dd24,15920,15920,0,,,
2023-03-22T23:55:02.000000,dc43fff24afe7e97c8684aef5d870b7b,131600,131600,0,2023-03-15T23:42:52.000000,kakao,7.01
2023-09-28T09:30:42.000000,f60a29c6ffbb3e4db82190c9be0d53d9,15920,15920,0,,,
2023-06-19T18:09:02.000000,a8f06b43282c4be839ce132e5db63bea,15920,15920,0,,,
2023-03-27T23:45:02.000000,79e95959e073f991f793e1058921d703,131600,131600,0,,,
2023-03-02T00:05:03.000000,23d7093b0569d256c84b13a8021960ad,131600,131600,0,,,
2023-01-10T21:43:39.000000,2093bd4073127a8b137c7d3e1ff66f93,83200,83200,0,,,
2022-12-26T13:16:18.000000,e1a2ee9eba017a841102c750582ca526,79200,79200,0,2022-12-26T13:13:59.000000,google,0.0
2023-01-31T11:47:02.000000,214afd92965383b1160222d3c6304d54,95200,95200,0,,,
2022-10-25T12:50:03.000000,46359713153299517034e1ad6df6e3a9,15920,15920,0,,,
2022-11-30T23:50:33.000000,92c30cbba2bffe2a78432025526f6200,15920,3960,11960,2022-11-30T23:49:49.000000,naver,0.0
2023-07-31T22:36:52.000000,aba2e8aff08fa4a6f06f15ed90b81367,15920,15920,0,,,
2023-10-27T01:07:57.000000,e9ce63ad42b264068df1d10b25a85198,131600,111860,19740,,,
2023-08-09T17:55:59.000000,abac66ee888acd8340da744a8ec12f5f,15920,15920,0,,,
2023-08-28T12:17:08.000000,94be6a2f4792ec58ded50f09f36b1222,15920,15920,0,,,
2023-03-20T17:50:03.000000,326a1460070ddb2ee382276245bd87ef,131600,131600,0,,,
2022-09-09T19:15:03.000000,9f2df70ba6b618fd36b589a7235476fc,15920,15920,0,,,
2022-11-25T22:47:30.000000,8c5c3192f3d53efdd7652ca3dbb713a7,15920,3960,11960,,,
2023-10-06T20:10:21.000000,cd4bb52fc1c0e8a7f1457c5b3ab11cd7,131600,131600,0,,,
2023-06-21T21:14:52.000000,1e2d7ba43263f096c3487159b75b6896,15920,15920,0,,,
2023-11-15T17:48:28.000000,577dd57c76966b1391b9fa8baddf3576,15920,15920,0,2023-11-07T11:37:02.000000,google,8.26
2023-04-01T00:10:01.000000,35ecc39f4d1e1b8ece02fa2a1c39a63f,131600,131600,0,,,
2022-09-24T13:46:31.000000,62ef3d4d0809c8a77a5890162dd1116b,15920,15920,0,2022-09-14T07:09:07.000000,email,10.28
2023-11-07T12:35:09.000000,55424d6360c730b51c5db8ea7d3f4a98,15920,15920,0,,,
2023-07-31T21:40:04.000000,851bd9ac6b6bb56307cdea03f1c8a92b,15920,15920,0,,,
2022-11-23T21:41:53.000000,0c4b2d0cb9352556f6dc9ecfa116ee04,15920,3960,11960,,,
2023-01-24T21:40:03.000000,e9db5f336b19d4cd2091a9fb19a0c2d3,91200,91200,0,,,
2023-10-21T00:05:38.000000,5dae0d577590476a253fc93a66f1a11a,131600,111860,19740,,,
2023-05-12T00:38:35.000000,acf009ecb0636ac9b6badfd1be34bf75,15920,15920,0,2023-01-16T15:30:52.000000,kakao,115.38
2023-03-26T19:40:02.000000,f71c869658a4eef1b29b6bbcc1df0144,131600,131600,0,,,
2023-11-12T08:59:46.000000,8e7525eb1ce96898a861eb6585051f7a,15920,13532,2388,,,
2023-03-17T16:30:02.000000,f922af9e2dba98a554dbfbbcfa377f7d,15920,15920,0,,,
2023-01-24T20:59:03.000000,166308d9122d164cf91a1031c876530c,91200,91200,0,,,
2023-04-30T18:59:02.000000,32f09fdd0ab47502ceb4c1e0a9500131,131600,131600,0,2023-04-21T13:30:44.000000,kakao,9.23
2023-12-29T18:36:23.000000,0573def503842c3576abd366a21559a9,95520,95520,0,,,
2023-01-12T16:30:03.000000,645dd08fe724c450100cebe2315ff88b,15920,15920,0,2023-01-12T00:48:21.000000,kakao,0.65
2022-09-30T20:05:02.000000,64a154e2e94ddd8086b98c12dafa6d32,15920,15920,0,2022-09-27T19:59:43.000000,kakao,3.0
2023-02-28T19:05:02.000000,85c7135620883d944c2afd53f285e3b6,15920,15920,0,,,
2023-06-13T16:20:07.000000,b4dfc99308dcc69986eafc325426769a,15920,15920,0,2023-06-12T18:05:14.000000,kakao,0.93
2023-12-18T12:14:58.000000,5abb6d8401b9221f5a23b2bc6b01edef,95520,95520,0,2023-12-11T09:11:42.000000,kakao,7.13
2023-11-30T23:08:13.000000,2095eb7b0c48c3fc6e02da30ccd74cee,131600,111860,19740,,,
2023-07-04T13:13:00.000000,3e88537de32cbdd368191b5e73a74904,15920,15920,0,,,
2023-07-25T10:30:04.000000,8a903ac137845a723ab699c4cf5720d9,15920,15920,0,,,
2023-05-08T17:35:54.000000,2dff8489aff8c559580385eef9ea51cd,131600,131600,0,,,
2022-12-28T20:51:36.000000,042f24dd53c078b6976a38921d7de827,79200,79200,0,2022-12-28T20:50:13.000000,naver,0.0
2023-08-01T14:57:55.000000,f20f408bd6387abb063b7da56a506bcd,15920,15920,0,,,
2023-10-26T19:16:23.000000,b9ea5df19a146eac38b2931c509bf6d3,15920,15920,0,,,
2022-11-28T20:19:49.000000,e6889a622e44b806339268f9f2533e27,15920,3960,11960,,,
2023-07-10T15:52:01.000000,59338e57f67f547d0fb13b6ff05762c3,131600,131600,0,,,
2023-02-24T10:15:02.000000,3799cdbe767d1bb0731aa9bb721e4726,15920,15920,0,,,
2023-01-10T19:16:11.000000,16f16c6a81245a5a004a069b9b04bc50,83200,83200,0,2022-09-20T08:36:38.000000,kakao,112.44
2023-12-24T09:15:31.000000,3f1bc5cf86fd91a07e39e218f88975ad,95520,95520,0,2023-12-24T09:14:19.000000,kakao,0.0
2023-09-25T21:33:32.000000,c0bba8d3cbede149b04d9a459342ac48,15920,13532,2388,,,
2023-11-06T19:08:45.000000,1590ecf4ffda8062c2266464a1433ad2,15920,15920,0,,,
2022-11-30T00:11:17.000000,941758331dbf453c67530b374c16ec50,15920,3960,11960,,,
2022-12-26T23:35:33.000000,e612b77630620c79cfe3b96ecce84c79,79200,79200,0,,,
2023-01-10T21:02:50.000000,4a8d788c97a475bad233f3d8b66dc728,83200,83200,0,,,
2023-05-05T10:22:16.000000,6bc746ff774a3e93dfe4b22c7774d16f,15920,15920,0,,,
2023-05-04T21:57:33.000000,89880f530e1f0902d67a63445b4cae14,131600,131600,0,,,
2023-12-30T09:51:40.000000,cfdd166c6872d1b9117341d1f0d18003,95520,95520,0,,,
2023-12-26T21:55:06.000000,0b66a74563cc06659c036a5861742f2a,95520,95520,0,,,
2023-08-29T10:41:11.000000,ad07d5ce0a1851cfd209fc07a089f3f8,15920,15920,0,,,
2023-07-06T10:28:42.000000,ac15d965cf56185f74b34780b66d4434,15920,15920,0,,,
2023-07-23T16:41:18.000000,40ae5ab8ac5994331650746ba48d5a2e,15920,15920,0,,,
2023-01-26T15:54:03.000000,82178d7c3097a3321ab4e96d7f6d2c49,95200,95200,0,,,
2023-07-31T15:49:42.000000,c0848218e63afc344f0cbdbac3192cc1,15920,15920,0,,,
2022-12-31T20:42:11.000000,42400de8b8976526522ef9407a59da34,79200,79200,0,,,
2023-07-01T23:32:40.000000,258a9a6c51d87ecf7a01720b00ecacd6,15920,15920,0,,,
2023-04-13T23:20:01.000000,aec496c690b04a8047a6596f3fd7253e,131600,131600,0,,,
2023-07-05T20:48:37.000000,e7347ed697792ee47f8d73b17b9e8d7f,15920,14328,1592,,,
2023-11-26T10:27:41.000000,c3dc29700c5e61fa09f69753010b74d1,131600,131600,0,,,
2023-01-03T01:22:13.000000,00899af94f69f815f1629394321e301e,83200,83200,0,,,
2023-04-18T23:05:02.000000,a259f91ccffa6267f4654e35e9595985,15920,15920,0,2023-04-11T22:42:31.000000,kakao,7.02
2022-11-16T19:27:16.000000,d279d7f9673e9f598e67eaade5a25cff,15920,3960,11960,,,
2023-02-08T11:20:02.000000,11fad0a04d824c87553396f7d6284f80,15920,15920,0,,,
2022-09-15T17:30:02.000000,68e4e4e3a511cf48d88392030b0fb9fc,15920,15920,0,,,
2023-12-26T14:07:47.000000,2f8f7a12b847f028226f86d4281dee05,95520,95520,0,2023-12-26T14:06:56.000000,email,0.0
2023-07-08T17:28:47.000000,0df69c932e67c312db1eae3d266657b3,15920,15920,0,,,
2023-11-17T10:41:53.000000,8fdd946088e09e16876be2bf335a5542,15920,15920,0,2023-11-16T19:09:01.000000,kakao,0.65
2023-07-20T21:25:55.000000,c8df4c6845ffd7b112ffc0659e03fabe,15920,15920,0,,,
2023-12-31T23:15:02.000000,df1a8321463bae5c810eba2d0220864c,95520,95520,0,2023-11-07T21:30:03.000000,kakao,54.07
2023-08-03T22:22:49.000000,a6690b209a502df77647f7c64f9635d1,131600,131600,0,,,
2023-08-17T22:49:08.000000,77bf0a07c0d0eb4de54f364a90fdd1ac,131600,131600,0,,,
2023-01-17T14:00:27.000000,64b0110e9692256e7d3b51f5c96fe75c,87200,87200,0,,,
2023-01-17T23:04:51.000000,caf1c36822451d1f8d3351e170cf2bac,87200,87200,0,2023-01-17T21:13:17.000000,kakao,0.08
2023-11-22T22:19:11.000000,f21079d6a6ec01d5957891bf5b945945,131600,131600,0,,,
2023-06-14T13:33:31.000000,112b9cc61060944e2fe4d10c0711f59c,15920,15920,0,,,
2023-08-31T05:34:13.000000,e68e62bf0edeb7b9890197bb05a4df81,131600,131600,0,,,
2023-01-17T10:02:17.000000,4c69c5058fd36af174856ff0b3880d6d,87200,87200,0,,,
2023-07-07T13:33:36.000000,9e6425a4071c6bfac416c46cd0a1830a,15920,15920,0,,,
2023-01-10T20:43:14.000000,663032ff69111d477ded6014346f7ddc,83200,83200,0,,,
2023-09-09T11:55:14.000000,1e753e72e038eae0d9bbf6811c519547,15920,15920,0,,,
2022-12-30T01:37:57.000000,96951e92cb148c9f684275450da60adf,79200,79200,0,,,
2023-04-13T18:50:04.000000,1249b540588cbf58e644ceede1961540,131600,131600,0,,,
2023-05-19T15:57:38.000000,654c067ffec925697660eb1a4ff00298,15920,15920,0,2023-05-19T15:47:46.000000,kakao,0.01
2023-05-02T17:48:58.000000,ddb9ba98b95b431dfd902e0aef961849,15920,15920,0,,,
2023-05-23T13:19:14.000000,bdf07785ad06066451402f4bcb32b1bb,15920,15920,0,,,
2023-06-16T11:47:27.000000,e28e8725542c451042a840539f7a8eba,15920,15920,0,,,
2023-01-27T00:51:08.000000,3b520282495a75af3a7a5ce9d6a40b74,95200,95200,0,,,
2023-01-10T12:01:23.000000,6754da47daa492008389856b61fde65d,83200,83200,0,,,
2023-04-18T21:05:03.000000,d6b1abfb934d5f31c7acb4b7d5c96ef2,15920,15920,0,,,
2023-07-26T14:50:47.000000,5183019f5dc074e8c38833ba73fa84eb,15920,15920,0,,,
2023-10-09T19:12:38.000000,852c4596510a5ef493adb4c9f5ba71ff,15920,15920,0,,,
2023-12-07T20:53:16.000000,1d644182e192f387968a7bff55bba53f,15920,15920,0,,,
2023-06-06T22:44:04.000000,be49600afd581f3701c862b19cb16477,15920,15920,0,,,
2023-05-20T23:31:26.000000,47c31767fe703d4bf895e30f5c76d98a,15920,15920,0,,,
2023-07-31T23:58:38.000000,3933d423bb7b6c669e984a644e7e8f6a,15920,15920,0,,,
2023-07-15T17:00:01.000000,24b69d0b7467cefced000284a874e050,15920,15920,0,,,
2023-02-08T00:40:02.000000,4dbe649f2b407d7eb83e30673bbc8e98,15920,15920,0,,,
2023-10-02T22:05:24.000000,3a2fc1d70ba885417b4bd5c5e658b4cd,15920,15920,0,,,
2023-06-25T23:33:18.000000,abc1e6339b236423e49053af3dc06115,15920,15920,0,,,
2023-05-07T17:25:37.000000,54fd31a145fc703e307c0f4b5dbdf100,131600,131600,0,,,
2023-01-10T23:12:13.000000,d0613592884069429754f9aae12d3c8d,83200,83200,0,,,
2023-09-10T23:17:59.000000,f874016bc1844f00031ba899631147d1,15920,15920,0,,,
2023-06-20T19:07:49.000000,17360684f634cd255d11c5f1e3e8e745,15920,15920,0,,,
2022-12-30T22:10:45.000000,5c1f8a64a88f7270dc57dbe919e53dba,79200,79200,0,,,
2023-03-25T16:40:02.000000,aa56f182bcec3fbc833aa411e22992d2,15920,15920,0,,,
2023-09-07T14:26:12.000000,158456c0e3a952a971043d7238e994a8,15920,15920,0,,,
2023-07-31T14:39:58.000000,5f15011f88df90780994748a7a08c1a0,15920,15920,0,,,
2023-05-10T08:00:02.000000,8b5701d62420e9e24b95c64f090132f5,15920,15920,0,,,
2023-12-14T10:49:36.000000,735dcfcdc8ab55b75eef1d7c3aca6f47,95520,95520,0,,,
2023-07-02T01:17:32.000000,59d0a82f8973ff757c032760500d4384,15920,15920,0,,,
2023-08-19T21:56:03.000000,052385baac83e9e43312efc605b5b32a,131600,118440,13160,,,
2023-07-22T00:16:06.000000,7074f04272a861a2d4e369764140e5f2,15920,15920,0,,,
2022-11-23T03:17:53.000000,5cfcdeb89e838cc27cdc54fe06da81c1,15920,3960,11960,2022-11-23T03:15:39.000000,google,0.0
2023-11-01T12:47:53.000000,5cef611e29cf71ef48f1fe3c2f93757c,15920,15920,0,,,
2023-09-12T15:58:26.000000,bceb02d1afc32e0abad858149fd4fc9b,131600,131600,0,,,
2023-01-10T22:46:53.000000,3eec44ebf842b3aaee9c351f7db44226,83200,83200,0,,,
2022-12-28T22:02:39.000000,50299807efe9b4271777ae48d5af1150,79200,79200,0,,,
2022-12-28T13:51:53.000000,a6a8884928634c348e1a5e1725da42d4,79200,79200,0,2022-12-25T18:57:15.000000,kakao,2.79
2023-12-31T19:48:38.000000,823ebf964834e0e3c53ab2e75fcb5dd5,95520,95520,0,,,
2023-09-04T10:29:50.000000,2c305d944bdbec89e51c8c51f38c3312,15920,15920,0,,,
2023-07-31T11:30:23.000000,cf0e89013ceebe4e49428f231cdd4148,15920,15920,0,,,
2023-06-22T08:08:38.000000,827cf97718986f3985dbed853b0ca01a,15920,15920,0,2023-05-04T15:54:51.000000,kakao,48.68
2023-10-05T21:34:06.000000,9f4a378d08e516d25fdcfa222694357a,131600,118440,13160,,,
2022-12-27T09:08:59.000000,45e3934a8a4d9e0d72c254cbac5bb486,79200,79200,0,2022-12-27T09:08:19.000000,email,0.0
2023-01-10T23:01:59.000000,a11e097d64a455172c9dc6eda4ec301e,83200,83200,0,,,
2022-12-29T22:43:14.000000,d2b951031038a631b44727d9d1477d8b,79200,79200,0,,,
2023-08-02T21:00:33.000000,8e01ddfdd46451da0b0567d58b38309c,131600,118440,13160,2023-03-30T16:15:23.000000,kakao,125.2
2023-07-19T23:55:59.000000,7644e8385af099f8a60297f37c9f5101,15920,15920,0,,,
2023-01-18T11:30:15.000000,39b7f2159cb9c247976273c3376ebf04,91200,91200,0,2023-01-18T11:28:06.000000,email,0.0
2023-06-25T22:10:00.000000,3766fde8033d77682d9dc0113538fd76,15920,15920,0,,,
2023-12-26T10:43:42.000000,e306dd23c2d48bc2a00deca240708d38,95520,95520,0,,,
2022-10-18T21:10:02.000000,8781b9bcdb6ed82b8ed22bddca743642,15920,15920,0,2022-10-11T21:00:33.000000,kakao,7.01
2023-06-24T01:38:01.000000,f383925bcca79be3d79e14c9615b4504,15920,15920,0,,,
2022-12-31T16:57:27.000000,3919aff1a53e94e6e6674cfe3924d53a,79200,79200,0,2022-12-29T12:40:24.000000,kakao,2.18
2023-09-13T18:42:51.000000,3a555803dda5712b339639088fe24c25,131600,131600,0,2023-09-13T18:13:48.000000,kakao,0.02
2022-11-30T07:51:45.000000,d646b751a449f3b4ec91dc0b509205c1,15920,3960,11960,,,
2022-12-30T17:46:24.000000,9a2bde5c35d351a84d9207eb4b16495f,79200,79200,0,,,
2023-08-03T19:04:20.000000,ceb5b5d2d2e2cbf5a295b0a60466c65f,15920,15920,0,,,
2022-11-29T11:12:38.000000,35d26c8fcb5c0baceba9451d0e033c8f,15920,3960,11960,,,
2023-04-08T13:02:10.000000,fced2989251a7c22994f24d3c3bee78e,15920,15920,0,2023-04-01T10:26:29.000000,kakao,7.11
2023-04-10T17:50:03.000000,82c3bff6140b3f0519a5c729e9782f77,15920,15920,0,,,
2023-08-13T12:23:52.000000,5eb6f1bf032299e17b60582d521dfdff,15920,15920,0,,,
2023-09-08T10:19:04.000000,4e6b71b0f30251173e615702d15acde7,131600,131600,0,,,
2023-04-02T11:40:03.000000,b4541ed48d9804e1fc0d425a41cbe9b1,15920,15920,0,,,
2023-01-01T00:19:55.000000,054818f0b8ed4f6c09f988be4194946a,83200,83200,0,2023-01-01T00:19:03.000000,email,0.0
2023-01-19T12:20:34.000000,4d04ff7680dc0b21e6911ef56160d3bd,91200,91200,0,,,
2022-11-19T15:14:44.000000,986586977c1111e305395ee700843d3d,15920,3960,11960,2022-11-19T15:09:42.000000,naver,0.0
2022-12-29T20:21:04.000000,cdcdf5bb7e69d1f0c563ff370f71d24c,79200,79200,0,,,
2023-11-26T00:54:57.000000,b68dc85270d4d9d61c9caecb33b3762c,15920,15920,0,2023-11-22T00:57:21.000000,email,4.0
2022-12-31T22:15:49.000000,b757e681b3e33fc4b074d365a377c755,79200,79200,0,,,
2022-12-07T14:50:14.000000,dda0a47356faf0a9fd97575da807d64a,79200,79200,0,,,
2023-08-25T15:57:01.000000,70758238bb1b1ee439467946694b54de,15920,15920,0,,,
2023-06-16T05:47:36.000000,bfbd1b755af5f9d055cd6372c811dd7c,15920,15920,0,,,
2022-11-09T22:05:02.000000,b5a6052b41664c26ac40284271fb4df9,15920,15920,0,2022-10-07T19:45:28.000000,google,33.1
2023-11-10T19:29:37.000000,15126d86102d014779db9a44809cadef,15920,14328,1592,,,
2023-08-04T00:23:50.000000,858badf64cba33f58acc9d752e073aef,15920,15920,0,,,
2023-09-23T15:21:30.000000,a0a4781774e7c0420c38583783b39f86,15920,13532,2388,,,
2023-09-18T15:30:57.000000,fa934b0dd827668cbe71275f196ac08d,15920,15920,0,,,
2023-12-30T17:29:04.000000,0e17ae2eb6c2a0b154ac25e4211f8bcd,95520,95520,0,,,
2023-04-03T16:50:01.000000,82f9b7a18ae7a99bf17c2e607ef27ce2,131600,131600,0,,,
2022-12-06T21:06:49.000000,a419601d809bd29a3141392bd482ad24,79200,79200,0,,,
2023-06-13T20:26:40.000000,ef9e89b846922212ac2fecc335511e6c,15920,15920,0,,,
2022-09-08T17:50:02.000000,51b4e161102a045608dc543a36e7cf4e,15920,15920,0,2022-09-01T17:37:55.000000,kakao,7.01
2023-07-29T17:19:31.000000,50754fd52c533e43511a9f2eadd617aa,15920,15920,0,,,
2022-10-17T18:50:42.000000,83f97171b4740e0f97459f21527a7d44,42960,42960,0,,,
2023-03-22T19:10:02.000000,6fc9c4416ec7335fe0987fbfc717a6e9,15920,15920,0,2023-03-15T19:03:04.000000,kakao,7.0
2023-07-20T09:53:29.000000,9f4e0c7db66ec93489ef5f254c0ba009,15920,15920,0,2023-07-18T10:48:30.000000,kakao,1.96
2022-11-30T13:47:58.000000,914ae9fd3e433915ef3e2e2f26fcd4c9,15920,3960,11960,,,
2023-12-30T23:26:07.000000,1956e14bdc9b123fc14031f791368f37,95520,95520,0,,,
2023-07-18T15:35:21.000000,34fc845fcd3e8cd2323bbae58b86f06e,15920,15920,0,,,
2023-12-16T20:50:53.000000,6dc2f80f7fabcfb199da81d796e58f16,95520,95520,0,2023-12-16T15:26:31.000000,kakao,0.23
2023-01-25T21:40:50.000000,59125191c4edaa860b931fb2a64ef2a9,95200,95200,0,,,
2023-09-21T19:23:03.000000,0b3512bcf06a28e338c8b74a8ebcfe5d,131600,131600,0,,,
2023-01-17T01:55:59.000000,ec42b834be0d015a4a020418c5f15b1f,87200,87200,0,,,
2023-07-14T10:11:26.000000,b572df7a55415c1bab0c87349baa0805,15920,15920,0,,,
2023-11-12T16:09:16.000000,301ce45893f79dbdd5332d8be3a3edd1,131600,131600,0,2023-11-07T18:38:11.000000,kakao,4.9
2023-12-31T21:06:32.000000,ddbc0cd397d0fcaa0c18412eb366f144,95520,95520,0,,,
2023-05-14T12:57:36.000000,dffa3c95fccc9fb9d341dec064c7b390,131600,131600,0,,,
2023-01-03T17:23:45.000000,f757a14b6afd82d3f018c3cb3cde3c0d,83200,83200,0,,,
2023-08-08T18:01:28.000000,56750eb157b1edc5edb049d75432a24a,15920,15920,0,,,
2023-12-06T18:01:03.000000,a6dbd90fe323e3a7df49b4ca0224d452,15920,15920,0,2023-12-06T11:16:50.000000,email,0.28
2023-12-25T22:04:42.000000,ddcf40fe1a53218e43a98992afbe6cfe,95520,95520,0,,,
2023-01-08T19:59:26.000000,d424c24ae591a1172d6e2543f08fbdaf,83200,83200,0,,,
2023-08-08T22:23:16.000000,38b99fce25f804d93c413a0ba64a37fa,15920,15920,0,,,
2023-09-12T16:05:56.000000,2e4687c90e0c31cd40d77878d6a090b0,131600,131600,0,2023-09-10T00:09:41.000000,kakao,2.66
2023-06-15T23:58:00.000000,2c3ddaff7b3a8f296ab6d3ef5df5ff9b,15920,15920,0,2022-11-10T01:32:36.000000,kakao,217.93
2023-01-02T14:35:33.000000,e849448d17b892708a262c97bec087c3,83200,83200,0,,,
2023-12-26T09:09:37.000000,b3fbf89a7594f7089903936954692da8,95520,95520,0,,,
2023-12-21T13:16:09.000000,92a650aa777dc12dd6cf687d4b495165,95520,95520,0,,,
2023-01-30T21:30:49.000000,d4925cb2e98bdf5c79806c35a73649c0,95200,95200,0,,,
2023-01-17T23:53:21.000000,5da0a07f2759c86d0ad7606907b7d5a9,87200,87200,0,,,
2023-08-16T16:03:03.000000,8b13a4f35e3a3ac89646e232f587ad74,15920,15920,0,,,
2023-10-04T09:39:20.000000,19d518476cbbcb168343daadd45e803e,15920,7960,7960,,,
2022-12-26T22:19:51.000000,3875f185e33fa1d4774227d8aad5eeef,79200,79200,0,,,
2023-12-03T20:43:06.000000,568363b62329c5aa94768c8096b75b77,15920,15920,0,,,
2023-12-31T00:20:23.000000,45099fc28d9a4309cf653b795b2215d3,95520,95520,0,2023-02-13T17:25:23.000000,kakao,320.29
2022-11-30T18:56:37.000000,277fa94a20b1dcce48fbb86d0828bc69,15920,3960,11960,,,
2022-12-20T21:53:35.000000,0d2baef4c0003481eeae991c90c0987c,79200,79200,0,,,
2023-02-19T21:40:01.000000,eb6d13f072a64f2c3b6500fef21f0803,131600,131600,0,,,
2023-01-05T08:30:52.000000,e0c6aa3d84558f958a07b79554179c7c,83200,83200,0,,,
2022-12-16T09:22:16.000000,592d048a201a0a6d4801ae14ca22c440,79200,79200,0,,,
2023-03-19T15:25:02.000000,9d7122eb26e3fa5dc9a2379b47ee5e7c,15920,15920,0,,,
2023-05-14T01:18:49.000000,b1a13ebe408232fa4444abf55017dfcd,15920,15920,0,,,
2023-01-16T13:25:54.000000,9d8d56ed54fe67378be00630ebdb25ba,87200,87200,0,,,
2023-05-05T09:33:53.000000,225f9043e9980bd3e4cb3fa3e532f005,15920,15920,0,,,
2023-06-28T20:59:31.000000,45801cb57c1a4d8b613cc11ad78f4daa,15920,15920,0,2023-06-28T12:59:20.000000,kakao,0.33
2023-01-31T22:54:23.000000,96c4f187e7c037a96517f8c23227f597,95200,95200,0,2023-01-26T16:49:49.000000,kakao,5.25
2023-01-25T22:31:16.000000,e4aeff80303f2d30e2e1052e83c4fdcc,95200,95200,0,,,
2023-04-13T22:55:02.000000,d7cfd66fd8049829499d4e47ac7d162c,15920,15920,0,2023-04-06T22:26:54.000000,kakao,7.02
2023-01-09T12:31:31.000000,5d014eefa0c77cb645dfd10862716468,83200,83200,0,2023-01-09T11:52:54.000000,kakao,0.03
2023-01-01T15:46:31.000000,f2b5c7367ddd1f72d0d10fcd05e205b7,83200,83200,0,,,
2022-09-16T15:10:03.000000,c1f85ebbfe6ac132fe5fd2127c692983,15920,15920,0,,,
2022-11-27T20:30:01.000000,04d845af9ba901c3f908e5dfd87d98f5,15920,3960,11960,,,
2022-10-17T14:05:01.000000,ad3a5ed922743ea19888d13a760d3ee5,42960,42960,0,,,
2023-08-23T13:08:04.000000,25ddb6898ddeb31a56c73b97b8d0b37d,15920,15920,0,,,
2023-08-02T17:34:03.000000,2b0cdcc022470191a2427f7899872e0c,15920,15920,0,,,
2023-10-07T18:10:27.000000,b287b6cdb8db74a32c5fa2a2c977a6f8,15920,15920,0,,,
2023-12-17T14:53:27.000000,909a6bbedb104131a84c10a7e7dc2401,95520,95520,0,,,
2023-07-24T13:43:31.000000,bc209403097f751bc33076dd193289bc,15920,15920,0,2023-07-24T13:39:14.000000,kakao,0.0
2023-04-18T17:45:02.000000,a7ba9fa08dcc8a60177d177b86f5ac0b,131600,131600,0,,,
2023-01-24T20:13:45.000000,690a44a79e92639839fe9db80fc3849d,91200,91200,0,,,
2023-12-14T10:45:35.000000,30a2884454f08ef34cf4e0832d1fefe3,95520,95520,0,,,
2022-09-29T12:05:03.000000,a4eb29c02db94de5eb37fd4e77b1b6d4,15920,15920,0,2022-09-15T13:40:42.000000,kakao,13.93
2022-11-18T15:16:14.000000,94c4089911106fa221c48c171d80e0a5,15920,3960,11960,,,
2023-11-12T20:35:31.000000,439ec5c2c194d0d442b1b16cfd34c313,131600,111860,19740,,,
2023-08-01T15:13:06.000000,b66160c7769044a00110bc9731f8b7d2,15920,15920,0,,,
2023-11-08T16:49:19.000000,4b7f0dfd6f151b296b863d0bf20e4f02,15920,15920,0,,,
2023-07-27T08:30:28.000000,4f3ceecd8ad2436116246f46596167f1,15920,15920,0,,,
2023-09-03T21:49:25.000000,42e52d0e6dcc4dcc57d23e5096451a1d,15920,13532,2388,,,
2022-12-20T15:53:58.000000,5516c1ff1923a84dc11caaaa607fa8cd,79200,79200,0,,,
2023-11-23T09:11:37.000000,e9c723a30b8ebc7ac91f8de24fcc77f3,131600,131600,0,2023-11-22T15:45:44.000000,google,0.73
2023-01-31T19:45:13.000000,5e16a4552fa48c1282a4c72451422cbc,95200,95200,0,,,
2023-07-03T19:00:22.000000,df3f946a7f9104e62ec84176eef6b7b3,15920,15920,0,2023-02-26T18:31:30.000000,kakao,127.02
2023-07-14T11:32:38.000000,3c559276723096e33b1b1271e6bb76f8,15920,15920,0,,,
2023-07-24T14:40:58.000000,a1d24f9fb00e572871c4eb491a104a0e,15920,15920,0,,,
2022-12-15T23:08:20.000000,0827b66605377d3085858950175d459c,79200,79200,0,2022-09-28T19:39:30.000000,kakao,78.15
2022-11-26T13:59:59.000000,7c2f397cb6204684208a8fa02c141163,15920,3960,11960,,,
2022-12-18T07:11:09.000000,2ef594a10b7d12fa8d656ac5dc4501c8,79200,79200,0,,,
2023-01-29T13:46:59.000000,a41e04860561d6ad2a551d305c23bcd7,95200,95200,0,,,
2023-04-19T23:35:30.000000,19b7db666a424a9406d402e2e0f2df6c,131600,131600,0,,,
2023-01-30T20:26:36.000000,e84c9c2666452d639441300192b431e1,95200,95200,0,,,
2022-11-13T11:00:01.000000,260409fdda31f8b670c47e07772d492b,15920,15920,0,,,
2023-07-12T21:28:50.000000,32506b21944e5f0576d388b7108e548a,15920,15920,0,2023-07-12T21:09:26.000000,kakao,0.01
2023-12-14T21:38:00.000000,012b49d6099a001c392e27a60011c7bf,95520,95520,0,,,
2022-12-23T17:13:33.000000,91139a600039392b2d75566d8168feb4,79200,79200,0,,,
2023-09-24T15:14:10.000000,63cb259c2a352436d6115ea58db79416,15920,15920,0,2023-05-19T02:02:54.000000,kakao,128.55
2023-08-10T09:17:55.000000,39e8ec0d2d7bc821d6fdb5d51d5d7bf7,131600,131600,0,,,
2023-04-30T17:00:03.000000,39a13a1db9460e95dd29b21f19a810d4,15920,15920,0,,,
2022-10-08T23:50:03.000000,24bcf953504c092f1577639fd1d0fcd2,15920,15920,0,2022-10-05T23:38:53.000000,naver,3.01
2022-09-10T14:00:02.000000,c8f6102f933aad78c5afda5e4fbf7dc4,131600,131600,0,2022-09-03T13:33:59.000000,kakao,7.02
2022-11-29T15:15:46.000000,01de0bbf5fed299a9254ea99801897f3,15920,3960,11960,,,
2023-11-26T21:01:41.000000,33c7e291810826aa1768b5e0b8867c29,131600,131600,0,2023-11-22T12:32:02.000000,kakao,4.35
2022-12-11T16:48:03.000000,b792de4461b280ccb8f30b668ee12edd,79200,79200,0,,,
2023-08-09T17:34:39.000000,90c8445afc13d5b2079474bff88085ee,15920,15920,0,,,
2023-07-27T18:42:14.000000,b05bbb94fba424dd0a89a5951793eb48,15920,15920,0,,,
2023-12-22T21:12:13.000000,6e990891c4a9a00d77becc4d4a40d9be,95520,95520,0,,,
2023-01-16T16:44:48.000000,da7246690df601abe57d40cddb1d06c2,87200,87200,0,,,
2023-05-30T22:27:51.000000,6df898805999fb4357df071b9a0aacb4,131600,131600,0,,,
2022-11-07T18:35:03.000000,3d2012a6e3a19d0446f1d3150041a505,15920,15920,0,,,
2023-06-24T23:05:53.000000,55ebb4666751b30d236e11fb181ac2a1,15920,14328,1592,,,
2023-12-21T20:45:51.000000,78227b50091032523c85f02b8146f1d5,95520,95520,0,,,
2023-12-23T01:30:03.000000,9ca8c5b33bb04920919c25b483b6e091,95520,95520,0,,,
2023-07-15T22:50:10.000000,d05a938304cdd558acfb185c709d599d,15920,15920,0,,,
2023-12-19T18:50:56.000000,c078446f9c94b61c4501cb53f019eee7,95520,95520,0,2022-10-01T17:59:56.000000,kakao,444.04
2023-09-09T09:32:31.000000,42c231ee4c7646b3cd8032914322e72e,15920,15920,0,,,
2023-12-28T20:36:19.000000,870017ae52e1fbec183476806f3b8948,95520,95520,0,,,
2023-08-14T22:43:21.000000,a926139b797b2296b2682a5a4773728d,15920,14328,1592,,,
2023-04-19T16:40:03.000000,c774db986532510efcc23dd599234428,15920,15920,0,,,
2023-10-31T19:03:30.000000,1c3f6e6e01a3e4c11e9508b418ec76c2,15920,13532,2388,,,
2023-12-06T13:57:51.000000,9b14b1ca20907f93110e755a1b6cb67e,131600,131600,0,,,
2023-05-25T13:17:17.000000,1e69582cf9eb530071160f1d5e68d09c,15920,15920,0,,,
2022-12-22T08:20:02.000000,f3b5e4911af699b410f91b383679d726,79200,79200,0,,,
2023-11-20T21:10:43.000000,47ad60b050819e96cd9dc865d47c62b7,15920,15920,0,,,
2023-03-01T19:35:02.000000,a4049ffd5dce74736cf32638ca96188b,131600,131600,0,,,
2022-12-23T10:43:30.000000,0861bcb0057a7790dab3b39be9480df3,79200,79200,0,,,
2023-12-29T12:54:53.000000,749ecc5ce456a32bb3889e241cb70a9b,95520,95520,0,,,
2023-06-14T15:00:58.000000,727a4f563bf5aaa6d7f8cdb967154de0,15920,15920,0,,,
2023-07-30T20:08:22.000000,d7ab32e952c5bd3a245bb9bddafdf609,15920,15920,0,,,
2023-09-25T15:00:27.000000,286f74759901ae821162de97c4a6063a,131600,111860,19740,,,
2022-11-30T19:51:17.000000,749abc43faeacdd38966445d98ff7b94,15920,3960,11960,,,
2023-01-24T15:55:38.000000,8916af58a1a11aa0b5a326006e42f562,91200,91200,0,,,
2023-01-20T21:21:33.000000,96e15e7fe1354008f999d2029675d7ac,91200,91200,0,,,
2023-06-17T16:57:35.000000,25b72ecbaabb5772b0cc1892264b4c9e,15920,15920,0,,,
2022-12-21T10:45:38.000000,af6f38df9e401e7702b47886eb13df1d,79200,79200,0,,,
2022-10-08T00:40:02.000000,00713a0e97135815ea700dfe82ce49fb,15920,15920,0,,,
2023-05-19T17:15:14.000000,5c1a380f52c9355dc5cd2d9a0fb77166,15920,15920,0,,,
2023-05-29T09:02:00.000000,e5acd6418a91f557e6e881232e9921e0,15920,15920,0,,,
2022-11-24T15:59:34.000000,4e454fce5e972f7f37dea8da7b026c70,15920,3960,11960,2022-11-24T15:49:46.000000,kakao,0.01
2023-02-28T13:20:02.000000,e1354eee8479eace51849316a8be1a55,15920,15920,0,,,
2023-05-24T00:38:01.000000,0052fcc7e62a04f47a1b23c3488d31a0,15920,15920,0,,,
2023-03-28T18:30:02.000000,cbe829a10cc53d751a74487b66bddfd1,131600,131600,0,,,
2022-09-07T11:35:01.000000,22c279717e2db2334471321c01146f3f,15920,15920,0,,,
2022-11-06T17:00:03.000000,fdb13da083ec2460c8ab4dd4218363a0,15920,15920,0,,,
2022-10-11T10:25:02.000000,6d906fb7a9f0feeeb812be3b899e94ce,131600,105280,26320,,,
2023-11-07T14:18:27.000000,e273e3bd1eec2ccd3a60bf97faeb5bac,15920,15920,0,,,
2023-09-12T14:06:54.000000,e87971c216f6d69f14db92cc5467e9a6,15920,15920,0,,,
2023-10-19T20:23:23.000000,78b6f2a621b52e08d29fbc5208221a38,15920,13532,2388,,,
2023-07-29T15:01:07.000000,4fc1d332779e6623e9e16826c2cdfda6,15920,15920,0,,,
2023-07-11T16:04:50.000000,1478673b750bac3858294f6f988f9c5b,15920,15920,0,,,
2023-07-12T23:58:56.000000,3d54d1a43156a9aefe1610a28dcdddfb,131600,118440,13160,,,
2023-09-15T18:08:10.000000,09e22caee7321d6cc98fa076fca02f6c,15920,15920,0,,,
2022-12-04T20:41:49.000000,a4bff54f8f26165715078dd240862785,79200,79200,0,,,
2023-12-16T21:14:30.000000,a6b1dfb56a9ba4bf08318c3104fa2427,95520,95520,0,2023-12-15T22:29:07.000000,kakao,0.95
2022-12-20T10:32:55.000000,fa36f9ec103ff9017ee83763ae15f7f4,79200,79200,0,,,
2023-08-31T23:51:57.000000,39ccc6c99b41c1bbd7c9e260d79903c5,15920,15920,0,,,
2023-08-16T13:08:14.000000,28be553d53788b6d29642c7f70be79d1,15920,15920,0,,,
2022-09-02T09:40:02.000000,0895b1abefe805a48a3344e2879c2acd,15920,15920,0,,,
2023-08-16T18:04:06.000000,76b2ee325b8783a58f7bb895f574e5c3,15920,15920,0,2023-08-16T11:50:40.000000,kakao,0.26
2023-09-05T00:17:45.000000,c4e0f5c44eb067ebc8ac8e605cf19726,15920,13532,2388,,,
2023-11-08T19:29:36.000000,b31b0ffd8aa35cc26300d5b810085ce4,15920,15920,0,,,
2023-01-09T15:04:03.000000,cdb3bfc1520f64635631bafd6fea0f29,83200,83200,0,,,
2022-11-30T23:38:32.000000,50c1801440622efc1e087761fc1e6803,15920,3960,11960,,,
2023-01-01T23:40:11.000000,4e353a9206fe9475b2d196e1c7d87bf7,83200,83200,0,,,
2023-07-27T21:43:55.000000,e60197de2c3605cb42a834fa3339cb32,15920,15920,0,,,
2023-04-11T13:30:02.000000,b43ea19e6be4f17e99c0730acc3b8935,15920,15920,0,,,
2023-07-31T16:32:48.000000,348156bf8b57ace8b3afead6192be7c1,15920,14328,1592,,,
2023-07-20T22:35:23.000000,629083a51e400a6c358bb5f3918fbc60,15920,14328,1592,,,
2022-11-24T17:43:22.000000,a7bb67b7662834b3ed334c0400f48b16,15920,3960,11960,,,
2022-12-06T08:53:51.000000,2095cc1572ff6500c499b33de73560c8,79200,79200,0,,,
2022-09-21T02:05:02.000000,bb3862423e3fb0f1be4634d5e07089c0,15920,15920,0,,,
2022-11-20T15:49:21.000000,b71ae6778860c4c7c89129da2c32d2c8,15920,3960,11960,,,
2023-05-30T11:11:53.000000,aff6b963b78e605a03c698c77dd6a644,15920,15920,0,,,
2023-06-09T22:20:59.000000,0e1fb729bd1c3ccfe32042f32327fc7c,15920,15920,0,,,
2022-12-20T21:07:57.000000,dd0defa7ea4cb659a988704b655fa54d,79200,79200,0,,,
2023-09-02T18:50:42.000000,5282480a0d4ecdb92782857ea71759d2,131600,131600,0,,,
2023-01-31T20:15:27.000000,31c407642bc4f3188d0f408b2a051d94,95200,95200,0,2023-01-31T19:36:28.000000,naver,0.03
2022-12-31T10:46:17.000000,85a332649d34bc7b5ebdec7660b1d57d,79200,79200,0,,,
2023-02-23T10:45:16.000000,4de4061c855735b990b9074e8214dc64,15920,15920,0,,,
2023-12-23T17:34:33.000000,46274f3ccf5e6b57e5809443c8f49ae8,95520,95520,0,,,
2023-09-28T10:28:07.000000,1862e6db403ba754f15ef9f9736f0510,15920,15920,0,2023-08-19T13:36:45.000000,naver,39.87
2022-12-30T22:38:34.000000,1e414d1ea699cc48266de0d4b6ac8a06,79200,79200,0,,,
2022-10-22T12:21:33.000000,714ebaf8aa11e35fce20661408d7f3df,131600,131600,0,,,
2022-11-25T20:11:56.000000,71fa143a3d70d0f874533d5dafda091b,15920,3960,11960,,,
2023-11-19T17:47:31.000000,4b294599766ab0092db0d544d07053bc,15920,15920,0,,,
2023-01-09T22:33:14.000000,09ff433521ff5120c2d8579a43a529d7,83200,83200,0,,,
2023-07-09T21:54:34.000000,68fc2eb8ffb0171fa00cfb2ac3a5cd22,15920,14328,1592,,,
2023-01-02T11:16:06.000000,529b54a5ad9f1a20fdf2ebf35311b99a,83200,83200,0,2023-01-02T11:11:59.000000,kakao,0.0
2023-09-10T14:38:36.000000,75a5b431e49c8d94ee76281fcfa332c7,15920,15920,0,,,
2023-01-10T21:47:09.000000,7c6047c7cd4d8c74034c90f842e9083a,83200,83200,0,,,
2023-06-24T10:46:46.000000,bd4a78cd1e67252b01c43fcf4190fdb6,15920,15920,0,2023-06-21T10:46:44.000000,kakao,3.0
2023-09-14T11:30:45.000000,75e7ed5cf4cc40a7f841b15b61a78118,15920,15920,0,2023-09-14T11:30:09.000000,google,0.0
2022-09-12T11:09:16.000000,308ee0950741e4321045d0ba604778de,131600,78960,52640,,,
2022-12-20T22:14:00.000000,b19fa01cffcd04304b0c5d88a4ef759d,79200,79200,0,2022-12-20T22:12:27.000000,kakao,0.0
2023-07-20T00:29:02.000000,aa903dcc906d69f8d189fa732e72582b,131600,131600,0,2023-06-25T16:18:02.000000,kakao,24.34
2023-09-10T11:25:07.000000,7429f41b485dc08905b0b9b9eb5b0110,131600,131600,0,2023-09-04T21:22:15.000000,email,5.59
2023-01-10T23:45:07.000000,49d2b0990a1522e1a756ef51e3b76e43,83200,83200,0,2023-01-10T23:41:00.000000,email,0.0
2022-12-31T23:35:13.000000,141d46fef0eda9cd2239639ef374f133,79200,79200,0,,,
2022-11-08T10:00:02.000000,5625e2c25639b3cc007795c357723aa7,15920,15920,0,,,
2022-11-22T14:56:08.000000,f373179ee31542d31c5dc41c8cbb679f,15920,3960,11960,,,
2023-07-29T00:50:55.000000,36916853605fdb384d8f339f33b8f45b,15920,15920,0,,,
2023-06-25T13:53:26.000000,72d0960d1e19a822385ed2d3a1af2011,15920,15920,0,2023-05-12T15:56:52.000000,kakao,43.91
2023-01-12T15:18:33.000000,257a830f97df8637cb4b9d963ac053eb,87200,87200,0,,,
2022-11-28T16:26:34.000000,98535e705d81954d8aab2e34889e3fc1,15920,3960,11960,,,
2022-11-06T19:00:02.000000,e0c32f0ea30a21d13930a22077b14a2a,15920,15920,0,,,
2023-02-10T09:53:22.000000,d37591d7e269960a2bc7e34069ae42b0,131600,131600,0,2023-02-02T22:36:46.000000,kakao,7.47
2023-05-08T20:52:27.000000,47087d3c69a92de0f57bf1531bbbf054,15920,15920,0,,,
2022-09-22T16:25:02.000000,2d72aa020fbf0060b9b10774f849f48f,15920,15920,0,,,
2022-11-27T21:03:29.000000,9d8e671c998fd7c642e8f39f9e998908,15920,3960,11960,,,
2023-07-24T20:57:16.000000,963861ddc828348eaae8c022220dfd6c,15920,15920,0,,,
2023-08-24T17:28:57.000000,7a8cdf734049bbf4792ff1160109a609,15920,15920,0,2023-08-14T02:11:37.000000,google,10.64
2023-09-02T21:20:11.000000,48f6a430da7cc577515694dee935ee84,15920,15920,0,,,
2022-12-26T13:25:33.000000,690c3759e88c107f420d86e2e89b6329,79200,79200,0,,,
2023-09-06T16:02:12.000000,28e43b9548380ea90677df1914f570d7,15920,15920,0,,,
2023-12-09T21:02:40.000000,c3c8bea6c65f27406a59486a01f8aa8f,15920,15920,0,,,
2023-01-23T17:43:58.000000,563252ae3b6e13117d41f54d3a77c588,91200,91200,0,,,
2023-01-21T14:42:24.000000,600f3be1ba01ee10d9969178c1d05eca,91200,91200,0,2023-01-20T16:52:23.000000,kakao,0.91
2022-12-19T16:52:02.000000,b2d1532016cf4054615361258e06d159,79200,79200,0,,,
2023-11-12T21:35:53.000000,9cfd968ef7b2567f03ea1d543f3dae7f,15920,13532,2388,,,
2023-09-11T19:34:26.000000,e89afe6cc315a5a1017d666acf40386a,15920,15920,0,,,
2022-12-06T22:41:54.000000,51f8145c12e2023d4cbd4ceeac1aa9d4,79200,79200,0,,,
2023-04-18T21:45:02.000000,0a0e634446943a8ae052537ed9166048,15920,15920,0,2023-04-06T22:35:03.000000,google,11.97
2022-10-02T16:45:01.000000,aeeb34171cf21a2d014d77fca92a1d9c,15920,15920,0,2022-09-22T10:33:15.000000,kakao,10.26
2023-09-10T22:14:57.000000,532ce67da7dd455472b4f21f8ff2130c,15920,15920,0,,,
2022-11-22T14:47:12.000000,c05ed3d3bee5fb74d062469934e48b51,15920,3960,11960,2022-11-07T13:38:05.000000,kakao,15.05
2022-12-16T23:11:59.000000,041c997673ecaf2dd3ef43c345f587fa,79200,79200,0,2022-12-05T21:46:59.000000,google,11.06
2023-01-31T16:29:08.000000,c7ecdd324dc87daeec2ebd28a12ba434,95200,95200,0,,,
2023-06-27T23:39:50.000000,650db47e89dfc4f696917f45893f8fac,131600,118440,13160,,,
2023-05-26T22:00:59.000000,7bda530b64f2dda53b8e3a6d2db62e85,15920,15920,0,,,
2023-04-13T20:40:01.000000,cbf1ead2cf1c2738f79f68544aa0b325,15920,15920,0,,,
2023-01-16T15:50:34.000000,2efdca1c0bcdf1c91e28436acee4475d,87200,87200,0,,,
2023-01-11T02:26:35.000000,ee1e4ad2fe8b91ca36e68e9a868e5f69,87200,87200,0,,,
2023-01-10T22:20:27.000000,7558c0dbfd198d16e28827bdd744c5e8,83200,83200,0,,,
2022-11-11T10:35:02.000000,c3a77fc697fb999c37f084513072112b,15920,15920,0,2022-11-04T10:22:06.000000,kakao,7.01
2023-01-31T21:48:04.000000,39bd05b8a1bf4dffbc0664e1e26ca486,95200,95200,0,2023-01-30T19:36:37.000000,kakao,1.09
2023-04-17T13:59:08.000000,573c94dd253af1a6cfdf954658eeeaba,15920,15920,0,,,
2023-08-16T20:11:57.000000,cdaec1fd0165fb483a1ed9078ac70f94,15920,15920,0,,,
2022-11-18T15:07:15.000000,e612c12c4eceb8b451b03c625f33440c,15920,3960,11960,,,
2022-12-25T05:05:42.000000,8dc2973a9612a05aea314714aaab5335,79200,79200,0,2022-12-25T04:58:24.000000,kakao,0.01
2023-07-29T09:10:38.000000,51ad719f71cf8ca99341cf55850e2093,15920,15920,0,2023-07-28T10:22:23.000000,kakao,0.95
2023-11-16T05:32:15.000000,de727ece2d384e8f69913d83d0bbde1b,15920,13532,2388,,,
2023-03-01T23:14:52.000000,4669c4a08dcc77cc6d0304541d209014,15920,15920,0,2023-02-13T11:14:12.000000,kakao,16.5
2023-06-25T14:32:54.000000,cd70dda8cb2532e0c20c6f5252210b37,15920,15920,0,,,
2023-03-26T16:45:02.000000,61d749e86f197b2e77bb0558f490fedb,15920,15920,0,2023-03-10T14:28:42.000000,email,16.09
2023-04-17T17:45:02.000000,96deb5b7e01419869eaa6960b5ee12d1,15920,15920,0,,,
2022-12-21T12:40:28.000000,633dd773fe4862f8c74d4b205852524e,79200,79200,0,,,
2023-09-08T14:37:21.000000,050917e29b21e43bc51d00471228e1ad,131600,131600,0,,,
2023-02-25T12:50:01.000000,b24dfe2a7e0bdd49bb2e59931f674aaa,15920,15920,0,,,
2023-12-21T22:49:52.000000,e5aca2442262939f010531ee6e7721c3,95520,93520,2000,2023-12-20T22:45:53.000000,kakao,1.0
2023-02-25T14:10:02.000000,13fd3b18514dc4c93d18020700086265,15920,15920,0,,,
2022-11-15T08:20:36.000000,fef4002630e20384553cb77bc0561799,15920,3960,11960,2022-11-15T08:18:48.000000,kakao,0.0
2023-01-31T21:15:32.000000,8254b55a0e54c01f6c573a900500e3ea,95200,95200,0,,,
2023-02-11T20:35:02.000000,144558e996413988a249d3e11fed53ea,15920,15920,0,,,
2022-12-19T15:16:41.000000,24b10d70be4c44fe4776d165e10ef19d,79200,79200,0,,,
2023-01-09T19:27:21.000000,241cead70efdd98876d0163e82f7adf7,83200,83200,0,,,
2023-01-18T11:37:48.000000,7ca4a325097215c04cb31336983da7ef,91200,91200,0,,,
2023-01-31T19:05:38.000000,f60925bbbf88f4b6e6cdf592b4df8ed2,95200,95200,0,2023-01-26T14:27:31.000000,kakao,5.19
2023-01-10T00:15:11.000000,3eeabef0f98b247dfc758b0fe21965b0,83200,83200,0,,,
2022-12-07T14:23:53.000000,b450564645fc7963ad74b4d58c1e9bab,79200,79200,0,,,
2022-11-04T13:20:03.000000,3c55c67f1a2634bd2a38d4ee11daa650,131600,131600,0,,,
2022-11-17T21:30:02.000000,0ec79c4ff05cb031b57225643ded1c97,131600,131600,0,,,
2022-12-31T11:48:46.000000,2f7d5b84eff24d266c652ec0e9e86995,79200,79200,0,2022-12-29T11:18:10.000000,kakao,2.02
2022-11-14T00:24:59.000000,5ab8b5bcb6c0bc770bd22ab2df7e87a9,15920,3960,11960,2022-10-28T16:36:22.000000,google,16.33
2023-01-24T20:23:22.000000,0f0f37350289d92756b5ebee1afb8a01,91200,91200,0,,,
2022-10-16T20:40:02.000000,04ea25ab5b27ccb9b7b1e346f6478c82,15920,15920,0,2022-10-09T20:35:31.000000,kakao,7.0
2023-06-24T22:43:58.000000,8b418549a970c892b600f91db31c6fe0,15920,15920,0,,,
2023-06-15T08:48:17.000000,9a95a11da7f01f407295339f9008f6eb,131600,131600,0,,,
2023-04-27T22:10:01.000000,fc93a3e93621b162872044c1009e762c,15920,15920,0,,,
2023-09-18T12:16:38.000000,1f4b05a9ce244e8f1952f9e239779389,15920,13532,2388,,,
2023-06-27T21:52:15.000000,c904a86df7ef5519872fd32f62f43113,15920,15920,0,2023-06-22T10:44:01.000000,naver,5.46
2023-09-04T11:15:16.000000,8fb8afc36719eb1cab08fe1031a33bb9,15920,15920,0,,,
2023-03-30T13:20:02.000000,e6583f8a56e40e721d3a27e44219251e,15920,15920,0,,,
2023-12-17T17:40:41.000000,3b0f3f2f8777df514c5b3a3d03d9f00e,95520,95520,0,2023-12-15T16:05:30.000000,email,2.07
2023-08-12T12:13:13.000000,b4863101b8b6e5913ecbacde259cf77e,15920,15920,0,2023-08-12T12:04:13.000000,naver,0.01
2023-11-08T15:15:14.000000,7135e68ad557c2e0b023c783d279e4f3,15920,13532,2388,,,
2023-03-26T12:18:56.000000,d611f740d994b67340c95908db47a58d,131600,131600,0,,,
2023-09-19T12:06:20.000000,f23f06f7d6255b29d3f1cfee134ec1f0,15920,13532,2388,,,
2022-12-29T00:58:17.000000,e2469e283ec9fec6a63f3eba77a595a2,79200,79200,0,,,
2023-10-26T08:55:58.000000,86002fdfd456cc038d31d6d9a32c192f,131600,111860,19740,,,
2023-08-30T19:23:44.000000,48dd1f1e8e0688263f8c9389c1ed747e,15920,14328,1592,,,
2023-02-25T17:30:02.000000,a159987d762b18bab83cb3c07984e76d,131600,131600,0,2023-02-15T07:48:33.000000,kakao,10.4
2022-12-22T12:22:01.000000,28485aa578b57f07557a7bea6ff0d8b1,79200,79200,0,2022-12-09T00:37:19.000000,kakao,13.49
2022-11-30T10:11:25.000000,d127b63ddc4f2f814f5f34d18bdebe84,15920,3960,11960,,,
2023-01-30T18:26:05.000000,b44abd72de3dfba7abd69fc5ed4bdab5,95200,95200,0,2022-11-15T20:34:23.000000,kakao,75.91
2023-07-25T10:41:00.000000,b74e277566f8295f56c2fb36ffe4629a,15920,15920,0,,,
2022-09-23T23:05:02.000000,c86227e01d032fdbb1bca60837acde1f,131600,131600,0,2022-09-16T22:22:54.000000,email,7.03
2022-11-30T22:10:06.000000,549b41d1da89e3c8bb0d21438ad5d42b,15920,3960,11960,2022-11-28T05:30:18.000000,kakao,2.69
2023-11-15T12:23:56.000000,0671c963a0351cf57d24d2e79118f5d3,131600,131600,0,,,
2023-03-22T17:40:38.000000,f3703f63a859acb6daf1498eccea6427,131600,131600,0,,,
2023-08-24T19:34:44.000000,7cbe0a4e67973f5f92ab7af719f9bf2a,131600,118440,13160,,,
2023-01-30T19:25:54.000000,f2f6ab5b9b4b9ce5379b5b5c7eedd80b,95200,95200,0,,,
2023-08-04T18:18:40.000000,0ec6b90220ad1580d79aa95c22accb26,131600,131600,0,,,
2023-12-11T18:22:45.000000,24f51b4f2fabb37be0d5d52c19aae582,95520,95520,0,2023-11-29T21:00:49.000000,kakao,11.89
2023-08-21T17:29:32.000000,2a90d7ce8dabf36b850528308f0fd7fd,15920,15920,0,,,
2023-03-27T21:30:02.000000,6938a4454b3a2fd9039a9b2c97957a89,15920,15920,0,,,
2022-09-22T17:25:02.000000,b08f764d42b7702f0a63d1ebad386c63,15920,15920,0,2022-09-13T02:44:57.000000,kakao,9.61
2023-05-30T12:04:37.000000,6dae10ec89a44df3f0e4d010693a29a9,15920,15920,0,,,
2023-11-30T15:53:00.000000,66a9098d02bd2016d8997c8d6a7852f7,131600,131600,0,,,
2023-06-17T19:01:45.000000,f45b943fc5e7478523ed093c7a28543b,15920,14328,1592,2023-06-17T02:11:11.000000,kakao,0.7
2023-12-18T20:23:04.000000,5c57826f6a20229d4c0dd52011739d38,95520,95520,0,,,
2023-12-13T19:37:00.000000,6ed2600a52ee4e49701729936b73e888,95520,95520,0,,,
2023-03-21T15:35:01.000000,3c701c93fb7895d4316698c1bc6117c4,131600,131600,0,,,
2023-06-12T09:26:58.000000,3fbff4de0c8f26c0902c2919033a596d,15920,15920,0,2023-01-16T08:59:07.000000,kakao,147.02
2023-05-04T21:40:02.000000,e30825786903f81e8e5e5fe4fc578e15,131600,131600,0,,,
2023-01-17T15:28:15.000000,4426ddc5fd3d283f9d39424c99944fc1,87200,87200,0,,,
2022-11-19T23:03:56.000000,e4c00d3645fd8f16db29c4d82c318342,15920,3960,11960,,,
2023-09-09T19:16:07.000000,704d96a35638f486c5fa8789f39e2bdc,15920,15920,0,2023-06-26T10:53:27.000000,kakao,75.35
2022-11-26T10:20:58.000000,084b2751414ef6b66f490277aa0a4d5b,15920,3960,11960,2022-11-26T10:19:40.000000,kakao,0.0
2023-11-12T23:23:44.000000,dce0de082f4d8b9d9b1e4ff39f472144,15920,15920,0,,,
2023-07-28T22:59:47.000000,d5f20a4505c87ced75e96a1c0634533b,15920,15920,0,2023-07-28T22:57:36.000000,kakao,0.0
2023-11-07T11:43:50.000000,a2bcb2c57f0571cfd3e3b43bc5e3108e,15920,15920,0,,,
2023-11-25T02:39:52.000000,e4a613df71f5a2645d0bea9070efe2cc,15920,15920,0,,,
2023-12-31T23:59:39.000000,c1219dc438f42006f87d2e1cc5ed117a,95520,95520,0,,,
2023-09-03T20:27:56.000000,0a5a1e9d9a5b8dce06550b6d96d10374,15920,15920,0,,,
2023-08-12T19:40:47.000000,14c8a411b4088b7200324dd0a80eaa31,15920,14328,1592,2023-08-12T06:20:26.000000,kakao,0.56
2023-09-09T01:34:09.000000,e0b6635e61a159570a8068f84145868e,15920,15920,0,,,
2022-12-08T11:46:07.000000,2377b168319c9d82cb88604dec0b6c74,79200,79200,0,,,
2022-11-30T19:37:30.000000,d2526f8c3fb783c478e988103d687605,15920,3960,11960,,,
2023-01-23T21:47:09.000000,621da9c71990f77dd9739e529da5deb5,91200,91200,0,,,
2022-11-30T22:57:17.000000,f71e61b76f5ce3a06c422470f3860f16,15920,3960,11960,,,
2023-05-27T13:53:21.000000,10a568a73bf4e69f021438cd3296f33b,15920,15920,0,,,
2023-08-17T14:26:47.000000,b6e36dd691a9b10f6b4cdf8f7212cc8f,15920,15920,0,,,
2023-10-24T17:21:51.000000,3fa3e3bc9f716a21757ddbf672d5d3c5,15920,15920,0,,,
2023-09-02T10:01:38.000000,be302f37098b520e1be6fbc4453d2d6e,131600,131600,0,,,
2023-03-22T15:39:29.000000,a5cef828f2a0b7c5bef432dd70f6860b,15920,15920,0,,,
2023-12-20T18:00:40.000000,53f32d5c9aa72834e30b47fc844d7827,95520,95520,0,,,
2023-04-06T23:40:02.000000,a0f6a232bf6653f393e7a39d8a77f0c5,15920,15920,0,,,
2023-06-05T23:21:58.000000,c2ea737bc9572bda975590e81dd1c544,131600,131600,0,2023-03-13T09:23:41.000000,kakao,84.58
2022-12-15T00:09:09.000000,ea41686528ccd0216ddc35885a9f4659,79200,79200,0,,,
2023-09-21T20:50:46.000000,1d6a50e9c7746990a358435e9263c8fd,15920,15920,0,,,
2023-07-22T18:00:45.000000,c74354c9ebe26f59dcbe3b96197215fe,15920,15920,0,,,
2023-02-17T17:10:07.000000,27ccfe38e960137581239f65d7ce205c,131600,131600,0,,,
2022-12-08T10:36:08.000000,0cb9ec46f42bbff00ba4a93f98249ba0,79200,79200,0,,,
2023-01-02T14:31:44.000000,435d7be812607bc0dc528742e480519b,83200,83200,0,,,
2023-07-31T10:14:02.000000,99a26effc57bcca55fca88fe0d6cfd6c,15920,15920,0,,,
2023-03-29T12:10:02.000000,e5d24ed4152ebddea913daf983c216d7,15920,15920,0,,,
2023-06-19T10:47:08.000000,1617e44d11bebe6b3f3d1ef4ed379d94,15920,15920,0,,,
2023-06-23T23:36:51.000000,78ec783d0573d387ab8997a0df5b6a5a,15920,15920,0,,,
2023-05-18T22:07:55.000000,aacef8d3f2c0eca308f4b3e683e817ac,15920,15920,0,,,
2023-01-27T22:38:55.000000,88e3f0cb6a85c65da21de95b8745f5d5,95200,95200,0,,,
2022-12-31T21:01:55.000000,9e7c48354a8e05d64a3a0a3da8faa726,79200,79200,0,2022-12-30T21:53:33.000000,kakao,0.96
2022-12-31T22:39:41.000000,5820039383452f65a5417dd4ede013f4,79200,79200,0,,,
2023-12-27T10:19:41.000000,925351cbeb87c283eb8439ee5888b523,95520,95520,0,,,
2023-10-12T19:13:43.000000,65626c1a5d972ee92a926ae1578df460,15920,14328,1592,2023-10-12T17:31:16.000000,email,0.07
2022-12-06T11:54:35.000000,96b6c8f421b222a0caf22011223d8dbd,79200,79200,0,,,
2023-12-24T00:13:22.000000,4bc72b3ff396628b9d41259e742fe597,95520,95520,0,,,
2023-01-29T14:40:39.000000,ead309a7e0d6d9f33c45caeb0ff68c4f,95200,95200,0,2023-01-13T20:05:14.000000,kakao,15.77
2023-09-02T11:03:55.000000,76da2a448863f946ae5c33dda846e74d,15920,15920,0,2023-09-02T11:00:24.000000,kakao,0.0
2022-11-18T10:15:03.000000,e37248e5beab37997826380cc694f359,15920,15920,0,2022-11-11T09:26:04.000000,naver,7.03
2022-10-16T21:30:02.000000,6d108769e539e5472ba87b4d0f3216dc,131600,131600,0,,,
2023-07-07T22:35:31.000000,eeb3df1b75e54fb8c8fed85442a892a1,15920,15920,0,,,
2023-11-24T10:56:05.000000,3e92052ffaf125bbb76f556988010591,131600,131600,0,2023-11-21T23:05:05.000000,google,2.49
2023-12-05T18:06:39.000000,c7197cb15ccf8b897de162ad6415485f,15920,15920,0,,,
2023-04-08T14:57:31.000000,38fb2844302661af41b71b0e55ef3b35,15920,15920,0,,,
2023-09-15T23:19:02.000000,b25422cf6210d91774071891c1fc4076,131600,118440,13160,,,
2023-06-27T01:50:27.000000,744366003fea1603416c415ab5cbfc63,15920,15920,0,,,
2023-11-17T16:39:35.000000,e1ed9bfdebdb72790e6ebbbbd5356e04,15920,15920,0,,,
2023-01-31T23:44:20.000000,81cedbb74a6400b881a77694831102d9,95200,95200,0,,,
2023-02-11T18:05:03.000000,4f86d7c026d8706ddc3195354c5e0e01,15920,15920,0,,,
2023-01-06T16:32:36.000000,d4a8d91c352e922a74aebdd656b21c32,83200,83200,0,,,
2023-01-05T11:02:46.000000,ff5f0d58d8165de88fb1d6113612c3a9,83200,83200,0,2023-01-05T10:58:39.000000,kakao,0.0
2023-09-25T09:41:58.000000,d606f4aed95e26c86cc247c9e4669e3f,15920,15920,0,2023-07-04T16:45:09.000000,kakao,82.71
2023-09-09T00:57:56.000000,32acbf80a661c256292844ece23092da,15920,13532,2388,,,
2023-01-09T22:05:34.000000,e03fbfd0c052c08b34b894835c606f49,83200,83200,0,,,
2023-01-19T12:02:00.000000,9c36be5ef9e045a2e54300f1c7bffecc,91200,91200,0,,,
2022-12-31T23:38:41.000000,1388ca0013de983b33f92dbcdd82dd2c,79200,79200,0,,,
2022-11-28T03:58:05.000000,78042a506e5683679eda94e7a5246eeb,15920,3960,11960,,,
2023-11-23T13:52:02.000000,b57b8c73495d00af428214dd4528c9a2,15920,15920,0,,,
2022-11-15T21:48:18.000000,7f3cb5e72ea760d8bc580fdc6a466c0c,15920,3960,11960,,,
2022-11-15T03:03:16.000000,e974d3cedcce15d319aef07e4554c679,15920,3960,11960,,,
2023-07-03T13:39:16.000000,ebd8aaa4b4693e8744a61adb5f48c785,15920,15920,0,,,
2023-01-17T09:29:58.000000,60c12c06f2a3be785671ffbce618f4ad,87200,87200,0,,,
2023-09-11T11:35:17.000000,38fddddc0b8a97733a5db4e71cb234f4,15920,15920,0,,,
2023-12-19T14:30:39.000000,557150cf056c14fa1c560449ac069554,95520,95520,0,,,
2023-11-20T10:05:19.000000,7fc0ec9729346fb7a15444347c8850d0,15920,13532,2388,,,
2022-11-27T15:03:02.000000,dd77dc4b272dc84a3af4fe324bc08501,15920,3960,11960,,,
2023-03-22T13:19:26.000000,464c3e38ad5ee86f214c0b9e41c1e107,15920,15920,0,,,
2023-06-30T16:26:06.000000,157e3cff1e14199cacd9428005d16435,15920,15920,0,,,
2022-11-09T11:15:02.000000,aa88712dbb69f00cc1162fa770a13865,131600,131600,0,,,
2023-07-27T10:16:31.000000,4b0368ff616489969e2470571b601a16,15920,15920,0,,,
2023-01-03T19:25:41.000000,1067e10eba8c072db2de25f2dea6e8d1,83200,83200,0,,,
2022-12-31T22:55:56.000000,6fd4a1dee3ece446411a98917b3f8090,79200,79200,0,,,
2023-03-28T15:55:42.000000,b4795b934926a122c671a3730c0d55e0,15920,15920,0,,,
2022-11-15T07:38:41.000000,ccc9b1af098e8084ec7ae26e2a4edc53,15920,3960,11960,2022-11-15T07:36:39.000000,kakao,0.0
2022-12-20T17:19:44.000000,205d34c3b21fc7b8f58f1522f9b330d7,79200,79200,0,,,
2023-12-29T18:50:52.000000,bb8ae47249ebbb21115b3cef7e7c0ac4,95520,95520,0,,,
2022-11-28T16:56:36.000000,de25e07a35258a3475a12a3f0b99d135,15920,3960,11960,,,
2022-12-19T15:27:20.000000,9a9c594b257b2ba6121cf9da592bd4ed,79200,79200,0,,,
2023-09-10T08:11:47.000000,e750e370ac2c72d76a7c38214dfc83ba,15920,15920,0,,,
2023-11-08T00:06:21.000000,48b16fec3c76da611ee1dfbe8ab65a7d,15920,13532,2388,,,
2023-09-25T21:01:03.000000,8a7d7f4b0c4d675730f28f62b5f4f856,131600,131600,0,2022-09-30T14:49:25.000000,kakao,360.26
2023-11-23T20:22:15.000000,07b0f4a73b4ff291ae7c5b8c64367e0f,15920,15920,0,,,
2023-10-13T18:37:54.000000,4ce43a7b00c8122c42c11257707a78b7,15920,15920,0,2023-10-13T15:52:22.000000,kakao,0.11
2023-01-31T22:38:32.000000,eb5c7d4463518e21b54d5142fb5a72e1,95200,95200,0,,,
2023-01-27T22:01:11.000000,d4f046cfdedf28cdf55650c7163f9710,95200,95200,0,,,
2023-11-23T14:27:34.000000,533826026a935e6ef93e1a9345b57d0e,15920,15920,0,,,
2023-02-13T16:00:02.000000,3ff450c751372d35bdfe40569d061832,15920,15920,0,,,
2023-03-20T16:15:02.000000,5d0e8f6e89799e6bd98a15584940af13,15920,15920,0,,,
2023-04-16T23:05:01.000000,02e5e3faf749d4f61f151bce20bab120,15920,15920,0,,,
2023-01-31T08:45:39.000000,e6f4039018b1f59f02cf3dd7f3efae2c,95200,95200,0,,,
2023-01-17T09:45:57.000000,da903325ee5af6929eafa302cad47233,87200,87200,0,,,
2023-05-22T20:55:11.000000,f5d9987d266ec1f4a5cec6e43ba27664,15920,15920,0,,,
2022-12-06T12:17:02.000000,f48a84cead8b9b07dfc74425d44471d2,79200,79200,0,,,
2023-11-30T22:04:47.000000,453e53418e6e4807f6acfc2e9e05ffb3,131600,131600,0,,,
2023-08-07T18:29:34.000000,ff771cde224ee3c9159f2ffa8af511e7,15920,15920,0,,,
2023-05-18T08:55:47.000000,7c360450ff9979428473e3ee47d83c43,14328,14328,0,,,
2023-07-11T12:12:47.000000,435185fa84387550ef66836ec492bc61,15920,15920,0,,,
2023-07-02T13:07:07.000000,074b9f65db185f54c19428f53fb3e2d2,15920,15920,0,,,
2023-08-22T21:49:32.000000,b96dd2f32b42cba657e6897e32b65323,15920,15920,0,,,
2022-12-18T15:03:57.000000,ac965d3462af3dfb9973bb8003ddc80e,79200,79200,0,,,
2022-12-29T20:36:57.000000,81646ffa2c9c96873d1fca757822f35d,79200,79200,0,,,
2023-11-06T20:36:19.000000,af060eac1ddc9f91002982ba1e59fbb1,15920,15920,0,,,
2023-01-10T22:43:09.000000,310a4e4e2193e323f424d9e98182f4c5,83200,83200,0,,,
2023-05-04T09:45:02.000000,fe89f26afd55b73be69b4c0e7fb81e2e,15920,12736,3184,,,
2023-01-10T12:31:58.000000,1b9f07206d21cfe879d2bef4dc8f8087,83200,83200,0,,,
2023-06-16T14:57:24.000000,641aefa82ae52533538bf4ca5ea56bc3,15920,15920,0,,,
2023-12-19T23:48:27.000000,d0572d876f5021cf9e866e03a2f08e1b,95520,95520,0,,,
2023-09-09T13:33:23.000000,9ed990983fca67be4c2689de1b1a6d08,15920,15920,0,,,
2023-08-01T17:40:26.000000,55e579a1a5eb18f1e2a253cdd80c9678,15920,15920,0,,,
2023-05-02T12:05:03.000000,5c0b6c46f18d4a49496146a6aeaea996,15920,15920,0,2023-04-24T22:33:42.000000,kakao,7.56
2023-01-23T08:45:52.000000,fc25a33796fd7b45ce0cae1211141ef3,91200,91200,0,,,
2023-01-30T23:56:55.000000,adadc28d60599cba474e1bd0da665c66,95200,95200,0,,,
2022-12-19T20:03:39.000000,6a68189b4cd82a8d46b9f9914e7ee9be,79200,79200,0,2022-12-19T19:10:40.000000,kakao,0.04
2023-07-05T16:43:00.000000,94cfe2048871cb924259d7400b852872,15920,15920,0,2023-07-05T16:40:37.000000,kakao,0.0
2023-11-01T19:27:24.000000,084479a6b8e82d50103e871a9398153b,131600,131600,0,,,
2023-01-24T20:00:47.000000,9d01064339e96edca6182305d3d28c49,91200,91200,0,,,
2023-01-04T13:05:15.000000,c945e60117099609a17d789dcd823953,83200,83200,0,2023-01-03T21:49:54.000000,kakao,0.64
2022-11-30T23:50:01.000000,1318012cb0c59e1c26d6b60ee60dcbf1,15920,3960,11960,2022-11-30T23:39:59.000000,kakao,0.01
2022-12-24T15:57:26.000000,7b2a7c8bf15b4253b5469e06182b262d,79200,79200,0,2022-12-23T15:38:57.000000,kakao,1.01
2023-01-12T11:10:57.000000,8f0e264ac246a14527ed1d3a8622c7a0,87200,87200,0,2023-01-12T11:06:16.000000,kakao,0.0
2023-12-21T18:25:20.000000,87fadd96f72e53a5a4a8e69ac4763c42,95520,95520,0,,,
2023-12-30T14:34:23.000000,a0dfad757ab7336dbdc3ef5d91e70cb5,95520,95520,0,,,
2023-09-19T11:38:10.000000,4a1f9d7436f4507f90e75140cef9eafd,131600,131600,0,,,
2023-10-20T23:23:55.000000,e4ea9b9c1ac4b0f155d84b2452ceb91e,15920,14328,1592,,,
2022-12-17T23:32:59.000000,f72d1b83ce3bf2d934c01e51fed306cf,79200,79200,0,,,
2022-09-09T14:05:03.000000,9e50bb9740e9dcc09b04e952e8934504,15920,15920,0,,,
2023-06-08T20:34:34.000000,a22a74914ad797a302849662951efe6a,15920,15920,0,,,
2022-12-21T20:28:19.000000,afa15ac764f7e74de37c3a666a9911d3,79200,79200,0,,,
2023-03-17T22:30:02.000000,69c5bc8116b74c944910bead07c4f29e,15920,15920,0,2023-03-10T04:37:59.000000,kakao,7.74
2022-12-20T21:09:25.000000,63a4b475eb777219ecba0446019e2218,79200,79200,0,,,
2023-04-10T20:10:02.000000,a37ba806fef29da150a56f7b16d50d9a,15920,15920,0,,,
2023-08-08T21:06:14.000000,6ad76f748bb2722acb4e34ca69f542c7,15920,15920,0,,,
2023-08-28T14:49:44.000000,718b2c02bd130beb931cc26f187b51c0,15920,15920,0,,,
2022-12-15T09:44:34.000000,23aec512e4a6102834957fe60a3ada8d,79200,79200,0,,,
2023-12-28T10:15:56.000000,ea1eb64a66208c90ab062c542c2a07ca,95520,95520,0,,,
2023-01-05T19:42:06.000000,656f50a616e5b58105bf1a13fc63c598,83200,83200,0,2023-01-05T19:33:39.000000,kakao,0.01
2022-12-02T15:52:25.000000,a6ccc54961606b155c80a6cd70820a7a,79200,79200,0,,,
2023-07-08T12:21:11.000000,5685bee301b43ce42fcf08defae92a02,15920,15920,0,2023-07-07T12:51:58.000000,kakao,0.98
2023-04-11T14:55:03.000000,aea17543afafe8380c5412c52035c2a7,15920,15920,0,,,
2023-09-22T07:35:17.000000,70eaf479916d17a606ae3c50bf278407,131600,131600,0,2023-09-21T07:45:14.000000,kakao,0.99
2022-12-31T10:00:33.000000,255088eea5f856b256263bc15afa4bfd,79200,79200,0,,,
2022-11-24T14:55:28.000000,f6ac68d76063f97c7edce7a9afbd409b,15920,3960,11960,2022-11-24T14:55:01.000000,google,0.0
2023-11-25T09:27:13.000000,e5c3edfd7ed13a93cd63a0f7de40f8ff,131600,111860,19740,,,
2023-01-10T11:39:08.000000,e80696c1f20bf9ba001afdba1eb51c64,83200,83200,0,,,
2023-05-22T14:02:06.000000,d01321fde3bd38fefb2426fc69cf968b,15920,15920,0,,,
2022-11-20T18:59:03.000000,da5fbae77d1126294b88613398fb02ab,15920,3960,11960,2022-11-20T18:58:35.000000,google,0.0
2023-01-17T17:30:08.000000,875334fc5ad90fb7ad09eae245bd5e99,87200,87200,0,,,
2022-12-29T07:59:11.000000,7b8f35a8f8b2cf6270fc478179c476b8,79200,79200,0,,,
2023-08-14T14:35:44.000000,8a485036f2c6781f6c7dc0f2b9f0e9ff,15920,15920,0,2023-08-09T15:33:43.000000,kakao,4.96
2023-11-15T11:13:04.000000,c15f81ff6b7b7aa7715ee968cbc9ea97,15920,13532,2388,,,
2023-07-15T14:59:34.000000,ad7a4819654f10bce573dcb74b06a8af,15920,15920,0,,,
2022-11-26T01:21:56.000000,13a23375f2056e5fe3e15eb9e5a498b4,15920,3960,11960,,,
2023-05-24T12:11:02.000000,56f1861cca869a148428f382c63601d1,15920,15920,0,,,
2023-01-02T17:32:48.000000,708012f91fdfdf8867508836af74e744,83200,83200,0,,,
2023-05-18T22:15:39.000000,3e20488d360bee1828445d9994261454,131600,131600,0,,,
2022-11-16T16:53:13.000000,aa04ca3360e9e8669582761063a13327,15920,3960,11960,,,
2023-06-18T12:55:33.000000,baa5a5377ec94b7040a253d921896aee,15920,15920,0,,,
2022-10-05T17:45:02.000000,88e89a57d5c5d81b65cfe536b2c3eb31,42960,42960,0,2022-10-02T17:40:57.000000,kakao,3.0
2022-11-30T13:04:37.000000,982f871d0a90392abe18dbbbe80eadc9,15920,3960,11960,2022-11-20T01:03:02.000000,kakao,10.5
2022-12-22T13:00:03.000000,73e92a421020e8aa2946c61fb67ed6fb,79200,79200,0,,,
2023-05-24T16:22:58.000000,41757b3250bb546c456c93a974a1aae1,15920,15920,0,2023-05-24T10:52:33.000000,kakao,0.23
2022-12-25T10:08:35.000000,a109cec60876014ebedc1d2b8105643e,79200,79200,0,,,
2023-11-04T21:27:34.000000,edd03f3b4b15e5a1ca9e6c47ecd07a6b,15920,13532,2388,,,
2023-11-27T00:54:59.000000,476c47f25e00014a6d309870bbf06944,15920,15920,0,,,
2023-01-13T23:29:53.000000,ec18d2b08081976b88e9db4b346b3ca7,87200,87200,0,,,
2023-06-22T08:35:31.000000,56f67a16847cabfae03143fa12561c81,15920,15920,0,,,
2023-05-19T15:01:02.000000,51370c63d89f35d915f756bd20d1f9d7,15920,15920,0,,,
2022-12-13T21:38:23.000000,91cbf413cdc94fb399429753e6fecc65,79200,79200,0,,,
2022-12-11T11:19:39.000000,fe2501403ef47f8a79cc880ed9cd2272,79200,79200,0,,,
2023-04-06T09:00:06.000000,7049442e9ce2c8f40514edb35fa03748,15920,15920,0,,,
2023-01-09T14:44:40.000000,da35814efc2f76fb801e3315656e3a32,83200,83200,0,,,
2023-11-01T03:25:56.000000,dac95c62c89f4a922d760a0dbe74b1f1,131600,111860,19740,,,
2022-11-22T20:33:52.000000,c08e32271d96bd91f8626c49f91e9fc3,15920,3960,11960,,,
2023-08-12T22:55:32.000000,a45344a1d460215cd10dd49ffae2674a,15920,14328,1592,,,
2023-04-08T19:49:59.000000,3d18323e4518116233fba1251c153f1c,131600,131600,0,2023-03-28T05:47:30.000000,google,11.59
2023-01-13T12:15:29.000000,63c2aff9d4103c6018557fd0168153f7,87200,87200,0,,,
2022-12-25T10:37:33.000000,619f42c90c45d689aa7710caf0c6285f,79200,79200,0,,,
2022-11-22T20:03:11.000000,9d051b6481d9beee23dff563b8f59a7b,15920,3960,11960,,,
2023-10-06T22:44:49.000000,59ccafe3852148e8c85e045625236341,15920,15920,0,,,
2022-11-22T16:24:02.000000,df279152db0952f556e16859dd861a69,15920,3960,11960,2022-11-21T19:08:12.000000,kakao,0.89
2022-12-31T14:54:40.000000,09dcb3ab618de6872a51cb322901ccce,79200,79200,0,,,
2023-05-08T12:04:00.000000,7804537e4f61c4f11fc2dc816a3401af,15920,15920,0,2023-05-08T00:22:59.000000,kakao,0.49
2023-07-09T16:45:47.000000,97822c26796a4680e1c5b5b518b2e131,131600,131600,0,,,
2023-11-30T20:05:17.000000,62d2a76bdd1baa30ef7cfc25b20c5b78,15920,15920,0,,,
2023-10-21T17:48:49.000000,3eb5a8a201481621ee3ffa6c9ff5295b,15920,15920,0,,,
2023-06-30T16:21:11.000000,1af3558d143cded86ed81e87275ecec4,15920,15920,0,,,
2023-04-19T20:51:06.000000,bd3f95c63a7d337f9ae1fa816236579f,15920,12736,3184,,,
2023-02-25T19:25:02.000000,3d0ea701f92b388c53a5d9f075e88418,15920,15920,0,2023-02-10T01:22:46.000000,kakao,15.75
2023-01-10T21:53:56.000000,2b93c2fd1b135338db9a70dd90d89410,83200,83200,0,,,
2023-02-28T21:20:03.000000,f1e2d02f9b6977d1a9eb95eb59c3ee0f,15920,15920,0,,,
2023-01-01T15:09:20.000000,d343d9c3380b4a6b54f58242b3e4c85d,83200,83200,0,,,
2022-11-25T16:55:52.000000,221e3bc2b8684e84b323c45fc1ce82c1,15920,3960,11960,,,
2023-11-01T14:46:42.000000,0c8fb8630699c630c7fdd228ba8d67a9,131600,131600,0,,,
2023-08-29T00:56:36.000000,d821a640a1ffc35795af5651a8b8faa2,15920,15920,0,,,
2023-12-17T09:37:38.000000,42567bf850580624e2905de5d89a90db,95520,95520,0,2023-12-17T09:32:30.000000,kakao,0.0
2023-12-02T15:12:57.000000,eeb1621bd7db0ee74b00b3268cf45f66,131600,131600,0,,,
2022-11-29T19:05:58.000000,09de4a9c0810cdab79232d70fec55c61,15920,3960,11960,,,
2023-11-19T19:49:53.000000,cb80dfb47604e8465da912ea4e63f0d1,15920,15920,0,,,
2023-02-09T21:45:02.000000,dfda86136dc5bf482876c7af93402323,15920,15920,0,,,
2023-07-09T19:27:38.000000,fd4976369a8cd85bc3b5b383f717b5c2,15920,15920,0,,,
2023-11-28T19:02:05.000000,05ba0b278fda6ed899c93fd6190e8bdd,15920,15920,0,,,
2022-12-20T16:28:23.000000,ba4129014ff299c472b0e0777c354423,79200,79200,0,,,
2022-11-28T13:40:58.000000,c9d1e8a81e33fde84a07051af7a2e005,15920,3960,11960,2022-11-28T13:39:40.000000,email,0.0
2023-03-19T21:00:03.000000,201ba8abea1a958d0a98b0cbda7370b6,15920,15920,0,,,
2022-12-29T22:38:52.000000,f8599686c39626b97e6974bce4a4865b,79200,79200,0,,,
2022-12-28T10:32:30.000000,4b60b0fd853444f5c50b9118b28144d6,79200,79200,0,,,
2023-05-03T21:10:02.000000,0a823180cf3eec8d3be8db4f499f0a23,131600,131600,0,,,
2023-02-18T10:25:02.000000,93e60ba35197a80d5eb7577f72c95d7d,15920,15920,0,,,
2022-12-20T11:04:46.000000,480f0f492639bad2264f039b5727d2dd,79200,79200,0,,,
2022-12-31T23:06:30.000000,a3a9ebfa592192c1cc03e361a9b2599a,79200,79200,0,,,
2022-11-21T09:37:57.000000,fa56cd61e87b2d318cdb3f933019fc84,15920,3960,11960,2022-09-28T08:41:45.000000,naver,54.04
2023-10-30T12:58:37.000000,e69cd8084892ce0a7698cd26e426470e,131600,111860,19740,,,
2022-12-07T12:39:03.000000,4b4c9c2fb877376720ca5b11ef7384f5,79200,79200,0,,,
2023-01-09T15:24:18.000000,3a7066811cc2cfb6e8d8f659649b042b,83200,83200,0,2022-10-18T21:35:45.000000,kakao,82.74
2022-11-15T21:30:59.000000,92cf46463225e0912034afda9baabbc5,15920,3960,11960,,,
2023-12-26T19:36:33.000000,e44eb8cf23ada0ef5416dbb5f8d598f9,95520,95520,0,,,
2023-06-25T22:20:27.000000,e346ea990eff2297f562342bc3f32576,15920,15920,0,,,
2022-11-15T18:11:36.000000,0a22df2023f90465eb86ddd9015e155d,15920,3960,11960,2022-11-15T18:10:39.000000,kakao,0.0
2023-07-12T21:16:57.000000,96bbdbb9602860a86ae283cdc4beae23,15920,14328,1592,,,
2023-05-05T22:28:35.000000,ea4ca47baa41447263b90957e0cf39c2,15920,15920,0,,,
2023-12-14T15:38:40.000000,9fcb57637e4c1f5042b1de9e5a930e9c,95520,95520,0,,,
2023-11-25T21:52:35.000000,7c0626642d53dba76666ad7b60915e57,15920,15920,0,,,
2023-01-30T11:07:15.000000,fa4310ef569d2db8e7a1d77994ca0a0a,95200,95200,0,,,
2023-01-11T23:07:01.000000,a62bab1af67320a321aa3c2c97764da9,87200,87200,0,,,
2022-12-06T10:45:02.000000,b0881bf0da4c2dd9018cb5d2b572a8f0,79200,79200,0,,,
2023-10-24T11:04:27.000000,f0243b75d4cb0821e1d24248669d802e,15920,15920,0,,,
2023-01-09T13:11:10.000000,6c1870191957ba834a4b9a8a40728b0c,83200,83200,0,,,
2023-08-18T15:44:43.000000,faa274bcb4f8028d48df57ba96d60657,15920,15920,0,,,
2023-12-31T08:12:00.000000,e33f06424010309c456916e8c043e622,95520,95520,0,,,
2022-12-21T18:00:16.000000,6617ab169d9eae5b47b53fc6c1b3d230,79200,79200,0,,,
2022-11-08T11:40:02.000000,ba5bc963207fa11de299e11aac5bd05e,131600,131600,0,,,
2023-12-19T12:06:26.000000,a45285f5d5258e7e4e9599fba4de314a,95520,95520,0,,,
2023-01-08T16:41:34.000000,15229d9489cfdb271a3294e5a78f833d,83200,83200,0,2023-01-08T16:38:43.000000,email,0.0
2023-06-20T21:52:14.000000,847345c58abae6e524d8cd172ff15336,15920,15920,0,,,
2023-09-07T04:08:27.000000,084a59b47595c5fb94d9d6df0481c7d8,15920,15920,0,,,
2023-08-31T16:38:49.000000,8dbfa9eb990804278e7c358e86a66a4f,15920,15920,0,,,
2023-05-01T16:58:03.000000,8712b785d061d1f05d03906b86881da3,15920,15920,0,2023-05-01T16:36:34.000000,kakao,0.01
2023-05-04T22:20:02.000000,cd20cf50ddec9d3496aafb74e842cb7a,15920,15920,0,2023-04-27T22:17:11.000000,kakao,7.0
2023-10-03T12:50:41.000000,f4362b7ea9db72a5ac1f4c9251bede82,15920,15920,0,,,
2023-11-04T22:00:56.000000,6dcdeb616dddd53a52369c168542a1f1,15920,15920,0,,,
2023-06-20T10:52:00.000000,6ebfc088fd419a262bfbc38ac4d9340e,15920,15920,0,2023-06-19T20:01:26.000000,google,0.62
2022-11-24T18:10:59.000000,dc08d031396450889a00da419a71c2cb,15920,3960,11960,,,
2023-01-09T12:42:00.000000,336f1239424f57577afad50d40c599e8,83200,83200,0,,,
2023-07-09T22:41:53.000000,695f9abbb156348f203da7ee3aae3104,15920,15920,0,,,
2023-05-19T21:41:54.000000,75303fdee80d234500769689522f497a,15920,14328,1592,,,
2023-02-20T20:50:02.000000,8154d5ee28ccd0ae0ef32f20cf99049d,131600,131600,0,,,
2023-12-30T21:44:44.000000,500ad0af84f24b483b63ee3f7b85c1a9,95520,95520,0,,,
2023-12-18T21:18:32.000000,8295aa9755fcbea5e4e5c78feabb4e45,95520,95520,0,,,
2023-09-03T16:36:59.000000,96261742b8257b6aa1b3ccf13ec2ba9a,131600,131600,0,,,
2023-12-31T23:15:56.000000,d2afe50fd807e077fdb2fbe9ea1a3c52,95520,95520,0,,,
2023-12-04T17:41:28.000000,b290dd6e346ff6c6fdc9db73fbd2719a,15920,15920,0,,,
2022-10-12T17:45:02.000000,f0df6e697c00be2c6638ebdc2e030cbb,131600,131600,0,,,
2023-11-21T01:29:05.000000,4e736b4c06fbe9f7e8932a07e6e6f09a,15920,15920,0,2023-11-19T01:47:38.000000,google,1.99
2023-12-31T20:58:57.000000,d1138bcc3e867e73a421703d578fe352,95520,95520,0,,,
2022-12-18T14:45:08.000000,06dab9581e3715073e9af129fc33ecd3,79200,79200,0,,,
2022-09-11T18:05:02.000000,8c2dfa18928891637ae29520f73decd6,15920,15920,0,2022-09-04T17:42:19.000000,naver,7.02
2023-01-07T07:09:23.000000,dbf7823db3b1ae17f59e65722aae8b88,83200,83200,0,,,
2022-12-31T03:29:02.000000,2b98df08e309c63d1f12c9789202e436,79200,79200,0,,,
2022-11-19T21:45:02.000000,139c1cf233ccae4be971eac38eb105b5,15920,15920,0,,,
2023-07-05T16:32:04.000000,9264671cb47a714683ec3c702829e0d2,15920,15920,0,,,
2023-08-16T20:28:24.000000,1573ea2e7c52d999091f2a0e2d167fcf,15920,14328,1592,2023-08-15T15:37:15.000000,kakao,1.2
2023-08-21T11:44:36.000000,678b727d4d9f18e49faea653b680da5b,15920,15920,0,,,
2023-09-04T12:24:40.000000,03b6bc4f9fd3340602d9352ea9344d0f,131600,131600,0,,,
2023-10-06T11:35:52.000000,bada68b27bfd7213c449368e652b7b7d,131600,131600,0,,,
2023-02-13T16:45:03.000000,b5868118ec23fb5e42bffce8df1d9b0d,15920,15920,0,,,
2022-12-17T16:09:10.000000,01d18b8753399ece1c2f66cdc61474ed,79200,79200,0,2022-12-17T16:03:10.000000,naver,0.0
2023-09-19T20:30:08.000000,280121f4ac61e917ec8846701eacf5f8,131600,111860,19740,,,
2023-10-14T16:48:51.000000,c8be84fa4c289264fc1f35bd76b097b1,15920,15920,0,,,
2023-06-04T15:17:58.000000,3d6d64cd904a2f5ba7cf19237fbd8937,15920,15920,0,,,
2023-07-31T15:15:54.000000,748d20973591001e4df47a87edb79b24,15920,15920,0,2023-07-28T22:20:48.000000,kakao,2.7
2022-12-30T11:49:02.000000,c6def24e210515ce2f59fae968a39d2e,79200,79200,0,,,
2022-11-30T21:38:53.000000,c5155608831e333f3e6525d666f7c62b,15920,3960,11960,,,
2023-01-26T13:15:24.000000,ec9838f07f09ed83d1f4398ddf4ec203,95200,95200,0,,,
2023-07-03T01:10:44.000000,b1f8d8b79a9c42bdce93f3a01fe0312c,15920,15920,0,,,
2023-07-13T20:23:49.000000,e07af6d46b5433bfa56bfdbc296cef8e,15920,14328,1592,,,
2023-08-10T18:09:31.000000,41d5a6e23bb71e3e9d593e76193131c6,15920,15920,0,2023-05-03T18:37:09.000000,kakao,98.98
2023-11-04T00:07:40.000000,a689d865ac2e291b55deeec383556af1,131600,131600,0,2023-08-25T23:02:31.000000,email,70.05
2023-05-31T16:43:38.000000,d79c26fe60f396a0621c566edb0ee24f,15920,15920,0,,,
2022-11-18T21:15:03.000000,8781b9bcdb6ed82b8ed22bddca743642,15920,15920,0,2022-10-11T21:00:33.000000,kakao,38.01
2022-11-30T21:42:16.000000,b500ce7992f802ded53d4840aff981ea,15920,3960,11960,2022-11-30T21:41:41.000000,email,0.0
2022-11-28T11:00:57.000000,42456a5f2f479be90180f94a78ecffdd,15920,3960,11960,2022-11-28T11:00:20.000000,email,0.0
2023-06-25T23:52:16.000000,a702da255ca0890420ea2a21077202d0,15920,15920,0,,,
2023-09-10T16:59:19.000000,8196770fc6c1904a9e368880466b445f,15920,15920,0,,,
2023-11-15T22:25:15.000000,d18d8a826c2980473b569feb27dd675c,15920,15920,0,,,
2023-08-02T13:02:25.000000,4a9797c77e0721d6a84c87e65228e86e,15920,15920,0,2023-03-07T17:42:14.000000,kakao,147.81
2023-08-28T17:22:01.000000,cad56774846815684e063fc4753bbf94,15920,15920,0,,,
2023-03-21T16:05:03.000000,d3e083d1cf1395570c453f3d523eda2f,15920,15920,0,,,
2022-11-26T12:33:16.000000,19ca087f968bd4cee5ac1c5368458433,15920,3960,11960,,,
2023-11-13T15:30:21.000000,a673dc1d3aa3f566553cf15551a70a15,15920,15920,0,,,
2023-09-20T15:10:39.000000,82887d75f5e4623ae8aff51183af1388,15920,15920,0,,,
2023-11-11T21:52:46.000000,747b44315ad0551d927e1983008f1191,131600,111860,19740,,,
2022-12-28T15:56:00.000000,fc4e58eedc45f067a24bd0c43edf2070,79200,79200,0,,,
2022-12-23T19:45:37.000000,7055d721b3e50fedc595e319ebf60e34,79200,79200,0,,,
2023-12-26T21:32:43.000000,ca8073b53bfd5d4ccea9967219b45543,95520,95520,0,,,
2023-05-15T03:31:53.000000,bcbaef6ec2e4516bf214730dc263c4ee,15920,15920,0,,,
2023-11-02T21:51:10.000000,994ba4c7edf451946eb689f7b95adb60,131600,131600,0,,,
2023-02-28T21:35:02.000000,2bdfee9b86882910ae0c1f00935626f3,131600,131600,0,,,
2022-12-30T23:42:55.000000,b53c393bf8c99e45fce89d748cd47e54,79200,79200,0,2022-12-30T23:38:42.000000,kakao,0.0
2023-09-07T22:02:06.000000,f7ebd54fbc110bb045014c8938226e67,15920,15920,0,,,
2023-07-27T21:09:00.000000,b608d5c4818da59c7acbf659eefc9fd1,15920,15920,0,,,
2023-07-11T20:52:38.000000,98387c1d9bb8c459ff56202450e82c05,15920,15920,0,,,
2023-12-31T23:58:09.000000,cac396c58ee1f0db0f9eb1f974b0ca14,95520,95520,0,2023-12-25T14:46:48.000000,kakao,6.38
2022-12-30T15:38:22.000000,264d5e38d180d088cfab95b50faee8f0,79200,79200,0,,,
2023-07-21T17:11:16.000000,cbec5ea70d75c453ad94ff0e7f73a642,131600,131600,0,,,
2023-05-16T20:32:10.000000,8fae10cadae66a72c152c77270173d9d,15920,15920,0,2023-05-08T23:12:08.000000,google,7.89
2022-12-20T20:36:54.000000,da9c2a40f42f4adc6f3b0d5f6702da9c,79200,79200,0,,,
2023-06-22T14:11:41.000000,cf46b1ea97c66a73371719b8b7d0e866,15920,15920,0,,,
2023-01-03T16:08:41.000000,c7e3b32ba223e28e770bb9dacee00835,83200,83200,0,,,
2023-05-11T13:12:50.000000,eb94155d7d652f3633bbc45980c6db20,15920,15920,0,,,
2023-06-27T22:24:31.000000,a2dfcfc7731078d32e4401aa9b6ed794,15920,15920,0,,,
2022-11-30T08:46:18.000000,0f9a6b59166abc178468b9edf93640ba,15920,3960,11960,2022-11-30T08:10:47.000000,kakao,0.02
2022-12-29T14:51:21.000000,302caae3e85a6f7da5828fef36fb92b9,79200,79200,0,,,
2022-11-30T22:07:06.000000,3acd5c66bd15c38984b5e7ce410b60ce,15920,3960,11960,,,
2023-09-14T00:09:25.000000,7a94a9c006d0ab8388bd057a6df8f7f2,15920,15920,0,,,
2023-12-31T22:38:04.000000,9c8aee5cf5e8dfdc732d8b5b10a9e879,95520,95520,0,,,
2023-07-19T14:11:31.000000,26456837487c61141d9e0d8ede57a7de,15920,15920,0,2023-07-09T10:31:39.000000,email,10.15
2023-08-08T22:13:33.000000,e833b179de1afa7ad21de9d4f732cce9,15920,15920,0,2023-08-07T22:12:00.000000,email,1.0
2023-06-11T19:34:33.000000,9d4ac1f1041a94c492cb6565fad82af0,15920,15920,0,,,
2023-01-31T23:45:40.000000,787107d4e71543a14a42a51722dbbc08,95200,95200,0,,,
2023-06-21T20:47:12.000000,50d8561b39af0a585aa5fe29135f9868,15920,15920,0,2023-05-05T20:15:05.000000,email,47.02
2023-03-23T14:35:03.000000,06174570caac7887603e9192f879908f,15920,15920,0,,,
2023-05-24T12:19:40.000000,896361d3b4ff9b8db688613fdf4efc22,15920,15920,0,,,
2023-01-10T18:19:30.000000,df77200ca0bf68affbdeebda4ca4ab78,83200,83200,0,2023-01-10T18:18:21.000000,email,0.0
2022-11-30T22:29:46.000000,28b5e517d5a99a8d8a2234c3142e309e,15920,3960,11960,,,
2022-12-31T20:09:18.000000,7c8b30a077354918ab382b4b68ecbf65,79200,79200,0,,,
2023-02-24T13:55:02.000000,e53c2126e28ebd89ce211457fe2af63c,15920,15920,0,,,
2023-07-03T20:10:13.000000,03e99bfbddedbaab91eb806864cea776,131600,131600,0,,,
2023-01-09T12:23:57.000000,c9d2353b40a2b31c892b13bb76ff7d79,83200,83200,0,,,
2022-11-21T22:18:16.000000,afc3452a958e9f455583c842ba04e474,15920,3960,11960,,,
2023-12-29T10:54:33.000000,ec2c212d7513a70f3cf806da77512572,95520,95520,0,,,
2022-11-14T13:58:41.000000,2a53baaa93fb14c00580274669d7e3bc,15920,3960,11960,2022-11-10T18:15:27.000000,email,3.82
2023-04-05T21:10:02.000000,4283daa40e1f75caef398fe4a5e7cde4,131600,131600,0,,,
2023-06-21T09:31:16.000000,5972f161f829c131fd3b7b5a35847c2c,15920,15920,0,,,
2023-01-15T21:24:12.000000,2197989b980e46a6928dc3cf9ce7276b,87200,87200,0,2023-01-12T12:33:53.000000,kakao,3.37
2022-12-06T18:48:55.000000,1718432f54ebca48832fc7ee9a82810e,79200,79200,0,,,
2023-12-14T03:24:07.000000,50521b131d6dc7f2356c4d4bbb00e533,95520,95520,0,2023-12-14T02:54:20.000000,kakao,0.02
2023-01-17T22:59:19.000000,b87b995181df592a4171e01466bc81e0,87200,87200,0,,,
2023-12-26T17:24:31.000000,bf20e27c55887ce470b564233635197f,95520,95520,0,2023-07-01T12:40:47.000000,naver,178.2
2023-09-04T10:38:53.000000,615ac15c3d8c12f8b31bf9b522d500b1,15920,15920,0,2023-09-04T10:36:36.000000,naver,0.0
2023-02-22T13:40:01.000000,23e4d4434bd697cd0e60cdb239e199fb,131600,131600,0,,,
2022-09-25T19:15:02.000000,93e5a4b72d09c28c68f3031b82e63f86,15920,15920,0,2022-09-16T20:12:24.000000,kakao,8.96
2023-12-28T22:24:15.000000,9fa87d7c94d5c1cafbcd8feddc1e87df,95520,95520,0,,,
2022-12-27T22:42:32.000000,85a7d007cc6c05141e9bfca2e009667c,79200,79200,0,,,
2023-01-31T18:47:19.000000,d5602d03132a8a4b42ecec11f95050e4,95200,95200,0,,,
2023-01-14T15:45:16.000000,dfb7ccd6b857dc0db89a91690b06c506,87200,87200,0,2023-01-14T15:39:28.000000,kakao,0.0
2023-11-05T16:16:08.000000,3761c6f85df6e40eccdadc614dc353fb,15920,15920,0,,,
2023-11-07T00:07:06.000000,0e21ffeeb45cf0552e181d2f2610e75e,15920,14328,1592,,,
2023-08-29T16:39:45.000000,8c903a815365c70f0206340d52ee113d,15920,15920,0,,,
2023-12-30T17:45:59.000000,5a3d1d62dd78ae381f4df956bb078052,95520,95520,0,2023-08-02T11:47:47.000000,google,150.25
2023-01-07T17:39:58.000000,36fa6312255480fd69ed708064334520,83200,83200,0,,,
2023-06-24T23:38:59.000000,e6ed3f84ddec118377018d57cd394f3a,15920,15920,0,,,
2022-10-02T19:35:03.000000,889f1c27c191a571b50128e80b93a4d2,15920,12736,3184,,,
2023-07-20T02:35:51.000000,7659bc7dfee72f07782ebca13f892d70,15920,15920,0,2023-05-10T22:57:32.000000,kakao,70.15
2023-04-24T14:05:02.000000,55e6062224dcb89065fbff81b981a2b5,15920,15920,0,,,
2022-12-20T21:14:58.000000,4c105460c74e4168b5d66c451646d37c,79200,79200,0,,,
2023-06-08T00:02:19.000000,71404f29618b4045462ad029a30234ed,15920,15920,0,,,
2023-01-30T16:49:09.000000,a2e2cb92a5c0fdbcfa96cf3343ab6ddd,95200,95200,0,,,
2022-11-30T17:33:02.000000,98d1d5325ea13b22b6f7f0cb0ac5ce9b,15920,3960,11960,,,
2023-10-09T19:13:02.000000,e285bf8f3a8485790d80a2d4b09e7c00,15920,14328,1592,,,
2022-12-29T11:22:58.000000,deb55afcf9d855c108e8ab0701de1b31,79200,79200,0,,,
2023-02-27T19:35:03.000000,ea59f307e01ebea7eb286d770155eb12,131600,131600,0,,,
2022-11-22T19:22:07.000000,4cfc7c69b31a0c210782f84add4c52c3,15920,3960,11960,2022-11-22T19:21:03.000000,kakao,0.0
2023-08-05T21:29:24.000000,0b8a87bcc10494ef3f5c13502dc3cd4d,15920,14328,1592,,,
2023-05-08T20:44:01.000000,50b8d19028ec6f13b426242815279643,15920,15920,0,,,
2022-11-30T17:08:14.000000,0da9f7983e73895ff79ba658384626d2,15920,3960,11960,,,
2023-06-17T14:13:41.000000,4e4b7d2d6d3532727e2ff70544778253,15920,15920,0,,,
2023-05-03T14:35:33.000000,150d1627d8fceb0e5d465467222723cc,15920,15920,0,,,
2023-12-26T14:36:07.000000,05d5cd1ca506af329ca28fa049238509,95520,95520,0,,,
2023-01-03T10:26:04.000000,8518aa2e955bb91462f56c0916a47a2e,83200,83200,0,,,
2023-10-02T14:34:48.000000,ded23cbcec82bb79fa7dad14ba511eb6,15920,13532,2388,,,
2023-01-04T01:46:26.000000,637b50634e65f4c3a58e463f449242d3,83200,83200,0,,,
2023-10-22T03:08:39.000000,9a4f780e03ebdb9e25d97659c0ff5d7a,15920,15920,0,,,
2023-12-20T13:56:33.000000,673a6ad2439cda2982001e894663946d,95520,95520,0,,,
2023-11-08T17:57:30.000000,2be39e9bf15ae09aefacdd202a159475,15920,15920,0,2023-02-27T17:21:16.000000,kakao,254.03
2023-07-31T15:16:20.000000,2a516bef63c97a79b89971f5ba5009f4,15920,15920,0,,,
2023-01-30T22:10:33.000000,6d9221f9db3479a5ba100c80267401f0,95200,95200,0,,,
2022-12-20T19:35:17.000000,285465ef07b2f231082e4d7bbe27d3a7,79200,79200,0,,,
2023-01-31T15:51:07.000000,cea8463faaa270971042b0245a487d00,95200,95200,0,,,
2023-09-03T11:07:45.000000,dd6fbf1d6b1fd862cb360ccc9931ad67,15920,15920,0,,,
2023-12-24T19:37:00.000000,0426d7aefd729926f82efd648c193b25,95520,95520,0,,,
2023-05-10T20:00:13.000000,34c64291e3d0086f8ea0270e406fa0d2,15920,15920,0,,,
2022-12-15T15:48:02.000000,d11afebc46199a446bda6c466c7e82da,79200,79200,0,,,
2022-12-11T19:41:47.000000,d797bbc817dbebd8e8b6ed5418c69836,79200,79200,0,2022-09-19T17:58:34.000000,naver,83.07
2023-06-12T13:31:31.000000,8d1b7c9fa917ad7e6cf35a8b19b6a052,15920,15920,0,2023-06-12T13:28:16.000000,kakao,0.0
2023-02-15T21:20:03.000000,af08f30ae3017a158e385f1b036155ac,15920,15920,0,,,
2022-12-27T21:39:07.000000,bf3153959597bf7dc671f267b3d472a8,79200,79200,0,,,
2023-05-07T23:00:02.000000,15db6de4ab4dd0c20f1c4dd377e6aaa3,131600,131600,0,2023-03-20T22:56:44.000000,kakao,48.0
2023-01-09T13:25:01.000000,05f96ce6f96416c3968ad1c791677de9,83200,83200,0,,,
2023-04-17T18:41:01.000000,83463f05bee03f8c577b477d49ae881b,15920,12736,3184,,,
2023-06-24T14:19:36.000000,c23c2ecdd18dfd01bee78ba7123428e9,15920,15920,0,,,
2023-03-24T11:40:03.000000,32234a69072d0301e514f243c5966e4e,15920,15920,0,,,
2022-12-31T12:27:51.000000,9f7fa51d4c9386109b719bdca1c14062,79200,79200,0,2022-12-30T22:51:50.000000,kakao,0.57
2022-09-29T22:00:01.000000,899776985a2e29703cbd4847da80af53,131600,131600,0,,,
2023-07-13T12:16:28.000000,67e2f3ec04e93e23909601fb306cb2cc,131600,131600,0,,,
2022-10-13T11:10:01.000000,a5c0977a757879db00005502b6b6551c,131600,131600,0,,,
2022-11-30T18:15:17.000000,8e7a9f86d208605606d8bd9ae7e8c6dd,15920,3960,11960,,,
2023-04-05T11:00:03.000000,3d081d5c5bea3120747af3c71bc7bb9d,15920,15920,0,,,
2023-01-30T20:55:01.000000,4a9fe14f9beee34b2d013d1aedf2694c,15920,15920,0,2023-01-28T23:11:11.000000,kakao,1.91
2022-10-29T23:30:02.000000,365100cd0760d68297837ff5d79bed43,15920,15920,0,,,
2022-11-21T12:36:02.000000,5d9ca80e09b10b95506da1042f0b8788,15920,3960,11960,,,
2022-12-10T11:21:21.000000,d8776294f57f57e9c3567062899dc2b3,79200,79200,0,,,
2022-11-30T13:01:30.000000,69ac3468a3a5000deccba968a83e6562,15920,3960,11960,2022-11-30T12:56:10.000000,kakao,0.0
2023-07-13T16:25:51.000000,77eae8845b3b42219982a301c6d6ef89,15920,15920,0,,,
2023-12-11T14:09:19.000000,5d6c610c0a09ddcfde02e183ec4cb00e,95520,95520,0,,,
2022-12-26T22:32:12.000000,24ec6cbcbd44606cef97e8d5d8d6bb12,79200,79200,0,,,
2023-06-23T12:59:57.000000,2c919c2a0881903acf3420562c62aeac,15920,15920,0,,,
2023-11-10T16:24:36.000000,f34208d80b6145a780f6bebd9b46f8a8,15920,15920,0,,,
2023-01-30T22:56:34.000000,b01d36243dd809e32c862b17510d2466,95200,95200,0,,,
2022-11-30T21:34:19.000000,98952dbefae1d3e6d60b1728b6465dd4,15920,3960,11960,,,
2023-07-23T20:10:44.000000,7eea5114a85abc25297d374bf576e6ba,15920,14328,1592,,,
2023-01-17T23:06:36.000000,c894d0a2221c46d8b6717a4b0ae86594,87200,87200,0,,,
2023-05-21T23:57:16.000000,164f48dfef0c5ad26fc99a5f87e63041,15920,15920,0,,,
2023-07-24T02:03:03.000000,313d776d56e22cfa8598c25c842e8e0f,15920,15920,0,,,
2023-11-30T15:50:08.000000,96a31d2a7b9e9831ab01322f50f61bd7,15920,13532,2388,2023-07-29T11:50:57.000000,email,124.17
2022-09-08T17:50:02.000000,a2314d5bbd5327648c1d13e54b132b2a,15920,15920,0,,,
2022-09-12T02:30:02.000000,b5621dc5af10fe2a9f0b05cc28709484,131600,131600,0,,,
2022-12-30T22:47:45.000000,d21f81701821d3b28a671ec99f585f9e,79200,79200,0,,,
2023-01-12T07:52:55.000000,a04aaad53ffe131ad9d97bb512dfeedc,87200,87200,0,2023-01-12T07:51:37.000000,kakao,0.0
2023-02-10T23:05:02.000000,01bf51f864f291f3f9483cfd40f04e91,15920,15920,0,,,
2023-10-10T14:02:56.000000,9eec721a1a1406bcf623272b5f761ce6,131600,111860,19740,2023-10-10T13:57:51.000000,email,0.0
2023-08-13T17:46:32.000000,023a35d569f2b5f9a310f0649e3010fe,15920,15920,0,,,
2023-06-23T18:23:09.000000,735f207da30919eafdb41672ffe60a7c,15920,15920,0,,,
2023-06-25T16:29:58.000000,5bbe4099d40172de65507b33143165ad,15920,15920,0,,,
2023-06-11T02:08:37.000000,9a7b3058449261b3c5d7ae9beae8f247,15920,15920,0,,,
2022-11-02T14:40:01.000000,76ed20c766bf33732351c4018586305a,131600,131600,0,2022-10-26T14:25:27.000000,email,7.01
2023-09-01T00:39:20.000000,bf04c1c48226e33f4f08d1b32b5f52ba,15920,15920,0,,,
2022-10-17T19:20:02.000000,e23e5d8dfe72c1d71a5e4d26c21bc8e1,15920,15920,0,,,
2023-09-06T22:17:41.000000,6515781081695ddc25b13bf7858dda4d,15920,14328,1592,,,
2023-03-29T15:48:00.000000,cdc59011565acc2db8fdcd59fb2572f7,15920,15920,0,,,
2023-01-12T14:06:43.000000,9d7b50db89f933f88e9901d370b67858,87200,87200,0,,,
2023-12-13T12:06:19.000000,06b85ec0bc8b39288bd13dd2335bbb9b,95520,95520,0,,,
2022-11-17T11:07:47.000000,7fe4a25f5f0cfdc180cd15367acb9bc3,15920,3960,11960,,,
2023-01-09T21:50:13.000000,615df702139c4650681e8f83a429dd78,83200,83200,0,,,
2023-07-29T22:36:56.000000,204d6055fd8fd06b2c5da802ea4e116c,15920,15920,0,2023-06-09T00:49:07.000000,kakao,50.91
2023-09-14T22:45:17.000000,16c42274e470af1a5c396ec00eedf88a,15920,15920,0,,,
2023-09-20T09:17:07.000000,08b6f479390412e543d100e0ceaf2550,15920,15920,0,2023-09-20T09:14:12.000000,kakao,0.0
2023-09-15T21:37:05.000000,08b4cc3f8c97666a2d889cfe6ce727df,131600,111860,19740,,,
2023-05-23T22:42:14.000000,4e855ac0a83673e93c67569e9a4a2172,15920,15920,0,2023-02-05T00:59:49.000000,google,107.9
2023-01-31T00:17:51.000000,5e1012f0561fc626216a4c3d399a6020,95200,95200,0,,,
2023-01-24T19:18:20.000000,4db84d9b6e0a183e50af8cf39da0df36,91200,91200,0,,,
2023-05-31T13:23:35.000000,fbe7a7efe7bd18109b2106b549831a21,131600,131600,0,,,
2023-02-21T19:45:02.000000,030341b2f6c4c2fd4f9cfe597f188dc7,15920,15920,0,2023-02-14T19:28:38.000000,email,7.01
2023-09-22T08:22:44.000000,f36c74d404aed5b2d7f72dac0167d8e7,15920,13532,2388,,,
2023-01-26T11:00:10.000000,d6b7cf1e06f5dda497164b698ced8b6c,95200,95200,0,,,
2023-02-27T16:47:54.000000,bdaccf3b8535d78a81114fb5855232c3,131600,131600,0,,,
2023-05-20T11:10:24.000000,b3ddcca60094387732a90cb8433d138b,15920,15920,0,,,
2023-05-03T21:00:03.000000,90d88357fd6e642350ade4712da80fc6,15920,15920,0,2023-04-11T20:46:15.000000,kakao,22.01
2023-02-20T21:30:02.000000,4fc80964d10917f28e219c17331b2e06,131600,131600,0,,,
2023-06-06T11:08:38.000000,e047b8a6cce1eabfc714fdb50078044e,15920,15920,0,,,
2022-11-30T17:35:00.000000,baf7d9ed75df6409f59926719ec116ed,15920,3960,11960,2022-11-30T14:18:54.000000,email,0.14
2022-12-05T22:15:58.000000,05dd89640215fcf6ab44c8c149422dd2,79200,79200,0,,,
2022-11-23T22:45:30.000000,5ecbb0622fec3a1550239871cabc0d57,15920,3960,11960,,,
2023-07-18T14:44:27.000000,12d4399805e5cd1f56a39e6cdd4c6f62,15920,15920,0,,,
2023-12-31T16:20:04.000000,3077b59cbfeecf41c2e80a34a64e0094,95520,95520,0,,,
2023-01-20T22:25:21.000000,3288316c508ea51d09bdc8cd9c617d72,91200,91200,0,2023-01-05T00:57:24.000000,kakao,15.89
2023-01-10T22:53:08.000000,75c87053827ab569d1c06f1168249ea3,83200,83200,0,,,
2022-12-19T10:36:28.000000,aa87be1ef97faf7bfb6ad1a9be09c853,79200,79200,0,,,
2022-11-29T17:58:15.000000,ef41569929215c928c18f5e0e60e8676,15920,3960,11960,2022-11-29T17:57:21.000000,kakao,0.0
2023-02-27T21:35:02.000000,7c45662f38fb94d10058bb3188445771,131600,131600,0,2023-02-20T21:30:18.000000,google,7.0
2023-01-09T10:56:05.000000,b2dd509879c9b8a91ff1f7d43bc3a604,83200,83200,0,,,
2023-06-21T01:23:56.000000,ff5ff088945ed0aa460e765e08831339,15920,15920,0,,,
2023-01-31T20:29:58.000000,a7a53308793212d0a93097e1ed11e804,95200,95200,0,,,
2023-12-24T22:58:49.000000,420dc3147c70bf963bf06d210775cddc,95520,95520,0,,,
2023-03-01T21:51:37.000000,027432d5b52a4d93436af795683113c0,15920,15920,0,,,
2023-09-10T14:40:40.000000,bf82acfdd8af67078239b0016e4c69e2,15920,15920,0,,,
2023-09-09T12:17:51.000000,b4766f13e0e44f6f8a809c6c79359c6b,15920,15920,0,,,
2023-04-17T20:20:02.000000,dd3b0fa18607f254efbf668a1f7db7d7,15920,15920,0,,,
2023-05-07T14:35:02.000000,61540551832778c93cc86df479d68cda,131600,131600,0,,,
2023-01-24T10:13:07.000000,a2860db4c1bf6ba0e5fb5dfd7f30224e,91200,91200,0,,,
2023-06-12T11:22:47.000000,61df7003745eb463e0b3207d8a901828,15920,15920,0,,,
2023-03-01T23:15:02.000000,7cccc66bc4284bd1ed693a252fd93483,131600,131600,0,,,
2023-05-11T17:15:10.000000,0f1425fe662a83147bf4436ea21ddbf4,15920,15920,0,,,
2022-12-31T21:34:31.000000,4d61999bf628cbae7ae72a342be73fa0,79200,79200,0,,,
2022-09-30T11:25:01.000000,0e6aafcb9b48daaad1a9b3111190533c,15920,15920,0,,,
2022-12-17T11:10:44.000000,c7b690fe41134b66633acb3001709f74,79200,79200,0,2022-12-17T11:01:50.000000,email,0.01
2023-01-11T11:20:02.000000,7e96239f0375fcd1d94a5f5a37c4eaee,87200,83200,4000,,,
2022-11-25T12:07:51.000000,89524032fb92a57bd363f3e2e1aa96f1,15920,3960,11960,,,
2023-01-10T03:12:44.000000,c623dd0eb2fdc7cf14ae3248a613f5ea,83200,83200,0,,,
2022-12-30T10:37:59.000000,1050b64e401f47b13ee9143da135f24f,79200,79200,0,2022-12-30T09:48:53.000000,kakao,0.03
2022-12-31T20:30:07.000000,295451e4e1bb49baeaf56aac5909b3d1,79200,79200,0,,,
2023-12-12T20:11:03.000000,5e2a3e384302947e21e4c6666890000d,95520,95520,0,,,
2023-07-16T16:07:32.000000,c4bcdbab3cc3e01a33b015ef79ec3b9b,15920,15920,0,,,
2023-12-31T15:34:11.000000,72a71a3529cfb38148a140f2a6b01bed,95520,95520,0,2023-12-20T10:08:14.000000,kakao,11.23
2023-04-15T21:40:02.000000,ecb0b399b7831fb8350464e50c9ffec4,15920,15920,0,,,
2023-08-01T13:55:46.000000,e6c4aa7101f821cfd8ad89dcde8ed328,15920,15920,0,,,
2023-07-10T21:41:55.000000,96f5a30d428e030f411843009d804f15,131600,131600,0,,,
2023-09-08T23:28:41.000000,fe86e510652b4d2a05635c4f3f807744,131600,118440,13160,,,
2023-12-20T20:17:29.000000,de59d1b85206626807fce94dc5f46ca3,95520,95520,0,,,
2023-09-28T12:17:51.000000,ce4cd48030f267d124a2747258e60030,15920,15920,0,,,
2023-06-23T19:31:30.000000,9592dd780ced53c76a986e1c05f10d71,15920,15920,0,,,
2022-11-24T10:21:51.000000,850e65b232c9f814da768c44cf751a21,15920,3960,11960,2022-11-24T10:21:14.000000,kakao,0.0
2023-06-24T00:12:03.000000,e9065b8088fe7bfe5c99988e86cf22ab,15920,15920,0,2023-06-24T00:04:05.000000,kakao,0.01
2022-12-19T23:28:25.000000,3bded1616730e7d176c3cb8823762691,79200,79200,0,,,
2022-09-12T17:35:03.000000,af820ac470c33dabcf9ec97bf236247c,15920,15920,0,,,
2023-01-24T23:13:15.000000,3594d15afd528e37db6f4be090438742,91200,91200,0,,,
2023-02-28T14:25:02.000000,32cfa6357e773224181f038866e53a4f,15920,15920,0,2023-02-21T13:57:14.000000,kakao,7.02
2022-11-23T12:00:03.000000,75248bc74f91598fc87149279e6cf72c,15920,3960,11960,2022-09-13T17:38:59.000000,kakao,70.76
2022-11-30T17:17:17.000000,01e194ef0b21c4ec9e73a0097cf1a10e,15920,3960,11960,,,
2023-01-12T22:27:38.000000,f6d15bbdf752e0384c1f5f4ec59ad1ff,87200,87200,0,2023-01-12T21:40:49.000000,kakao,0.03
2023-09-10T00:32:25.000000,0b5fa0fea50b30af6cd6c6d7fc1559a8,15920,15920,0,,,
2023-08-29T13:27:43.000000,d696390daed8f10e1629179801843786,15920,15920,0,2023-08-29T13:21:59.000000,kakao,0.0
2023-06-20T11:42:06.000000,171a54f530a6cb090f2e25e1a6f01d5f,15920,15920,0,,,
2023-05-30T06:30:12.000000,3db1e77e771be5cb1c68046f3532f39a,15920,15920,0,,,
2023-03-22T00:35:02.000000,fa08f7406b281c886a4c9c47e4c7da37,131600,131600,0,,,
2023-03-17T16:34:36.000000,f84615f8ce8a3f523c82a8ae40d70c25,131600,131600,0,,,
2023-04-10T20:10:02.000000,7067a5ba73c100ea0f151b9742c26430,15920,15920,0,,,
2023-09-17T14:08:24.000000,a375e15e9b9fbf9107e0f48107f6a887,15920,15920,0,2023-09-17T14:05:12.000000,kakao,0.0
2023-06-25T23:36:22.000000,693a03d1d4cb0b196dc140ce085b6ff4,15920,14328,1592,,,
2023-01-10T08:40:38.000000,c8bfc8ff5c4cfb9f2018be208608254c,83200,83200,0,,,
2023-04-18T11:40:02.000000,7137a0ebf2055eff6ebddda17bbbba7c,15920,15920,0,,,
2022-11-30T23:05:42.000000,f590211e481a649ffad5427f583fb908,15920,3960,11960,2022-10-28T15:16:13.000000,kakao,33.33
2023-10-12T22:51:39.000000,89acd9afbbb3cbc4274c4fdbf5ecdb35,15920,15920,0,,,
2023-01-30T13:38:17.000000,0b46cc2625add5bb30393a7bd6c3d87b,95200,95200,0,,,
2023-01-09T13:23:41.000000,ce612d492bfcbf39c056bd070564bde7,83200,83200,0,2023-01-09T13:21:05.000000,email,0.0
2022-11-26T20:44:09.000000,a8af9931b23483dd81a527b5e5622735,15920,3960,11960,,,
2022-12-23T10:22:40.000000,5ebb10d46491708ae8f4c5ef2c3addc1,79200,79200,0,,,
2023-07-18T18:46:46.000000,b75750a11da0f8f56c85ac4b05fbe749,15920,15920,0,,,
2023-11-06T16:10:03.000000,a069419f7cd2eb5e8d1d17b3f7c70df3,15920,15920,0,,,
2023-08-31T22:25:01.000000,44ba83a41f91a389bec299180d3bd3a5,15920,15920,0,,,
2022-10-31T00:00:02.000000,a5b7e0fb5058da128bfbdead2e8fa2df,131600,131600,0,,,
2023-08-01T12:17:22.000000,a4a941dfc235ac76f3f0d4bed9774af4,15920,15920,0,,,
2023-09-27T02:16:23.000000,6fab174db6a89f7020b72755c1c6d82f,15920,15920,0,2023-09-20T02:00:35.000000,email,7.01
2022-11-30T23:53:42.000000,fae457fc89571ef546b91c1fbc4f5206,15920,3960,11960,2022-11-30T23:52:48.000000,naver,0.0
2023-04-15T16:05:02.000000,d87dbeb5a9a4889d1dc7ac15990303f0,15920,15920,0,,,
2023-03-10T13:57:24.000000,8362ac11a8dcf9cbc1ada7bac3f14d2e,131600,131600,0,,,
2023-09-01T21:19:45.000000,ceb936868861c4cf0abc43f694cc898d,131600,131600,0,,,
2023-01-18T23:13:55.000000,694b6574384fdffd458f3017dd4d46cc,91200,91200,0,,,
2023-10-20T19:13:05.000000,9542ff62506ff2b3dd041de357fd21c3,15920,15920,0,2023-10-20T15:28:47.000000,kakao,0.16
2023-06-28T15:31:00.000000,43151bf20709de767fe1fc214e9dd372,15920,15920,0,,,
2023-01-10T09:27:34.000000,7fd35636360361d6abea3c108888969e,83200,83200,0,,,
2023-06-23T18:05:25.000000,dbe0a808d89c217a44dc77ad18eee83d,15920,15920,0,,,
2023-04-06T19:10:03.000000,f162d6bd4b046a21d5398843351f44f2,15920,15920,0,2023-03-30T16:14:38.000000,kakao,7.12
2022-11-16T00:28:30.000000,6c1c330f81bed598da1e2fbd894094b5,15920,3960,11960,,,
2023-01-16T14:03:13.000000,e09ebb58a67d183cb11dc51b12935219,87200,87200,0,,,
2022-12-20T23:42:39.000000,2e565ee600c665338fbe69b7e1cd75f2,79200,79200,0,,,
2022-12-16T14:20:39.000000,6183c2cdc83a8338e54edc1bde15ace3,79200,79200,0,,,
2023-11-07T14:43:30.000000,d46ba5f2c8e42f6b5518f0b399735608,15920,15920,0,,,
2022-12-25T17:05:43.000000,d45851dcea9285a93446270d33ad73eb,79200,79200,0,,,
2023-01-15T15:39:35.000000,d90d7d44adb3a0eebdb5e54ad6aeff17,87200,87200,0,,,
2023-09-18T07:35:18.000000,1105cf7d95256f3cc059eff00317343c,15920,15920,0,,,
2023-11-29T12:11:39.000000,e25e33d457245eb62dd005e1e6d3622a,15920,15920,0,,,
2023-07-28T16:58:04.000000,d25a1d74609f29a9a82e33b311d00ac6,15920,15920,0,,,
2023-07-25T23:57:53.000000,29a10c79f3ae6c182955f9b6e2080f83,15920,14328,1592,,,
2023-07-10T14:50:37.000000,d67c46a3d5c1974207c9e136adce3693,15920,15920,0,,,
2023-12-14T00:57:57.000000,190749a51cf24e7fa8f93958430f99b2,95520,95520,0,,,
2023-10-04T03:14:29.000000,a38752d2b2696b46c63126fcef70dfd8,15920,13532,2388,,,
2022-12-22T09:45:53.000000,71ab05c1ffd304180c968bcc2e945511,79200,79200,0,,,
2023-12-31T21:29:32.000000,3fc6451532baced9f610d2d2000b04cd,95520,95520,0,,,
2023-11-02T15:59:24.000000,1bdcbe08b63a54bba0fd81baaab2ed56,15920,15920,0,,,
2023-12-03T18:29:50.000000,527cddcaa265a35a0e2783799f63077b,15920,15920,0,2023-12-03T17:10:41.000000,kakao,0.05
2023-12-23T09:35:52.000000,fb1f462e56b8912735b3ed0b13e91e86,95520,95520,0,,,
2023-04-05T09:55:04.000000,11810c75363b2f09b71966f7821cf100,15920,15920,0,,,
2023-10-11T13:08:48.000000,74505a5ca8885ea6b32f52663b0ec149,15920,15920,0,,,
2023-06-21T17:18:44.000000,e96a0c04e0fe9202a5e64020239b3be6,15920,15920,0,,,
2022-12-17T18:50:28.000000,9df598972801cb9fd164bd21ddc564df,79200,79200,0,,,
2022-11-30T21:29:53.000000,377cd4d827e21a324ad61e0476dfba20,15920,3960,11960,,,
2023-11-07T06:53:54.000000,a069a2a6f65c23c21b00ed7b20a475c8,15920,15920,0,,,
2023-07-31T14:29:26.000000,725747567da5c17638000786e848b65f,15920,15920,0,2023-07-20T18:52:07.000000,kakao,10.82
2022-09-17T00:20:03.000000,ae5cbef117a49bdb73265d832409f0f4,15920,15920,0,2022-09-10T00:01:32.000000,email,7.01
2023-01-16T12:18:55.000000,8bdc08d6072355ad33081ec19e766e6a,87200,87200,0,2023-01-12T17:26:26.000000,kakao,3.79
2022-10-30T16:10:02.000000,70134d33d96f5ff077040fd5f247ad71,15920,15920,0,,,
2022-12-28T20:00:51.000000,b276ae6f667368a77aa026ccc9905740,79200,79200,0,,,
2023-01-25T16:13:38.000000,fc6c17e580dec8b41d15c2b08efe8840,95200,95200,0,,,
2023-07-03T17:37:58.000000,5b1e04c3fe3970c32efb7bf20dd0d629,15920,15920,0,,,
2023-09-25T21:49:24.000000,00836942175c572cffcd89f02f7e9582,131600,111860,19740,,,
2022-12-30T12:53:08.000000,253947c0124598aa7ddd3485b5f5c459,79200,79200,0,,,
2022-10-14T13:35:01.000000,6e0da93d8521ed41323620e1aee39012,15920,15920,0,,,
2022-11-17T13:24:12.000000,98ea63e06c037c3f6c437f3c8109aff0,15920,3960,11960,2022-11-17T04:24:48.000000,kakao,0.37
2023-11-17T23:24:51.000000,3f58f2754060b0c79b1d96bb307d8a2e,15920,14328,1592,,,
2022-12-27T18:10:59.000000,47f69f5aaa1b7375da4b3364fff6ab0a,79200,79200,0,,,
2022-11-14T22:50:01.000000,4b01106982ce76a475b30b68b0145a39,15920,15920,0,2022-11-07T22:42:39.000000,kakao,7.01
2022-11-10T16:05:02.000000,48ff1d45ffaf8542809b6d1b21011348,15920,15920,0,,,
2023-09-01T11:02:50.000000,75b45daf5ee0746c32c9a616c86cff8f,131600,131600,0,,,
2023-01-24T14:55:39.000000,d417c798e78f263824631cad5420f250,91200,91200,0,,,
2022-11-15T11:56:56.000000,b32798be036d387135de60d4c9aa27c1,15920,3960,11960,2022-11-15T11:46:00.000000,kakao,0.01
2023-07-17T12:00:18.000000,583067fd3a7b7caa27fecaf31631ab0e,131600,131600,0,,,
2023-08-29T20:33:49.000000,f0a3e431ce03188eaa1ae9c97237d132,15920,15920,0,,,
2023-01-09T13:46:03.000000,794e457aad7b3451e07774c7730de167,83200,83200,0,,,
2023-08-30T23:50:31.000000,5b5a196e2982a9616d49347d7cac4555,15920,14328,1592,,,
2023-11-10T12:07:17.000000,0329cd78931c1bb6fc976ae5edd4526a,15920,15920,0,,,
2022-12-20T15:14:51.000000,1a45f96b96b2d8ce1ad9a1b4ae218a46,79200,79200,0,,,
2022-11-06T14:25:02.000000,4dc08975f0e1aa79d613803a572f2954,42960,42960,0,,,
2022-12-31T19:14:44.000000,92dee995d3faa1d153d1dc2efc7b8c79,79200,79200,0,,,
2023-01-31T21:26:06.000000,55bb578282db71a02e5eb65338bb9e8e,95200,95200,0,2023-01-17T21:33:05.000000,kakao,14.0
2023-09-03T15:50:38.000000,7adf3861b475d1191e0b91405dadbb66,15920,15920,0,,,
2022-11-27T12:30:34.000000,9f3508ff24689e0b8f779db3cdc2ac6c,15920,3960,11960,2022-11-22T19:47:40.000000,kakao,4.7
2023-12-24T20:22:20.000000,6115825be23cb3f8dc0ec3ec7ec24302,95520,95520,0,,,
2022-12-02T13:36:15.000000,1e22e2e2357e7593f8e051eb6a1993ae,79200,79200,0,,,
2023-01-24T17:53:16.000000,ba847ea64149dba8f7c1dbcb5a66c22c,91200,91200,0,,,
2023-08-15T17:28:17.000000,b5a40b11e76ee943a5abfdbf1dad934d,131600,131600,0,,,
2022-11-30T21:58:30.000000,b18f1279a02514cc9b4433b5a4036def,15920,3960,11960,2022-11-30T21:56:21.000000,kakao,0.0
2023-01-28T11:14:05.000000,960bc7b2ede9cabca6dbd1015ef3efb3,95200,95200,0,,,
2023-06-25T08:28:25.000000,186c553dafeb2b1313ff48767fa246ab,15920,15920,0,,,
2023-06-24T11:07:34.000000,d0efbb05082e0c71275f15c5fd1e9cc0,15920,15920,0,,,
2023-08-01T15:47:53.000000,2487433c5e37c3a575b3183f0a866a96,15920,15920,0,2023-07-18T15:10:02.000000,google,14.03
2023-06-06T23:11:46.000000,8205c9da4ceaf9941139963425fb1d61,15920,15920,0,,,
2022-12-10T18:01:18.000000,1076a2eaf075aa41def5d53449a07718,79200,79200,0,,,
2022-12-26T14:42:18.000000,269bf8015b29e7031740b9bd3eafe972,79200,79200,0,,,
2023-11-04T21:08:55.000000,aa61de60102dc621a849161dd2cf8ddf,15920,15920,0,,,
2022-12-31T23:43:06.000000,fbb09a38147adac880ceac847f4d5ee6,79200,79200,0,2022-12-31T23:37:17.000000,email,0.0
2023-09-05T11:30:31.000000,d87a64b0cf1fd2958e2a8059745e819f,131600,131600,0,,,
2023-08-11T15:41:32.000000,338fc44c51ccdafd2d02d17b21008c1f,131600,131600,0,2023-08-11T14:22:01.000000,kakao,0.06
2023-01-26T23:40:55.000000,247cbaaa89778b5fe3a5ae759a110ae4,95200,95200,0,2023-01-26T21:23:25.000000,kakao,0.1
2023-01-30T11:21:26.000000,664fd9d3ddc9e1dadca9c07a66fd7d1d,95200,95200,0,,,
2023-01-08T11:02:22.000000,c6f577552f6f4b9c88870b57aab52b5d,83200,83200,0,,,
2023-01-20T10:32:06.000000,f179acba42872f5609f1d328f0095f26,91200,91200,0,,,
2023-04-15T19:20:02.000000,e19c87ca71341a9b2f375ccd61b63ba3,15920,15920,0,2023-04-07T20:38:51.000000,kakao,7.95
2022-11-20T12:27:20.000000,c4742f2bdea45531be96fa279fd164f8,15920,3960,11960,2022-11-20T12:26:19.000000,email,0.0
2022-09-10T15:35:02.000000,fa1f4d2ea602692a76c23b44255c8a52,131600,131600,0,,,
2023-06-17T13:58:04.000000,1703acf8850ca1edb7938d4ece6621be,15920,15920,0,,,
2022-10-30T17:35:02.000000,0bcd43a7f4e69de1a224fbe8ac87a704,15920,15920,0,2022-10-20T01:43:57.000000,email,10.66
2023-01-31T22:10:47.000000,3f96fc79289d3ec80f9820e84e093b1b,95200,95200,0,,,
2022-11-30T19:47:35.000000,3da88b951f4bacf511946a4dbfefe762,15920,3960,11960,,,
2023-06-13T13:15:58.000000,1480f1b180ceb360d5d3e18495aa2d26,15920,15920,0,,,
2023-04-10T08:00:02.000000,3b47d44c1f28f69cde403230ee0a79b1,15920,15920,0,2023-04-03T07:01:40.000000,kakao,7.04
2022-11-20T23:40:02.000000,6d0447d3aa2b5b6ee643948112e58efd,15920,15920,0,,,
2022-12-31T00:47:22.000000,bed71f38cd95be33c4be7534d9314543,79200,79200,0,,,
2023-01-18T10:14:30.000000,4b82d16ef1a1a80a435d800a28b19892,91200,91200,0,,,
2022-11-21T18:34:14.000000,ba62572dfde92750cd89365dcebe5c7c,15920,15920,0,2022-11-06T16:42:30.000000,kakao,15.08
2022-11-21T19:23:25.000000,d3b275a3cc4b400f32b502c502ec1357,131600,131600,0,2022-09-14T02:52:16.000000,facebook,68.69
2023-12-05T21:07:29.000000,8deb23021af4943a1832958e13b67030,15920,15920,0,2023-12-04T22:08:58.000000,email,0.96
2023-08-03T19:20:53.000000,4482fa828e9311d6620642ee469987ff,15920,15920,0,,,
2022-12-31T10:42:03.000000,0b70d9fceadaa6c78b73b6c5a6dfbcf4,79200,79200,0,,,
2023-02-16T09:22:46.000000,c49e919775011f9727dba4a27dcc68d4,15920,15920,0,,,
2023-01-05T21:49:43.000000,7f1e63708070a205cc95b9be8dea2e51,83200,83200,0,,,
2023-08-11T19:53:03.000000,d900c7879f45a293bc01f5b1db424aeb,15920,15920,0,2023-06-24T03:39:31.000000,email,48.68
2023-04-24T15:00:02.000000,2facb646383479b444f11c2c807e844d,15920,15920,0,,,
2023-12-26T16:55:50.000000,63232d1b54e0f214064e7d178d32b25a,95520,95520,0,,,
2023-12-26T00:56:19.000000,d99aa2f8ffad83c010c4079511b58adf,95520,95520,0,,,
2022-10-15T22:56:58.000000,83fdb635b9e43b97791535b002490544,131600,131600,0,,,
2023-12-27T19:03:54.000000,bbb0fa012eeb899d4d1c1ad112de86f7,95520,95520,0,,,
2023-08-06T11:18:05.000000,295ba2cc959af4d3bc8d73b322176530,131600,131600,0,,,
2023-12-28T18:37:19.000000,b90ecb498801eb1fb940f5bcca7299ab,95520,95520,0,,,
2023-01-16T22:12:12.000000,00e28ac47852bc49bb8e3c4b0611b94a,87200,87200,0,,,
2023-06-01T20:04:26.000000,bc578c6e5e3a01818d1d78f09570ae00,15920,14328,1592,,,
2023-08-07T20:31:31.000000,4848c4d911ac0eff568a8befa78cc7c2,131600,131600,0,,,
2023-11-22T00:25:40.000000,53fa1a83c3463b6019ff6b44d8a1f295,15920,13532,2388,2023-11-12T20:43:56.000000,naver,9.15
2022-11-15T13:54:53.000000,c1d9e6fb0314017cf196092181f447c3,15920,3960,11960,2022-11-15T13:44:28.000000,kakao,0.01
2023-08-15T20:09:55.000000,614583d59acdfb72e3cd34d19202ee0a,15920,15920,0,,,
2023-09-25T10:09:15.000000,02d4a84555e2ba71f0e6e28b90f7cd73,15920,15920,0,,,
2022-12-04T20:52:05.000000,4f917b062753f200f75c30f99b4edfa4,79200,79200,0,,,
2023-01-01T17:46:17.000000,9936e13fbd87a66d8a37204c3f47ccd6,83200,83200,0,,,
2022-12-31T21:03:26.000000,e9d123d3db0e8f198cb8ee4b63dc58e0,79200,79200,0,2022-12-31T13:44:04.000000,email,0.31
2023-07-18T18:55:03.000000,ab34387c388441687b337a239a22ed4b,15920,15920,0,,,
2023-12-22T21:15:32.000000,f636ccdd7c4997a74187fcadc2da0a22,95520,95520,0,,,
2023-12-25T11:53:23.000000,8f9eb2bb357770e82dc4eee931f3c679,95520,95520,0,,,
2023-12-26T13:21:56.000000,52713db7eec2077f5746ba20329dbbd4,95520,95520,0,,,
2023-11-06T15:51:39.000000,7afbda9c7860723eda20fa56b4c8a267,15920,15920,0,,,
2023-09-04T08:45:28.000000,c3b49cecd4055becfcb983bd72f8814b,15920,15920,0,,,
2023-02-20T13:40:01.000000,02fd6f2712ca7c7f88878681be782819,131600,78960,52640,,,
2023-04-11T00:09:52.000000,ee18763162fd4ea36099e3d028176488,15920,15920,0,,,
2022-09-27T14:16:02.000000,1f654011cd18a91643dba2070704fb8a,15920,15920,0,,,
2023-04-17T10:14:24.000000,75b647aad2cfc1471245615d55b5b7ec,15920,15920,0,,,
2022-12-31T23:47:29.000000,17deb4cc8f5a08ec14a7a1bd2341e134,79200,79200,0,,,
2023-06-13T21:15:45.000000,767df4bdad51476f06aacc81bf597a03,15920,15920,0,,,
2023-01-13T07:58:39.000000,23922b5bedf75f12ab0f80a156c1e821,87200,87200,0,2023-01-13T07:56:16.000000,kakao,0.0
2022-11-30T11:42:10.000000,1e1a8582e1de78289ab5180340f87da8,15920,3960,11960,,,
2022-09-27T10:40:03.000000,83b3b2c24ee97397062d1c25ad630509,131600,131600,0,,,
2023-12-26T00:29:14.000000,367f6d10c3ec123189d2f021e83ecdcf,95520,95520,0,,,
2023-07-21T23:04:00.000000,9fd4868ac2acd49f11389ef086819bc6,15920,15920,0,2023-05-11T10:23:26.000000,kakao,71.53
2023-01-31T10:51:09.000000,f94970daeeea977dfeedc117863bb277,95200,95200,0,,,
2023-01-17T22:02:54.000000,349b7904d19b0c62499b4e589696deab,87200,87200,0,,,
2023-06-25T23:29:58.000000,114eaa6e9bb413a85509590cff998f2c,15920,15920,0,,,
2023-04-25T17:05:02.000000,a7258702049c20315ca48de2778c3481,131600,105280,26320,,,
2023-06-17T08:32:56.000000,48f429f262837cc92c2582b1348964d3,15920,15920,0,,,
2023-01-15T00:22:14.000000,208b20c07bf003a16a950ad63dc2d716,87200,87200,0,,,
2023-06-14T09:14:29.000000,1ab23af0055e9e82db3fa3c524833978,15920,15920,0,2022-12-27T19:19:47.000000,kakao,168.58
2023-08-10T16:03:45.000000,d79a5cd8523545d93479626c871b4a2e,15920,15920,0,,,
2023-12-31T19:29:11.000000,ec1909f5e38bad30efb11348163921e4,95520,95520,0,2023-12-25T22:01:57.000000,google,5.89
2023-10-18T17:03:03.000000,050ac989bf95313bf446000cd4bfc0af,15920,15920,0,,,
2023-12-27T08:37:44.000000,1aeb35c1d9a4057e6b85ed61488eadcb,95520,95520,0,,,
2023-09-10T12:09:05.000000,0ce4e4b748152a35e444e0c862e8e51d,15920,15920,0,,,
2023-12-05T14:20:43.000000,bb2b0225ef1c444255a315d79f259bd0,15920,15920,0,,,
2023-12-02T00:00:19.000000,bde9d3b37acc4341f8beb0c2d516712a,15920,14328,1592,,,
2023-11-23T15:59:37.000000,a64cc496f868e5ee319bb975e898ff77,131600,131600,0,,,
2023-08-06T18:13:38.000000,7a00321faf7af943858396ba9f7059ba,15920,15920,0,2023-06-18T10:28:37.000000,kakao,49.32
2023-12-31T23:33:12.000000,08488d882a77ee36f78d01abbad76e2b,95520,95520,0,,,
2023-01-10T11:33:28.000000,d86e1d7c57c5d389512a3feb13adc66c,83200,83200,0,2023-01-10T11:31:39.000000,kakao,0.0
2023-07-06T17:08:16.000000,540d61d1ee3b98c60e00cc7815370bc8,15920,15920,0,,,
2023-06-22T09:50:42.000000,c66d5ad69c8bc4c40199b2260ff8df94,15920,15920,0,2023-06-20T14:28:34.000000,kakao,1.81
2023-06-25T17:53:19.000000,90d1d39affb8829a4562b357c20fcb32,15920,15920,0,,,
2023-01-29T09:50:51.000000,235de75d9c160d72e99fdfad339503cf,95200,95200,0,,,
2023-01-31T14:50:26.000000,b633a04a3f90012e1b7722c02eeb954e,95200,95200,0,,,
2023-02-20T23:45:02.000000,fa9e3f4eea4ca0ee41407a1b39127c60,15920,15920,0,2023-01-24T18:28:35.000000,google,27.22
2023-01-15T16:24:24.000000,12cf386c854a21ec786341809ce2bd83,87200,87200,0,,,
2023-01-22T00:51:09.000000,83e09d9db926723f79bd7e4485241ab6,91200,91200,0,,,
2022-11-16T09:14:00.000000,4f70b2197edb493be87eef375d1be0c1,15920,3960,11960,,,
2023-08-18T12:05:38.000000,feb2861037f5bb189cc501d05e4126a2,131600,131600,0,,,
2023-12-31T21:25:06.000000,da0551b87dc569098b5b84fe75200b50,95520,95520,0,2023-12-26T14:12:48.000000,naver,5.3
2023-05-08T19:23:29.000000,cf6ad52c42bd9e596c02fa2e87d05672,15920,15920,0,,,
2023-06-25T23:03:25.000000,2bf9433473c98ebb8ac255d3e746fd27,15920,15920,0,,,
2023-01-10T22:43:58.000000,ed0d404e5bcac6f2007d697dda3b1924,83200,83200,0,,,
2023-01-12T05:23:08.000000,5702354c4b27490715b7cfef33fa4623,87200,87200,0,,,
2023-03-21T14:35:01.000000,9e8cfef6314ff1a52c5fd038ac2e9240,15920,15920,0,,,
2023-11-07T22:40:09.000000,c28360c47461437dfbc693d8193bed3d,15920,15920,0,,,
2023-06-29T22:50:35.000000,7246f166782d3ef7ed785c8144ab31ea,15920,15920,0,,,
2023-11-13T16:22:33.000000,afd164b4ddf7997b7f8b7b5fc95b6eef,15920,13532,2388,,,
2023-11-24T17:23:42.000000,39b1d2c53f4453a9e5a8ffdb9f7c42d6,15920,13532,2388,,,
2023-09-01T20:35:17.000000,f75af723e8fe8adf5d89e9ad2138529f,131600,118440,13160,,,
2023-01-10T19:03:34.000000,25e54cdbf7febadd7a03999910f5fcaf,83200,83200,0,,,
2023-01-17T01:07:18.000000,e758c388a1cbe457714662d8bb3390e7,87200,87200,0,2023-01-12T18:32:20.000000,kakao,4.27
2023-04-29T20:20:02.000000,4d0c45d5ee1f76ca5f4d13de0c1adde7,15920,15920,0,2023-04-20T19:20:17.000000,naver,9.04
2023-11-07T17:01:14.000000,474e5a66afe2e138607eb312284272e6,15920,15920,0,,,
2023-08-07T23:04:02.000000,eaaf9e8bad0d600a44410c7c21cebe8d,15920,14328,1592,,,
2022-12-16T08:35:47.000000,233094e3798cb9f681d9d1466e276ed8,79200,79200,0,2022-12-10T02:08:34.000000,email,6.27
2023-12-17T06:15:28.000000,efa5b56056a3199162a5a7f840c8e2ad,95520,95520,0,2023-12-17T06:07:29.000000,email,0.01
2023-04-22T23:35:02.000000,02cbfe6f267a0bc0a376198ea627b33c,131600,131600,0,2023-04-15T23:26:18.000000,kakao,7.01
2022-12-31T23:56:55.000000,bfbc65b3971484b7416a4ca79118fe4f,79200,79200,0,2022-12-31T22:31:35.000000,email,0.06
2023-10-26T09:39:34.000000,2ed0b086404607d87a222abd7ee0255d,15920,15920,0,,,
2023-01-10T09:06:20.000000,8e0f0b63605e4e8f02612db5d9f55f61,83200,83200,0,,,
2023-01-05T00:03:45.000000,2b2943c0ec0a32a934d91eb902e8bbd9,83200,83200,0,,,
2023-05-07T09:25:03.000000,e698c0ebd544176498ce2421c157d567,15920,15920,0,,,
2023-01-17T21:40:45.000000,624f29e86fab20d6f464ddcc9ea3a0bf,87200,87200,0,,,
2023-01-17T14:00:39.000000,3e5d98b1500a274cd8726353f6270d09,87200,87200,0,,,
2023-09-06T00:17:00.000000,2908c7a2a53030fa2d96ae208c4f826e,15920,15920,0,,,
2022-11-29T15:25:01.000000,6d65375b3a465aa5fff25ea806803535,15920,3960,11960,,,
2023-01-31T23:19:19.000000,abd3cb4487b5eb077aaf27397235826d,95200,95200,0,,,
2022-12-06T12:51:13.000000,19c8277379f312e1685945bbf24563dc,79200,79200,0,,,
2023-07-04T19:57:15.000000,71a828d9f2180a5c348d5744aa18fd31,15920,15920,0,,,
2023-09-02T20:23:28.000000,e502265d27307d6e9ad8b47b5e0e67d0,15920,15920,0,,,
2022-11-06T13:30:01.000000,6d15bace18bac6e9aa033108317a2af8,42960,42960,0,,,
2022-12-31T12:14:24.000000,b029507593c670fa18492949c7e5fd95,79200,79200,0,,,
2023-11-23T17:24:44.000000,2e327dfb6554dc193e1d894a600b33a1,131600,131600,0,,,
2023-10-01T14:06:22.000000,ec4628358ab47f46b6c52768e203d0c2,131600,111860,19740,,,
2023-12-28T19:46:34.000000,09f5ee54b5b038392d762eccfc387c4f,95520,95520,0,,,
2023-08-24T21:25:19.000000,2e0c7901e81c523c9dc255b1824f7b75,15920,15920,0,,,
2023-03-20T23:25:02.000000,fe44d055c0e367caedcf2132921eb34e,131600,131600,0,,,
2022-09-18T16:39:22.000000,75874decd0c753fbf4d419acf60f291c,15920,15920,0,2022-09-02T19:42:02.000000,kakao,15.87
2023-08-05T19:20:56.000000,1a14e83289cba49bf7fae36b2979f665,15920,14328,1592,,,
2023-05-07T17:45:02.000000,4ddf727c000f279d8b8b88e007780017,131600,131600,0,,,
2022-12-30T20:25:23.000000,0ddb38e0fc4db8b20ab716392576318e,79200,79200,0,,,
2023-03-19T11:25:02.000000,6a89569b91b214a5db2f467f1824dd27,15920,15920,0,,,
2022-11-30T17:37:26.000000,018234042e903d886f4ef31c7412a1f4,15920,3960,11960,,,
2023-01-17T22:43:05.000000,fe0e2763ba51b421c19a829049a72b78,87200,87200,0,,,
2023-01-30T22:20:59.000000,31505d1af41af270a07989805b49912b,95200,95200,0,,,
2022-09-14T01:20:02.000000,8ac0a38ce7fcbddfda839c9e590231b4,15920,15920,0,,,
2023-01-02T15:06:59.000000,f41df2312c162be26150a2c34bf6fa9b,83200,83200,0,,,
2023-01-25T12:49:19.000000,91e31fc513302475286e36c0da326114,95200,95200,0,,,
2023-07-02T15:45:40.000000,c4ca85e891ec2d29e560653695711bb4,15920,15920,0,2023-01-17T12:44:46.000000,kakao,166.13
2023-08-31T17:46:38.000000,b370d27192eab1f3586f69d1c40f80cc,15920,15920,0,,,
2023-06-28T21:11:38.000000,ab05643b5166b08dd153f049ee5ca68d,131600,131600,0,,,
2023-01-20T21:59:14.000000,b7af9b2928e5e9d9983dcdb7b0a2a98e,91200,91200,0,,,
2023-01-07T12:54:58.000000,02c6b331129ea8588abca4e1dd41adea,83200,83200,0,,,
2022-11-26T09:54:48.000000,079fafb7479c8594290a3ce2b918c681,15920,3960,11960,,,
2022-12-13T14:32:42.000000,76f66763f695785ad4da437163576393,79200,79200,0,,,
2023-10-26T20:01:05.000000,a94e95a9e3ec39b166d2e5814a709bc8,131600,111860,19740,,,
2022-12-31T11:57:47.000000,0c49efdb6e282f2bcdda174c30b70c3b,79200,79200,0,,,
2023-11-15T10:06:19.000000,a76cdf7246094c35d1cd32e440967f48,15920,15920,0,,,
2023-06-25T22:39:08.000000,ac050c2df4fd62f8e27639ae065f55fc,15920,15920,0,,,
2022-10-10T11:40:01.000000,0157e1eaf2645e7d4de1fba14fe72a0f,15920,15920,0,,,
2023-08-14T18:20:55.000000,0375196ce8d1248a4982ffc9fa28881c,15920,15920,0,,,
2023-09-02T17:53:37.000000,6f275f62380a417927ef38ff5019bd1a,15920,15920,0,2023-07-22T21:28:49.000000,kakao,41.85
2023-08-01T22:44:42.000000,14fe64053777f12f079bf1bf0b1d228a,15920,15920,0,2023-08-01T22:35:17.000000,email,0.01
2022-12-23T09:57:54.000000,0d53f7c2afdef9b7e04d2fd505a41543,79200,79200,0,,,
2023-07-31T16:56:57.000000,602b97c8340fcd6991111b4d80ab6edb,15920,15920,0,,,
2023-09-07T10:07:21.000000,b0f2d036da2eabb76d69758e2ee23e79,15920,15920,0,,,
2022-12-31T16:51:57.000000,fa52fcaa7070bba68a5220219e95d293,79200,79200,0,2022-12-31T00:49:43.000000,kakao,0.67
2022-12-22T12:12:51.000000,acc68812a67c353e8294a43f0da0f01c,79200,79200,0,,,
2023-10-23T18:51:28.000000,c988ad67875a4cb859ecf7a16f35968b,15920,15920,0,,,
2023-02-16T03:30:02.000000,b5bab00c910f8c1a9c65828d17ae5315,15920,15920,0,,,
2023-12-27T14:44:42.000000,ab35b55ef72263178e88ccfa6e09d30e,95520,95520,0,2023-12-24T16:08:01.000000,naver,2.94
2023-10-26T10:12:02.000000,f833cca4c382ac8c502c6f99bc432725,131600,131600,0,,,
2023-08-14T19:04:38.000000,69201b712a92833770c0614c23dcb7a6,15920,15920,0,,,
2023-06-17T17:29:17.000000,8a99c54f35e1ce57d4e301abc471f7fa,15920,15920,0,,,
2023-08-03T20:51:16.000000,1d5cad893a2cd87d368338a0756b26bb,15920,15920,0,,,
2023-01-04T00:28:47.000000,956677e8c8715193de663c0ac003678b,83200,83200,0,,,
2022-11-22T09:34:16.000000,4547d34b538e7b97b4e6824ec6286d78,15920,3960,11960,2022-11-22T09:33:05.000000,email,0.0
2022-12-31T14:22:03.000000,3e5186968302ee3b7c3fc4b92942c6e6,79200,79200,0,,,
2023-08-20T19:55:58.000000,f7d7307961ff0b6e8b1b69b0f8c81d2d,131600,131600,0,,,
2023-12-30T16:20:22.000000,3d0f05bcc7ad9639ed6ba87896bae2cb,95520,95520,0,,,
2023-01-30T21:18:23.000000,46bb8724f424fb125abc782d9f31bd29,95200,95200,0,,,
2023-01-24T23:04:04.000000,1e411df93efb8ed6b683011d4a779c57,91200,91200,0,,,
2023-01-13T16:10:05.000000,a1efe6dd14569d772d00e1b5997e8eb0,87200,87200,0,,,
2023-05-06T23:34:11.000000,d202fed3490cec1f454048943ff1b5cf,131600,131600,0,2023-05-04T20:00:38.000000,kakao,2.15
2022-11-22T15:34:21.000000,22f6a9604499076777a613e66258617d,15920,15920,0,,,
2022-12-28T21:19:43.000000,be3df5fb1f729dc5e89d082611edf3b7,79200,79200,0,,,
2022-12-12T05:55:37.000000,5382ba3801793a823e92f6a1c710d510,79200,79200,0,,,
2023-12-23T01:57:04.000000,fc71c00c0f07d3f987dc998cb9449406,95520,95520,0,,,
2022-10-06T20:00:01.000000,b80064591b3b1e522aaf1412b2ce76a9,42960,42960,0,2022-10-03T19:51:03.000000,kakao,3.01
2022-09-19T00:20:02.000000,5cc3067219d8209931ed964b93da2c02,42960,42960,0,,,
2023-08-27T16:13:55.000000,09383c2d8ceb47821d2ce56124497b19,15920,15920,0,2023-08-19T14:43:03.000000,email,8.06
2023-07-24T16:47:01.000000,61ae68a40e1d1aadc79dc6a41825c923,15920,15920,0,2023-07-19T14:13:37.000000,kakao,5.11
2023-08-06T13:34:50.000000,b49c5247df7a8d3ede909c0a0e3920c7,15920,15920,0,,,
2022-12-22T20:11:21.000000,c21d9cbd13d0ea598c12f5f9d7638959,79200,79200,0,,,
2022-11-29T05:16:20.000000,7bd408d9c238a1929df34018a7700408,15920,3960,11960,,,
2022-12-31T19:31:37.000000,2e191dce117b792fbdc9b479507c3587,79200,79200,0,,,
2023-07-18T14:53:26.000000,3ad345f69d032afd60cf82fb60926342,131600,131600,0,,,
2023-12-28T02:59:41.000000,f5e05b30ed26f0e4bc13ac2e428f1907,95520,95520,0,,,
2022-11-23T16:51:54.000000,7864864566ec32ca5fcea10a61c52ae4,15920,3960,11960,,,
2023-01-01T22:42:43.000000,4080b7d17be06a189cb7aaa4dba50a6a,83200,83200,0,,,
2023-09-07T19:48:10.000000,92b33dff159e1056ea7f05b71ae3ce34,15920,15920,0,,,
2022-12-22T17:18:45.000000,6197cb29b00ba558819193f3ba0f4108,79200,79200,0,,,
2023-04-06T06:40:04.000000,1116a2ae90ca6b06f85feba27ad51ef0,15920,15920,0,,,
2023-02-22T18:47:18.000000,480d77f20c1d58027d7b90b2388f2c84,15920,15920,0,,,
2022-11-28T16:16:10.000000,80ce2c506c0d3579179c8177745291c4,15920,3960,11960,,,
2023-08-22T22:57:27.000000,d47e3baed92b8f9003bfd3a7592417ad,131600,118440,13160,,,
2023-12-30T12:00:03.000000,c986c47eaf5916bb9bef38568b118cdf,95520,95520,0,2023-09-01T11:53:18.000000,kakao,120.0
2023-02-09T16:35:02.000000,558fe7e8c06b8505f11b33d76f076e56,15920,15920,0,2023-02-02T00:40:01.000000,kakao,7.66
2023-04-05T22:55:05.000000,29cf9c49cbe5b1711c14d2f4fe25cb92,15920,15920,0,,,
2023-01-30T23:17:05.000000,0632be77a119efa6944461e980dcca48,95200,95200,0,,,
2023-01-16T11:51:54.000000,f67a57aa9ce80626bb1a455dcace11f2,87200,87200,0,,,
2023-04-10T12:50:03.000000,7aec01f9841c4a9c51d9afec712e7599,15920,15920,0,,,
2023-05-22T12:24:47.000000,ba284366c5d28a4169e5ddb1695348d6,15920,15920,0,,,
2022-11-22T00:45:31.000000,c544421a7c4a4c496be7f851e34dfa82,15920,3960,11960,,,
2023-06-17T21:08:25.000000,1fb855d894f16bbfe5a9434a4c8a6714,15920,15920,0,,,
2022-12-21T16:14:07.000000,362566f9a3f4c661ef7e6832c7a6e42a,79200,79200,0,,,
2022-12-26T13:17:34.000000,1d36a551a7ecc76b998e2a24f609bca4,79200,79200,0,,,
2022-12-27T09:08:43.000000,b77ed30732437fad18cf3acd3fe5e553,79200,79200,0,,,
2022-12-12T09:40:57.000000,cd0520ffb670547d8bcbaca8c4069483,79200,79200,0,2022-12-06T10:00:53.000000,kakao,5.99
2023-01-09T19:17:41.000000,6f38311b56dd88a85c8bfd7b6a53cc9f,83200,83200,0,,,
2023-01-03T18:26:17.000000,93b07a9e855242bab505fac1215a841b,83200,83200,0,,,
2023-07-31T15:24:46.000000,34c92b2f24d68cf521a35af7f17027a6,15920,15920,0,,,
2023-07-20T01:34:42.000000,7b586497577677848314bb42ef7b274d,15920,15920,0,,,
2023-07-22T15:25:34.000000,a6fe24246da14adc7f0cf92e4a9adaf9,131600,131600,0,,,
2023-12-14T00:22:21.000000,61029b353bc2bad94fd8cf1072fb929b,95520,95520,0,2023-12-13T22:19:36.000000,kakao,0.09
2023-11-21T14:17:32.000000,97ab99fdc889d1b889b6fc57d06aea33,15920,13532,2388,,,
2023-12-31T14:20:07.000000,0adddb4aa975cf712ce261b3a65a56a3,95520,95520,0,,,
2023-01-04T10:45:59.000000,7e7efc56cddff34a138c812796f63df3,83200,83200,0,,,
2023-01-24T13:47:37.000000,962021f200ab00e0391c23d4857a8442,91200,91200,0,,,
2022-09-17T20:50:03.000000,12bd29cf54cf9fa5c1eb34429894bc19,15920,15920,0,,,
2022-09-08T11:35:03.000000,af8f01ee870bf20e5bda886484652a37,15920,15920,0,,,
2022-09-20T18:40:03.000000,8963a5fbe8de2ddd7c870c42ea2110f5,15920,15920,0,,,
2023-07-29T00:57:56.000000,53eee3698a680920fff9c297e8530ff5,15920,15920,0,,,
2023-01-11T17:26:52.000000,56b72aef97c516661f8831424da9803a,87200,87200,0,,,
2023-03-27T13:10:03.000000,62b1e11aabae340b1c8e1153fd1d870a,131600,131600,0,,,
2023-01-28T00:55:02.000000,115fca7e55940663bf6ef3794f803344,95200,95200,0,,,
2023-06-01T11:12:42.000000,a34895bb8af074c5683c57f2cbc339d8,131600,131600,0,,,
2023-02-10T12:45:03.000000,71a38f81e87b21346efd986acfc10b5b,131600,131600,0,2023-02-03T12:36:49.000000,kakao,7.01
2023-03-20T06:15:02.000000,cbbbb77f20d98e7dc231c53165218142,15920,15920,0,2023-03-06T00:35:47.000000,kakao,14.24
2022-11-18T15:33:22.000000,352ec39ca8897336033224feedaa309f,15920,3960,11960,,,
2023-07-10T16:39:58.000000,c075dc671ff50c0359387b3773e794d3,15920,15920,0,,,
2023-12-10T18:06:12.000000,068b8411d1e51191cfd6adb36c7edc0a,15920,15920,0,,,
2022-09-11T08:05:02.000000,23de9424fa70b693b1e2012a55d3c867,15920,15920,0,,,
2023-10-20T01:24:16.000000,741625de76dc8aec4b1937025b1b83a2,15920,15920,0,,,
2022-12-06T20:04:40.000000,b083c344998fd13ebf0a01db7a44e4b5,79200,79200,0,,,
2023-01-10T23:55:16.000000,3764c1f716fe2226d7e4d0be84a17e6c,83200,83200,0,,,
2023-01-24T22:29:52.000000,a446d6450b2e20405c7e65d9edb45aae,91200,91200,0,,,
2023-01-17T23:49:13.000000,42991a6245e22017f6c908358669bffb,87200,87200,0,,,
2022-11-29T05:43:59.000000,797ff1e4b6f3098438df6b29fde4828a,15920,15920,0,,,
2023-01-31T19:45:29.000000,dec3702abd497128f5a8b25910418388,95200,95200,0,,,
2022-11-19T22:32:38.000000,bdd6151a67ec356d40b99e6b26d3f117,15920,3960,11960,,,
2023-06-13T19:18:02.000000,459cff718aea7f4a66c39f1c24d56cb7,131600,131600,0,,,
2023-12-27T11:46:47.000000,84185c89b9a018c3fff90de5b3f7a3f4,95520,95520,0,,,
2022-09-24T16:43:38.000000,2466261a18d5757e8504ff8045d4b0e1,131600,127652,3948,,,
2023-12-31T23:02:44.000000,c17d8a9ec26176310092fe664fe788ae,95520,95520,0,,,
2023-04-24T23:35:03.000000,c920db2ce0955c18f7377c3a877c64e8,15920,15920,0,,,
2023-12-03T16:58:12.000000,d398a9e6227a8b345f8fc240b6163cda,15920,15920,0,,,
2022-11-30T10:24:33.000000,43720ff673c6f6e0a08e22aad1548e8f,15920,3960,11960,,,
2022-11-22T14:06:30.000000,868b84d4ff0d4e058c1b271f243de81c,15920,3960,11960,,,
2023-07-18T19:04:01.000000,e8a4b3fa6622c3a12fa6bd756339e519,15920,15920,0,2023-07-09T00:18:48.000000,kakao,9.78
2023-07-30T19:37:27.000000,bf7c8eda1e9d8a80a5322d7b7735c80d,15920,14328,1592,2023-07-30T01:19:36.000000,kakao,0.76
2023-03-28T09:00:04.000000,c3b29b9c08644af8029641a7d47a12be,15920,15920,0,,,
2023-10-15T21:32:15.000000,835f0ebe5bbdcd0f170f2e0ddaf6cfbf,15920,15920,0,,,
2023-05-13T16:45:41.000000,58b6ee57c220b811266307fb4c4c80b3,15920,15920,0,,,
2023-01-31T22:10:00.000000,0816ae598abd67097b0cbd8956ee1dc7,95200,95200,0,,,
2023-05-24T14:50:15.000000,275bbeb878dd9e26ac22683a4167d12d,15920,15920,0,,,
2022-11-30T21:26:03.000000,bb253993cba0be9a2ef1bc12399abc4c,15920,3960,11960,2022-11-30T21:23:38.000000,kakao,0.0
2023-08-19T10:01:32.000000,8bd0d20cac1f61da3a56d1cecc3c0f36,131600,131600,0,,,
2023-08-11T22:25:53.000000,9a3129c3bc7b371fec5e82108a616375,15920,14328,1592,,,
2023-06-24T11:29:54.000000,247fea93ea65ff1ae489b06d5d30819e,15920,15920,0,,,
2023-04-05T22:25:02.000000,f3b288912c2487220298b3c16d6fe9f7,131600,131600,0,,,
2023-01-06T13:12:38.000000,e763d5f34e9a3dd72585543bea480285,83200,83200,0,,,
2023-01-10T23:38:38.000000,bf15a8e42c70858ae2f07cb8c05f6bcf,83200,83200,0,2023-01-10T22:59:13.000000,kakao,0.03
2022-11-29T21:01:57.000000,65982adc20433f00cb47096340f2276a,15920,3960,11960,2022-11-29T20:39:02.000000,naver,0.02
2023-07-10T20:20:17.000000,f580c37a4f0234bab5d752804970e93d,15920,15920,0,,,
2023-07-21T16:05:33.000000,115ca8ed47184bf119011adb2cf22c57,15920,15920,0,,,
2023-06-29T23:45:26.000000,9dd5b05df44ae64e2883b874485338c0,131600,131600,0,,,
2022-10-16T18:55:03.000000,6a6c3add7a45138f0411e367735ef0b6,15920,15920,0,,,
2023-05-02T21:35:44.000000,184794a45b0853dfda95066d5b40a1e5,15920,15920,0,,,
2022-12-31T18:37:16.000000,23e6f563a9763db58f6a3b1b521cce0a,79200,79200,0,,,
2023-08-01T20:55:07.000000,595e9ff4211cba9465163200071e83f8,15920,15920,0,,,
2023-03-28T16:00:02.000000,cb12ecaa65b9039e37bcd3ddd4a58db3,15920,15920,0,,,
2023-11-29T20:21:21.000000,62260136a26ae87a3bb91b24be374fea,131600,131600,0,,,
2023-12-24T12:39:50.000000,28cf489eed40966ec2efda2c020b4033,95520,95520,0,,,
2023-06-04T17:06:44.000000,673929b7afcd44311a7fb58d5e844237,15920,15920,0,,,
2022-11-30T21:26:32.000000,87eb756604c46895c0bb7e955d8b6719,15920,15920,0,,,
2023-01-17T20:45:28.000000,04f6c2ccffee11759b04290d69cdcc8a,87200,87200,0,2023-01-17T17:21:42.000000,kakao,0.14
2023-01-03T18:53:26.000000,8072818eaa500222a911abbe4b92b366,83200,83200,0,,,
2023-07-07T13:50:17.000000,c210251112359e8b9daff02adb22f02d,131600,118440,13160,,,
2023-11-23T11:44:31.000000,8da8726cbf1de3b3bb1898e384fe80e7,15920,15920,0,,,
2022-11-20T20:03:48.000000,7514155196fa24e9490920d1a5b89ea4,15920,3960,11960,,,
2023-02-20T16:15:02.000000,8376800f52c52372588a3a1a74d9be2f,15920,15920,0,2023-02-13T16:01:51.000000,email,7.01
2022-11-29T20:32:02.000000,798640269f7c0075c139e77cbe28cd2c,15920,3960,11960,2022-11-29T20:31:30.000000,kakao,0.0
2023-04-19T14:40:01.000000,597bb708112fd606c11bd145b6037524,15920,15920,0,,,
2022-12-31T15:16:23.000000,011920300799bcab9096dc094053b5c4,79200,79200,0,,,
2022-12-01T19:32:00.000000,c222d6f07bf5a16590d6a636f53cdb34,79200,79200,0,,,
2023-10-20T19:25:26.000000,e7f629cc4bfd21d556d5a25b38727c0b,15920,13532,2388,,,
2023-11-23T14:30:42.000000,01cf536a894be2731872f951b0ca9277,15920,15920,0,2023-10-01T08:01:55.000000,naver,53.27
2023-03-29T16:37:22.000000,a7386eaf7a4168412716c4ff5121fea4,15920,15920,0,,,
2023-07-22T14:54:34.000000,bcd13e3dfa26d2288cef979378eff423,15920,15920,0,2023-07-21T19:15:27.000000,kakao,0.82
2023-11-22T13:45:32.000000,56d66548a3c4df65ec1e8f1f822d6806,15920,15920,0,,,
2023-08-01T10:10:14.000000,effd08310b0d67476db61289ae0af21b,15920,15920,0,2023-03-21T23:44:11.000000,kakao,132.43
2023-01-04T17:15:45.000000,36a3604b7c817d439d9efa21427b0b84,83200,83200,0,,,
2023-09-05T14:00:00.000000,f4dc9d1ef2560c593a946d4431256c86,15920,15920,0,,,
2022-12-29T18:46:02.000000,6fe27c2fa3121a1dce092b1d65b0fb59,79200,79200,0,,,
2023-10-05T15:22:40.000000,0954c37bcfe32f4bf25053a62c45f588,15920,15920,0,2023-09-19T15:14:19.000000,kakao,16.01
2022-12-20T22:09:56.000000,52b971a2014c8ebe0d789e81e13e4f9f,79200,79200,0,,,
2023-11-11T19:45:51.000000,9a485d043139a61c05162c69f7454612,15920,15920,0,2023-07-23T22:21:50.000000,kakao,110.89
2023-08-14T19:53:57.000000,aead4427c5050e52754b33c38bfdefc2,15920,15920,0,,,
2022-11-21T11:38:54.000000,504b1dd1fd5c1bdc90a9d989a8a974f2,15920,3960,11960,2022-11-21T11:37:48.000000,kakao,0.0
2023-10-31T13:00:13.000000,06ccc879ecc99d7f55fcf521ebee45ce,15920,15920,0,,,
2023-11-28T13:35:11.000000,f4280906879b33c4dc6d57661c0798b8,15920,13532,2388,,,
2023-06-20T12:52:22.000000,4090fed5214c3e14e891dd4f8eee10ff,15920,15920,0,,,
2023-01-24T21:45:03.000000,c0888eec3f0b121a3d8fa8ef787c2f90,91200,91200,0,2023-01-20T00:51:00.000000,kakao,4.87
2023-09-12T22:42:18.000000,dd1a60e8484ff30adf0ebea6ef8d39d0,15920,15920,0,2023-09-11T00:16:55.000000,naver,1.93
2023-09-10T16:15:22.000000,4baf68d9807f51127f250d0dea70ee23,15920,15920,0,,,
2023-09-11T21:46:19.000000,36e9cfff52b11c54f027b22c35ce3c05,15920,14328,1592,2023-04-30T16:18:07.000000,kakao,134.23
2023-04-06T12:50:49.000000,cdab159931e5b79ada341dc4d12dcab1,15920,15920,0,,,
2022-11-15T21:46:50.000000,f974091dd4acd97392b8ef5f4e0fa6d3,15920,3960,11960,2022-11-15T21:45:18.000000,naver,0.0
2023-12-31T19:36:48.000000,9d9b0de21f56ea0ce9ca1aa672a5adaa,95520,95520,0,,,
2023-09-04T15:28:45.000000,37d471463a1e9d2a98d18247bd8762c4,15920,15920,0,,,
2023-04-04T23:28:38.000000,a847e820d5e4ebf63aa23d67118b3660,15920,15920,0,,,
2023-03-27T17:00:02.000000,8af0e16d82abd24875d54d0cb89d95f1,15920,15920,0,2023-03-20T16:53:34.000000,naver,7.0
2022-12-31T21:38:45.000000,6dd450efbc3674805101545c91c30012,79200,79200,0,,,
2023-08-31T00:36:14.000000,a1a3d0318047a656136f92e5d0fc747f,15920,15920,0,,,
2023-07-19T22:20:49.000000,ff02c511384a48bb629385306eb01ba4,131600,131600,0,,,
2023-09-02T22:27:37.000000,98094da9b38a79aaddd9484a0bda6412,15920,15920,0,,,
2023-12-21T13:51:20.000000,94c73b8f5d8dbe7c1e8ab4cd0f59a0fa,95520,95520,0,,,
2022-12-29T10:13:22.000000,67d544972cbeff05998dc3c5490c5bce,79200,79200,0,2022-12-29T09:18:55.000000,kakao,0.04
2022-11-14T09:35:02.000000,adbd0538928a96e1dbca67e913050709,15920,15920,0,,,
2023-08-27T18:25:53.000000,1a52bb7631368e263038a115068f5eb5,131600,131600,0,2023-08-22T11:48:34.000000,kakao,5.28
2023-11-10T18:30:21.000000,00ff1fedad0daacccbfa2d068d39f6f6,131600,131600,0,,,
2022-12-26T17:53:57.000000,5159a40d53a7e9e05825610f11f9c939,79200,79200,0,,,
2023-06-23T23:29:41.000000,6b550ca043222043ec4c201ca18282f9,15920,14328,1592,,,
2023-07-25T11:34:30.000000,404d7394e098aaaa4f539a741689ecb4,15920,15920,0,,,
2022-12-16T06:15:24.000000,233d400be834d3de8657632664371162,79200,79200,0,,,
2023-06-21T20:44:09.000000,9323946b5579ea2fa78bd89ee1e1732f,131600,118440,13160,,,
2023-07-27T13:59:09.000000,00b447a427830f997b10d54428702dc8,15920,15920,0,,,
2023-04-23T20:50:02.000000,a3cef958ddd303e6a9b0db2a2da378e7,15920,15920,0,2023-04-16T20:28:35.000000,email,7.01
2023-03-24T15:05:02.000000,bf47de78ba68f7e48bb1639fc8bf272c,15920,15920,0,,,
2023-05-03T12:26:13.000000,5ea1424ae24ba0cd5ef7985cbf329fc3,15920,15920,0,,,
2022-11-30T23:16:11.000000,674e4fe444a6b22d339d5c60dd7cee1d,15920,3960,11960,,,
2023-07-10T23:06:36.000000,0a53b38ee8713a120f127cf593795208,15920,15920,0,2023-07-09T22:06:03.000000,google,1.04
2023-05-17T23:31:56.000000,bdc62a46d884a57d75d89cdc3d291b97,15920,15920,0,,,
2022-12-23T14:21:51.000000,c0ea9f517f81962d10a5ab4a0295193b,79200,79200,0,,,
2023-04-18T21:20:03.000000,a17e324011a4b428429472c2464a6af4,131600,131600,0,,,
2022-12-20T19:32:42.000000,3ad5698d307ad31780622ca126753876,79200,79200,0,,,
2022-11-30T21:58:47.000000,28511187f43bf0ec7a78b9f636ebbaa3,15920,3960,11960,,,
2022-11-16T11:55:27.000000,88d95461d4d7781a9f4d9d6c25bf7d6c,15920,3960,11960,2022-11-16T01:07:14.000000,google,0.45
2023-01-01T10:01:10.000000,dadb364b2a1bb4d7cac515cb538e0633,83200,83200,0,2022-12-29T18:47:22.000000,email,2.63
2023-12-28T11:44:29.000000,fcbb8d4e91192b778a90d096598ffb07,95520,95520,0,,,
2023-01-27T19:31:59.000000,3228c7fd2768277720c8775bb0932ced,95200,95200,0,,,
2023-06-12T20:02:45.000000,1f3cc8b2d4cf16a12fdf5f48dc5b822a,15920,15920,0,,,
2022-10-16T16:55:02.000000,b2ecf6452c163d59fda0f89529684614,15920,15920,0,2022-10-09T16:28:48.000000,google,7.02
2022-11-15T18:22:28.000000,3d36ef7c3e83f64ded6ab95bcc5ababc,15920,3960,11960,2022-11-15T18:20:27.000000,kakao,0.0
2023-11-02T17:42:06.000000,d9b8af887b925753a01e0f290ef3fd7d,15920,15920,0,,,
2023-09-01T21:27:21.000000,e97b7c06d46800ee74d06f38e603c29c,15920,15920,0,,,
2023-06-04T23:00:02.000000,3a3429a7eb4fb6ec38f8c4b48cf311f5,15920,15920,0,,,
2022-10-21T12:45:02.000000,de6a32683fe47651f3ff3bd39c42defb,15920,15920,0,2022-10-12T16:54:21.000000,google,8.83
2023-02-27T21:45:02.000000,e72f38f8a339ca70c9a5eadf9a77d3f5,15920,15920,0,,,
2023-07-04T08:16:03.000000,6bde789ecd5d56f8df3321a9a67a9cce,131600,131600,0,,,
2023-10-30T14:20:42.000000,a6c6d3e1faa7f3703b75c526a419fad3,15920,13532,2388,,,
2022-10-01T10:00:02.000000,12ad49fb0daa201f5d93d7f104d63571,15920,15920,0,2022-09-28T09:51:31.000000,naver,3.01
2023-11-26T12:31:05.000000,ce757461c136fcb86774c6e92fa17700,15920,15920,0,,,
2023-12-29T15:14:32.000000,a3f57a0a8171cf031d3231ee7673f885,95520,95520,0,,,
2023-05-17T23:31:35.000000,73908c1bcaf0752a0b283684815357fd,131600,118440,13160,,,
2023-08-18T20:15:28.000000,d579d61d1f67e51ddda7dce70a2a6dd0,15920,15920,0,,,
2023-01-14T12:23:45.000000,672c4c17239c11f22552040d4f18ae23,87200,87200,0,,,
2023-12-03T17:34:41.000000,30a2884454f08ef34cf4e0832d1fefe3,131600,131600,0,,,
2023-10-10T17:33:54.000000,cb31524a0cca72ce46c5d01d9e09b50a,15920,15920,0,2023-09-25T11:15:39.000000,google,15.26
2023-09-03T02:52:55.000000,59d44e30203a9bfb95de7afa4ddca27b,15920,15920,0,,,
2023-03-27T16:55:02.000000,a991717954a27f6e5856e59ede39d1af,131600,131600,0,,,
2023-03-23T14:43:59.000000,cd1617ebf94be42681908021d2bf8597,15920,15920,0,2023-03-13T08:33:20.000000,kakao,10.26
2023-07-20T13:36:49.000000,f40267ad22b6e2b010ab5467365d3b9f,15920,15920,0,,,
2023-09-13T11:56:51.000000,e9f12b75f84563a3ca575adc959420ef,15920,15920,0,2023-07-07T11:32:20.000000,kakao,68.02
2023-08-10T11:14:50.000000,d9fa4cedb7a458ae94eb64d0ff801afb,131600,131600,0,,,
2023-06-20T22:22:36.000000,877973cfd61d67fcb34b4c16675be90e,15920,15920,0,,,
2022-12-20T17:59:01.000000,8b4966a1c7c4894cb67e2a3d2da20e5d,79200,79200,0,,,
2023-08-04T22:16:29.000000,52446f2e2b204ac78fd9c923c86d05db,131600,131600,0,,,
2023-03-22T19:36:30.000000,c6899a4157aa5344e46e6bab31b145f7,15920,15920,0,,,
2023-01-27T14:40:19.000000,12c59cda302c1334c22521fc2ea5428d,95200,95200,0,2023-01-27T14:35:33.000000,naver,0.0
2023-06-22T21:01:34.000000,e00cfe6989d66a2f113f9587eee0ac5a,15920,15920,0,2023-06-12T00:45:43.000000,email,10.84
2022-12-31T23:11:21.000000,5ba77d54fc7db0414b24cb126762a687,79200,79200,0,,,
2022-11-30T10:51:04.000000,d5a5000b6a738fab00d9e68a6365a798,15920,3960,11960,,,
2023-05-03T23:35:02.000000,73b02f727112da04571f1517f4db052e,15920,15920,0,,,
2023-01-17T22:23:15.000000,75e0ec9c95982356e55f1892cc233b65,87200,87200,0,,,
2022-11-30T22:46:26.000000,b0065e0acbaa74f221a1b499fb50ea97,15920,3960,11960,2022-11-30T22:45:31.000000,google,0.0
2023-05-02T11:27:32.000000,7fcc060ad6ba0da7e663a175dd64403b,15920,15920,0,2023-01-16T06:45:22.000000,kakao,106.2
2022-12-19T15:44:38.000000,a84226c78bcad47545b5c216b7890eab,79200,79200,0,,,
2023-12-10T14:15:04.000000,024be98912debc98f406f207560f51ad,15920,15920,0,2023-12-01T17:09:58.000000,naver,8.88
2023-09-01T20:51:50.000000,0c163fdcf8f15199098e1618954d6592,15920,15920,0,,,
2023-05-12T14:49:31.000000,7c99ca9f148c0e43b7c09574bba8c535,15920,15920,0,,,
2023-11-11T20:09:21.000000,6a9fa1974221f6e37ede0591b427ac9c,15920,15920,0,2023-11-09T17:16:52.000000,kakao,2.12
2023-09-19T08:58:48.000000,9923109adc39a04af000044f17b5d453,15920,15920,0,,,
2023-06-30T16:40:08.000000,bc44701ce9c56f31e07b109d848af895,15920,15920,0,,,
2023-12-31T19:06:24.000000,875627939582df3aadfc75ab46207d79,95520,95520,0,2022-11-06T17:15:00.000000,kakao,420.08
2023-11-02T20:42:46.000000,1f96d934286def4411636ba478d543e0,15920,14328,1592,,,
2023-03-26T16:50:02.000000,a50d09fb901ef1572e6cb543f3bf51c1,15920,15920,0,2023-03-10T20:41:40.000000,kakao,15.84
2023-08-12T14:53:32.000000,a5d33c4a3016f54901a2c6459679eb4b,15920,15920,0,,,
2023-12-24T19:45:24.000000,b96e506e6e654d81b43677c9586f126a,95520,95520,0,,,
2023-01-26T12:29:18.000000,d687a927e5e624618b53ebd7c6fa7ac0,95200,95200,0,,,
2023-01-22T22:04:19.000000,237f0c47b64ac73436345a33a9ddf1dc,91200,91200,0,,,
2022-11-30T21:55:59.000000,2dc7b55f7a77c090e4f1481b5623a605,15920,3960,11960,2022-11-30T21:49:11.000000,kakao,0.0
2022-11-29T22:55:21.000000,be4dcb9aa61c361d4fda38c014cd8963,15920,3960,11960,,,
2022-12-30T16:18:07.000000,abfeb963be84e58ca4cf52fc94bd40e6,79200,79200,0,,,
2022-12-04T21:19:29.000000,cb66c3b51e3bb47e2383be319b598380,79200,79200,0,2022-12-04T21:17:46.000000,kakao,0.0
2022-10-31T00:41:14.000000,dad31b99c601f52d136fea6e9d062233,42960,42960,0,2022-10-13T09:19:10.000000,kakao,17.64
2023-09-01T00:35:42.000000,07d54a6fff3d5c1df8ed441cbd979c62,15920,15920,0,2023-09-01T00:33:43.000000,email,0.0
2023-09-21T23:07:45.000000,8ee89294343c42fd156bc1e876aa6bac,15920,15920,0,,,
2023-06-23T17:41:56.000000,ef02da0334be687025926dd6fcf4524c,15920,15920,0,,,
2023-04-25T16:00:01.000000,17986b75cd4c5668e3587b6db2a3c59c,15920,15920,0,,,
2023-10-30T19:48:17.000000,2a62be6cf938de2fadd4dca11eae8560,15920,15920,0,,,
2023-12-31T23:07:10.000000,0551262fa66bc3c19017aab47d688887,95520,95520,0,2023-12-19T00:45:55.000000,kakao,12.93
2023-07-24T19:47:12.000000,51a4bb7de21daa916b3ad65ea01ade0b,15920,15920,0,2023-07-14T00:46:26.000000,kakao,10.79
2023-01-10T16:47:36.000000,c9f499817894b83f9e766da5e03a467f,83200,83200,0,,,
2023-01-12T16:45:38.000000,bec4cee553c4f8b0cda5b0663f2367cb,87200,87200,0,,,
2023-06-25T21:46:07.000000,9557aadf89d527fae01867ecfd27010c,15920,15920,0,,,
2023-01-17T14:15:27.000000,e8d88c45c5833d511fa2046e5abc089f,87200,87200,0,,,
2022-12-30T18:47:14.000000,03fc0b618fbbfede60588e701aa613b8,79200,79200,0,,,
2022-12-19T00:45:56.000000,6af6d5080ea3e2033d3610927914ff01,79200,79200,0,2022-12-01T09:34:11.000000,kakao,17.63
2023-01-14T12:47:41.000000,ea933e0f2d863c4538d43b2bf04bb395,87200,87200,0,2023-01-14T01:46:42.000000,google,0.46
2023-11-19T02:26:33.000000,e5c2409dabae5fd1b3678773e4c9cea1,15920,15920,0,,,
2023-01-17T22:43:36.000000,a48c3da0d250410f4741eebde28ba932,87200,87200,0,,,
2022-12-28T20:15:35.000000,5efdd81a0cbd7229ea350f70b6c6cfa2,79200,79200,0,,,
2023-07-17T22:48:47.000000,05e24b24e8dc8a2233776f4177424d83,15920,15920,0,,,
2023-12-29T20:12:57.000000,0534087d27c6c36f41e762140cb27e4f,95520,95520,0,,,
2023-07-17T22:28:49.000000,34333848b1f5390e3094e1234ab9925e,15920,15920,0,,,
2023-05-03T13:47:05.000000,c1b0939d5550fb8b3a7ced6e8ec5434d,15920,15920,0,2023-04-26T13:43:30.000000,kakao,7.0
2023-11-27T17:49:47.000000,0c6a33aab4a4e4183296d176ee290b6b,131600,131600,0,,,
2023-01-09T19:04:48.000000,4603b335ed9175d78ca1fcf8552ccdd1,83200,83200,0,,,
2023-04-19T17:40:02.000000,f72ddecc9a4ac37b93281f0f0c7c7684,15920,15920,0,,,
2022-09-01T22:50:02.000000,8bb6b51e8d811eaff436ebb82ab71611,42960,42960,0,,,
2023-01-06T10:33:17.000000,0eb000bd2e1f0f962f5ea4e621cfaa97,83200,83200,0,,,
2023-12-21T08:57:13.000000,7d2010e77a47d2d62cd581c3a3d72d56,95520,95520,0,2023-12-20T11:33:13.000000,naver,0.89
2022-09-15T11:10:02.000000,bcbd8e13de5a5b92d039b5bbb53dd001,131600,131600,0,,,
2023-06-03T20:13:02.000000,4eee46871bf3fa29e16f208db5ed5c8f,15920,15920,0,,,
2023-02-27T10:10:02.000000,5b4f6713b68a91d6f5c527bdf1f22360,15920,15920,0,,,
2022-09-26T07:15:02.000000,8eafb4e51061c2af260fba6d7967326a,15920,15920,0,,,
2022-09-11T16:25:02.000000,5769bb569417c4068d5785c0595fb0e8,131600,131600,0,2022-09-01T09:50:43.000000,kakao,10.27
2022-12-31T18:19:12.000000,44155f0424936c59264469100e308f0f,79200,79200,0,,,
2023-04-15T21:51:36.000000,adeb0eb59c285688fceb6f3604ec1d63,131600,131600,0,,,
2023-01-11T09:15:06.000000,2fa39b175f6ce89261802bc592ace534,87200,87200,0,,,
2023-01-24T11:41:12.000000,bbc39a9f9fa7693011f3188eade455fb,91200,91200,0,,,
2022-12-06T21:44:59.000000,5b5945ae60d8735f0f31098a764a14dc,79200,79200,0,,,
2022-12-30T23:34:39.000000,bb2a1d38a3872e7e78b1845078f20dd3,79200,79200,0,2022-12-25T20:59:28.000000,email,5.11
2023-01-31T23:52:45.000000,ddfb452968d0ba45b6062e75c3935126,95200,95200,0,2023-01-31T20:19:46.000000,kakao,0.15
2022-10-13T11:00:01.000000,0cdf7619b593bee37fcbdb9d11e513ab,15920,15920,0,,,
2023-01-16T20:00:35.000000,5af48731fb71dd7ab3910c848f8d3b29,87200,87200,0,2022-12-28T22:53:26.000000,kakao,18.88
2022-11-28T13:24:04.000000,e3c4eb0b452da56dfbcbacf01525c1fd,15920,3960,11960,,,
2022-09-19T09:40:02.000000,7052bd13273ac93c9ccfe190f9c2e582,15920,15920,0,2022-09-10T13:14:29.000000,google,8.85
2023-06-26T23:50:46.000000,42174accabd29f9440d3d0e7d3ef49af,15920,15920,0,,,
2023-01-24T19:06:00.000000,1c2316130ee8f6e3ae871994fd358dc5,91200,91200,0,,,
2022-09-01T20:10:03.000000,d84691acc854db4fcb15c38e1fb95123,15920,15920,0,,,
2023-11-15T15:44:29.000000,72151e2e92d34ed40ede627aef3fc5d5,15920,15920,0,,,
2023-07-29T19:44:57.000000,0500e8c715c652d798ad2a898a9b1c56,15920,15920,0,,,
2022-11-29T22:42:27.000000,c7df73f210f32f103365997e875e2816,15920,3960,11960,,,
2023-01-10T23:07:42.000000,89e57d85611760374da0b6ed4c251185,83200,83200,0,,,
2023-06-28T12:20:11.000000,ee3c9cf6571d4fd83e92f16b9deb82b8,15920,15920,0,,,
2023-11-26T12:36:17.000000,67cb27320eaddbc50745c446ebc983a6,15920,15920,0,,,
2023-05-09T23:52:01.000000,5d5a0658fd42c7c3f88cb6d5dc268796,15920,15920,0,,,
2022-11-29T14:48:05.000000,9b8ddef753a1909173f533312d4eab51,15920,3960,11960,2022-11-05T16:23:54.000000,kakao,23.93
2023-01-16T18:07:57.000000,aa6715bc90a25b038a06a7d894f81605,87200,87200,0,,,
2023-07-21T19:50:00.000000,fa6f3d44b00bd0e116d6a527d4767d8d,131600,131600,0,,,
2023-12-12T18:14:41.000000,2a73893e4895f04a25cbdabafe09d143,95520,95520,0,2023-11-15T21:55:08.000000,kakao,26.85
2023-12-04T21:28:07.000000,e56f21cd895f42ed311c521fce3d34d7,131600,131600,0,,,
2023-04-11T12:50:01.000000,494abd46e6c7bf1f967b735b6a406063,15920,15920,0,,,
2022-12-12T20:17:34.000000,e1f3ecae035a3c8ae8cf789fbde98995,79200,79200,0,2022-12-11T11:51:00.000000,google,1.35
2023-07-08T23:30:15.000000,290d9e7b18c55eff9804bb64b8c4d2f7,131600,131600,0,,,
2023-12-25T21:13:17.000000,0081558418243ce31370bc3688282fb6,95520,95520,0,,,
2022-11-15T21:00:01.000000,868b776c8d1d3aeb631e4ea099253518,15920,15920,0,2022-11-08T20:47:51.000000,google,7.01
2023-07-31T13:46:51.000000,5d9e1f117ccfc9143a75b1a6df4b254e,15920,15920,0,,,
2023-01-26T21:37:32.000000,b3717d77c6481f5b3caf6a01591c72ad,95200,95200,0,,,
2023-11-23T12:04:28.000000,ccea16701cf72a9027d7d5f2c3d3019c,15920,15920,0,,,
2023-11-17T13:12:37.000000,7a6ac2fa58b88cc862dceb1e367dc4bb,15920,15920,0,,,
2023-01-28T22:17:52.000000,bf1d894b44c57c9fdcea1467ec333daa,95200,95200,0,,,
2023-08-28T14:57:51.000000,58e0497b9a801e684f95c96c70421b20,15920,13532,2388,,,
2022-12-28T22:28:13.000000,69c08c3cd498cd5e0c92b86a99faff33,79200,79200,0,,,
2023-06-24T19:57:00.000000,38b84ebff70b1caf1cf42198566146fb,15920,15920,0,,,
2023-11-10T23:12:06.000000,f8df8f8ce4a4644d93fa5209c6ffed14,15920,14328,1592,,,
2023-05-16T15:11:20.000000,7b4cb785e89136e7e862f8b32848698b,15920,15920,0,2023-03-17T16:18:58.000000,google,59.95
2023-10-20T00:49:41.000000,aa1b2e1266ff5e8483dff3a772caabd2,131600,111860,19740,,,
2023-08-08T11:38:06.000000,e18f061b6248926629e49feb95790e19,15920,15920,0,2023-08-08T11:22:53.000000,email,0.01
2023-01-02T08:49:35.000000,0fcbc97246fd5a07896739726be828f0,83200,83200,0,,,
2023-09-03T17:18:46.000000,1b350f4dd67d2015eb8084cbbd05ec86,15920,15920,0,,,
2023-04-27T00:10:03.000000,d1a677fd1ab64da4e12d59183e1270fc,15920,15920,0,,,
2023-06-13T22:19:03.000000,f20df4dac0b4d4587c5b9d6d623b2efb,15920,15920,0,,,
2023-12-14T13:59:19.000000,671efda4a1061d18a06ba3f13fa7c588,95520,95520,0,,,
2023-01-19T22:42:00.000000,5e084631baffabaadc3846d5489be53c,91200,91200,0,,,
2023-12-16T16:46:56.000000,37ba8fdf2d285bb5d2a60f1e6b911571,95520,95520,0,2023-12-16T16:41:08.000000,google,0.0
2022-11-30T22:40:34.000000,9538ba3c2ae73f2fcc4b56cf6bcfe13f,15920,3960,11960,,,
2023-08-14T12:00:20.000000,e35f5096deec3e6f0d7011d19e551eaa,15920,15920,0,,,
2023-10-31T00:49:28.000000,a847548fd2dd827fe4be4122638d4d74,131600,111860,19740,2023-10-25T20:11:05.000000,naver,5.19
2023-07-16T14:25:57.000000,d77f6d0cb941179f981240b741e2e036,15920,15920,0,,,
2023-05-04T20:59:50.000000,7e5c26f37f621f810f3fcf872a7d0bec,15920,15920,0,,,
2023-01-16T13:10:23.000000,e2d7d6a6e3c6ec733f21a6d12b51803e,87200,87200,0,,,
2023-10-17T17:03:30.000000,c49ba735c1cf70390d8b0954102743e7,15920,15920,0,,,
2023-06-03T23:00:05.000000,fd3baf55a90be416ed998f014cc9dde2,15920,15920,0,,,
2023-05-01T21:05:02.000000,88db6cb2cf9d943b0b26882d513610ab,15920,15920,0,2023-04-24T20:49:29.000000,kakao,7.01
2023-09-26T20:47:49.000000,99db1633ff036a0c1e809ef144e82e9a,15920,13532,2388,,,
2023-04-24T21:15:02.000000,14d0008ae0e6eb15b060f20f4a6d26f0,15920,15920,0,,,
2023-12-20T19:13:11.000000,1dcb8649c865ff769b7d88462908e722,95520,95520,0,,,
2023-08-11T23:12:47.000000,3b06221518532ce434376b0aabc10985,15920,15920,0,,,
2022-12-19T16:19:47.000000,a0e60c40e55adbc133a3841e54831449,79200,79200,0,,,
2022-11-25T13:08:24.000000,746a0d88e9bc5a1d3689e356e98b2135,15920,3960,11960,,,
2022-12-30T14:38:26.000000,0e6f9fe5a736ef08a8cf7ec165c84f2e,79200,79200,0,2022-12-23T22:37:48.000000,kakao,6.67
2022-09-24T18:20:02.000000,ba61f13153c839e9aba774a227ad82e3,15920,15920,0,2022-09-15T19:07:26.000000,kakao,8.97
2023-04-08T11:00:02.000000,d34e28b136b214f53dacae4a701f3417,15920,15920,0,,,
2023-01-02T16:19:56.000000,e1de2e677b75632a3801faeeb4161284,83200,83200,0,,,
2022-11-22T14:11:49.000000,e9aabddb0cf7ee28f80dea4439924007,15920,3960,11960,,,
2022-12-31T11:23:20.000000,7cff29ebd527d0bdc55e8e7be1437471,79200,79200,0,,,
2022-12-22T13:48:03.000000,f44b836ef1dbca09b4534050c16bd8f6,79200,79200,0,,,
2022-11-19T01:25:02.000000,a1fbc46a97758ec2ca58d59f4d5a7315,131600,131600,0,,,
2022-10-15T18:00:02.000000,04a259cc1b40966a055b7aced9ffa535,15920,15920,0,2022-10-06T22:14:41.000000,google,8.82
2023-10-04T14:53:22.000000,883d5ef45fa1ba5f3e0f9ad5dd6a6436,15920,15920,0,,,
2023-02-25T08:50:02.000000,481ce387fbff23a23aa234fbb658eeab,131600,131600,0,,,
2023-12-29T17:00:16.000000,c912de3e79faf55a2bc904310244954f,95520,95520,0,,,
2023-12-08T11:08:04.000000,c00dbfebfcc054d3147a0f9ec29aac25,15920,15920,0,,,
2022-10-11T21:40:02.000000,7ac407d3bd8609b0425fc4fca3e6a8a5,42960,42960,0,,,
2022-11-29T23:08:18.000000,7b97d400cda6dbe22a9d874bb07e864c,15920,3960,11960,,,
2023-05-07T16:00:02.000000,69b470fbf1b406c5c24bfae47364b68a,15920,15920,0,,,
2023-12-24T06:08:23.000000,9fe5dcdb70de74aa825093101209ad8b,95520,95520,0,,,
2022-12-06T01:02:31.000000,d79c26fe60f396a0621c566edb0ee24f,79200,79200,0,,,
2022-12-18T09:26:48.000000,fe8b7eb7cc69b7b43fdbdfa02773d117,79200,79200,0,,,
2023-11-30T00:42:33.000000,a156959610e74bb2a3a0ab0034a599a0,15920,15920,0,,,
2023-04-26T11:20:02.000000,30a8c6e91524b3e6971d7a5a50058ee1,15920,15920,0,2023-04-19T11:17:19.000000,google,7.0
2022-11-30T17:26:04.000000,940ac05d3f9f7bec03426f5dbe060f0b,15920,3960,11960,2022-11-30T14:16:18.000000,kakao,0.13
2023-04-10T16:00:02.000000,7f658bb23263715129344cdadd5ca5b5,15920,15920,0,2023-04-03T15:36:58.000000,kakao,7.02
2023-12-02T21:12:29.000000,938761f633f563d9079da74220d51d72,15920,15920,0,,,
2023-08-17T01:06:25.000000,c034e25c390b40d74f24f0eb1e1ba8ae,15920,15920,0,,,
2023-09-03T15:49:58.000000,64f5236716f58ff5ec069014b3ab31a2,15920,15920,0,,,
2023-11-26T22:56:44.000000,44fa82f780e796ec6f2d8d48d8a0b8ad,15920,13532,2388,2023-11-26T19:15:22.000000,kakao,0.15
2023-01-06T00:00:59.000000,09849900fa6f53d6cd5e3daf9f943704,83200,83200,0,,,
2023-01-09T12:32:29.000000,686fada9091a4a147890c845968eddc6,83200,83200,0,,,
2023-06-22T23:13:44.000000,5091fa29c276cd9267a25524760943ad,15920,15920,0,2023-06-22T23:09:46.000000,kakao,0.0
2023-06-28T14:46:26.000000,09c2e7c4a9bc71caead465be6314254c,131600,131600,0,,,
2023-01-05T16:41:36.000000,cdc4f9aafbee70fdb5ee9c8c91a6406c,83200,83200,0,,,
2022-12-22T10:28:35.000000,0bf40e8381008d32df219580117d918f,79200,79200,0,,,
2022-12-27T14:42:45.000000,b227f93a78e30619195d675f28c58ddf,79200,79200,0,,,
2023-12-31T16:24:39.000000,e76cf60742ea990650bae329fef1940f,95520,95520,0,,,
2023-07-13T19:59:31.000000,9a33cdbdd485b8cae44775a2eaf0983c,15920,15920,0,2023-07-12T12:46:13.000000,naver,1.3
2023-09-14T16:50:38.000000,f5dc7a5d9bfb7d362780b7b600ca40f7,15920,13532,2388,2023-09-12T10:42:16.000000,kakao,2.26
2023-04-01T10:40:02.000000,b6a97f261b53f9f6c208a72bfd4ab2ca,15920,15920,0,,,
2023-06-20T18:40:38.000000,0eb6d2e76c2e1919a0a8fdadef0b5ca3,15920,15920,0,,,
2023-02-18T20:20:47.000000,4f4362d6f3745d2664d9eb885e63edf9,15920,15920,0,,,
2022-11-19T15:04:03.000000,17a899a6704721c0d4931528788b9c48,15920,3960,11960,,,
2022-12-29T00:07:16.000000,7c640b322c04c983f22699bc73326c16,79200,79200,0,,,
2023-07-14T22:28:35.000000,9364a8a334384d92efdfb4b917dee465,15920,15920,0,,,
2023-01-04T21:14:23.000000,a8a388b20c1a4de86686ef8d70b0fa29,83200,83200,0,,,
2023-07-06T11:06:19.000000,05cb26cbe35aaa2832af3b89467de888,15920,15920,0,,,
2022-12-01T16:39:39.000000,36f2dc7bf27465b6ce9d8408cbcc6559,79200,79200,0,,,
2023-06-23T19:08:48.000000,871e77d7db65f2466576883bf7eda0dd,131600,118440,13160,,,
2023-01-30T19:18:18.000000,c9da396b407226bcb6fcd4f3d80ac426,95200,95200,0,2023-01-22T00:23:47.000000,kakao,8.79
2023-01-09T14:32:54.000000,b09b09dfbb2e3f6f05e74ccaa0e412ba,83200,83200,0,,,
2023-09-11T16:13:04.000000,33bcf40d724e5f0d26f051e8d95ba592,131600,111860,19740,,,
2023-04-29T22:40:02.000000,2bdb6b77d4b2b02844cae09d8301a0c4,15920,15920,0,,,
2023-07-25T19:50:51.000000,234a490bb55da2f02987b084f3bb61e6,15920,15920,0,,,
2023-01-24T15:48:07.000000,89088dcfbb560e9faa20ad87a42adfc3,91200,91200,0,,,
2023-02-08T09:45:02.000000,8d95e920d55bab7997280fce136bba1e,15920,15920,0,,,
2022-10-02T08:55:02.000000,0a6c37562330d3aeb48eee50ea65724e,131600,131600,0,,,
2022-09-23T13:38:46.000000,48eda9f5b8418d40504d7085cef6f39f,15920,15920,0,,,
2022-11-30T21:04:47.000000,73633b1210b6e94ee3217037118dc9c1,15920,3960,11960,,,
2022-11-15T22:20:03.000000,6ef51a013df0ee87d96a8531cfc4662a,15920,15920,0,,,
2023-07-31T21:45:33.000000,7109f7fc53d48f90bcd5031a3ddc979c,15920,14328,1592,,,
2023-10-13T20:33:22.000000,37129b577283f5330aa7fb2109fdfd0f,15920,13532,2388,,,
2023-02-25T17:25:03.000000,cea664fb7c93fadcc661d36067794676,131600,131600,0,,,
2022-11-24T10:30:02.000000,05fc437d571adee9510972716a9ae62f,15920,15920,0,2022-10-13T18:08:24.000000,google,41.68
2022-11-15T16:50:11.000000,332de0c72933a86b9a3e11e84b52beaf,131600,131600,0,,,
2022-11-15T07:14:15.000000,4778acff0d54f25c60da67f1f07ee549,15920,3960,11960,2022-11-15T07:12:35.000000,kakao,0.0
2023-01-31T22:42:26.000000,078ee360e06aa882433e02e300a32ec3,95200,95200,0,,,
2023-04-26T17:25:03.000000,ed61fbb03f7a546d0c961a9d547cebec,15920,15920,0,2022-12-07T19:14:47.000000,email,139.92
2023-04-13T22:05:02.000000,9ed706dd69066efb63d82408a36e3e8e,15920,15920,0,,,
2022-11-15T20:00:04.000000,c4865f8c062e2f65dc46a573472efca2,15920,3960,11960,,,
2022-11-25T16:03:06.000000,2c5660f04b14e4870a9c13032d769312,15920,3960,11960,,,
2023-06-23T14:37:18.000000,cca7d952d2e38a163c05cf3a4afb559d,15920,15920,0,2023-06-23T14:22:42.000000,kakao,0.01
2023-02-12T22:45:03.000000,a9a3e7f9c62fc97804e4f74866788e73,15920,15920,0,,,
2023-07-01T22:12:39.000000,454b765aac26898507365d920736bef3,131600,131600,0,2022-10-28T19:46:25.000000,kakao,246.1
2022-11-29T11:39:04.000000,6927b1950562903a03ba01897e26ed76,15920,3960,11960,,,
2023-12-19T09:24:18.000000,351df5f384c20b3b19ecc94410a1ffbc,95520,95520,0,,,
2023-10-23T19:27:53.000000,81d073c3a45a629f97001bd0703caaa5,15920,15920,0,,,
2023-08-29T16:00:02.000000,388c757f8a018429dc62e57069fd7c29,131600,131600,0,,,
2023-07-01T15:24:55.000000,d58cb119eca0229657c3189ffc0da00c,15920,15920,0,,,
2023-07-21T00:38:15.000000,b355d69b6a5006f80fb57ad5add390c7,15920,15920,0,,,
2023-09-14T20:06:19.000000,5d9275f22b8aac621e8987b2a7a54847,131600,98700,32900,,,
2023-05-30T14:39:24.000000,905311a9209349749e5c0bbaad24f213,15920,15920,0,,,
2022-10-11T14:15:02.000000,e4f689ea4ea07c927d3111826cbc4495,42960,34368,8592,,,
2023-12-25T20:42:47.000000,7b377e755e6a306eddebf62ea4e1dd1e,95520,95520,0,,,
2023-11-26T14:36:07.000000,efa5f3fffb26073f918d0a19f6fe966d,131600,131600,0,,,
2023-01-30T12:51:12.000000,54279b33c62a099a765b58e782553ff2,95200,95200,0,,,
2022-10-24T22:31:04.000000,8f2597a1b46d51f3ae9d769005bbf6a3,15920,15920,0,,,
2022-12-07T12:01:43.000000,7e76c921c317c0058866075461a65287,79200,79200,0,,,
2022-12-29T21:03:57.000000,8035db15e78b822126e4c1de516b2293,79200,79200,0,,,
2022-12-20T01:05:35.000000,72914f4f35a8d7f22eb3eb543501104e,79200,79200,0,,,
2023-07-13T15:43:58.000000,2b7ec8f24d13b4c8d0d8cef917fdb8cf,15920,15920,0,,,
2023-07-25T14:27:37.000000,c99aefad1031e53a213595595a8cd4eb,15920,15920,0,2023-07-25T14:25:08.000000,kakao,0.0
2023-11-10T09:38:01.000000,3a88784b5de255d6fed8c068774e2f8b,15920,15920,0,,,
2023-12-25T15:59:29.000000,2bedcfc0c1330b22d9ae2fa87407e658,95520,95520,0,,,
2023-05-23T16:47:48.000000,22940edd9c90cd2ae2d72c5e86252d51,15920,15920,0,,,
2022-11-19T16:30:02.000000,af7691a349e1a15cb685508f87f7a7b0,15920,15920,0,,,
2022-11-24T17:58:03.000000,70dff4da455453ce346543f4b3c38d27,15920,3960,11960,,,
2023-06-25T07:12:40.000000,a41dd4252503dec388d6e76e7326eee8,15920,15920,0,2023-06-25T07:05:36.000000,kakao,0.0
2023-01-10T18:54:30.000000,704a4392d5c1b5e8cd8cb9404390c558,83200,83200,0,,,
2023-05-31T19:15:59.000000,326724e86332a9b7161eac9ddb280128,15920,14328,1592,2023-05-31T15:53:28.000000,kakao,0.14
2022-12-28T23:10:54.000000,ddc2ec16f00375d94767abb54493d457,79200,79200,0,2022-12-05T23:21:36.000000,email,22.99
2022-11-21T21:25:07.000000,3a9fd4bf695035fd243405322eb529e4,15920,3960,11960,,,
2023-09-04T14:06:16.000000,7d7b8a9f20684115774f27fd412d9ed8,15920,15920,0,,,
2022-12-31T23:25:24.000000,b86a0ddaa3daea27aa3bb044c8d1b068,79200,79200,0,,,
2023-09-16T22:08:20.000000,7f742dabddf2b60069b465e4b8ca5b43,15920,15920,0,,,
2023-12-28T22:39:37.000000,600fa80f9e6ee4130de3434df635b074,95520,95520,0,,,
2023-08-02T13:58:17.000000,15fcc15857727fbbd13b85c975dcc138,15920,15920,0,,,
2023-12-01T17:24:08.000000,570aaaa247dfb0dde6b41b972b54542a,15920,15920,0,2023-12-01T17:20:30.000000,kakao,0.0
2023-01-31T17:56:15.000000,6f809cdcb1c26c14677dfc8a266cf386,95200,95200,0,,,
2023-10-14T02:15:47.000000,103e61934219ee5d918409815897fe7f,15920,15920,0,2023-10-14T01:43:34.000000,naver,0.02
2023-01-18T16:13:48.000000,f12fe4e1a02dc0773a2d7f3a97a7446c,91200,91200,0,,,
2023-12-30T17:41:07.000000,904890ae53ee2940ee715cdd5c0da95c,95520,95520,0,2023-12-05T21:56:54.000000,kakao,24.82
2023-01-13T17:23:45.000000,be580855e2c1c3cbd247b7b7c07c0207,87200,87200,0,2023-01-12T10:48:08.000000,kakao,1.27
2023-08-27T23:28:52.000000,c2df2e1bc2f2a28db4e010019180babd,15920,15920,0,,,
2023-01-10T16:27:01.000000,b26f09fca45ac7a80908b371f7044867,83200,83200,0,2023-01-10T16:25:16.000000,google,0.0
2023-03-20T22:45:03.000000,f34540fbef04a66725d2a1bf8b4333f9,15920,15920,0,,,
2022-12-21T17:16:30.000000,4418bd2316f25cfa7f390dfcf3936fa1,79200,79200,0,,,
2022-11-30T22:58:42.000000,4c8b4d5b362ce858963f7d5385bf2039,15920,3960,11960,,,
2023-01-18T23:58:58.000000,de2210a2560ce22366956ddfe81c09cd,91200,91200,0,,,
2022-09-26T22:45:47.000000,b0ddc2de19c6c8dbc97f09473fa9a054,15920,15920,0,2022-09-06T21:03:32.000000,kakao,20.07
2023-09-22T19:06:42.000000,ba763c08c46c25a83777f7ea2964182e,15920,14328,1592,,,
2023-12-31T11:05:53.000000,27dfc525ac034ea47462f514456db100,95520,95520,0,2023-12-09T22:28:04.000000,naver,21.53
2022-12-27T08:31:07.000000,518cde5cec84d17bc52c94e63d0496d4,79200,79200,0,,,
2023-11-01T12:53:54.000000,2e29271958403449eb7e5df62494646b,15920,13532,2388,,,
2023-08-07T21:09:00.000000,b77841bb33ea5f799f04297e6b19cb1c,131600,131600,0,,,
2023-01-17T11:51:48.000000,99f2ffca013aeca0f41ff2e93fb79d22,87200,87200,0,,,
2023-03-29T08:05:02.000000,def40db2406637c40d510568f7459f14,15920,15920,0,,,
2023-01-05T16:52:59.000000,a5a76c7d7d83d56199be1b6347e0e8fd,83200,83200,0,,,
2023-01-09T17:28:47.000000,b25145dcbc54e6fc955b65b9728b2c0f,83200,83200,0,,,
2023-02-16T11:46:09.000000,69848413514d46797b6ac4fae6e3b3fb,131600,131600,0,,,
2023-01-22T17:49:25.000000,16f21d87b3d9f938aa9a0e3fd09c99da,91200,91200,0,,,
2023-10-20T08:40:40.000000,66f2407d28e3733b261b0db50ca9a774,131600,111860,19740,,,
2023-06-28T21:51:06.000000,f1891bf86e8e38abef96a410b7f2edfc,15920,15920,0,,,
2023-01-31T00:57:54.000000,a91d01302ac97d6f20162c7175879fa7,95200,95200,0,,,
2023-02-26T18:30:01.000000,a2e275242137ff32d81907e5b676894f,131600,131600,0,,,
2023-04-07T22:00:02.000000,d2db113c1104044fca4066a8c1d0b70a,131600,131600,0,,,
2023-02-13T00:10:02.000000,6baaae35ce872ba9c576b4bc1cdc6c9b,131600,131600,0,,,
2022-12-27T19:01:39.000000,3502faab1e4ba54e2ee403768f05769d,79200,79200,0,,,
2023-10-24T21:11:36.000000,f021cba6daa43a593afafa76eaca96e7,131600,131600,0,,,
2022-12-19T11:32:57.000000,7dc45226a4507cf66a0b180b4d10030a,79200,79200,0,2022-10-04T17:55:22.000000,kakao,75.73
2022-12-26T07:55:09.000000,69ac6e7df0cf09077ff51cf673607904,79200,79200,0,,,
2022-12-20T23:39:36.000000,c607b46854258b9f9f3f2f7c06d2f13c,79200,79200,0,2022-12-17T22:59:57.000000,email,3.03
2023-07-11T19:54:58.000000,e2015def19f7efcf2a289a0b3d0a0ed5,15920,14328,1592,,,
2023-07-25T18:36:29.000000,166765c1fe7f470fa23f7e80cd18e101,15920,15920,0,2023-07-24T10:18:09.000000,kakao,1.35
2022-12-13T08:22:05.000000,6e66e189a7590a1f56513526851e8881,79200,79200,0,,,
2023-01-16T01:42:35.000000,7d75b1942511aecb08a698f1011674af,87200,87200,0,2023-01-16T01:38:44.000000,google,0.0
2023-07-25T09:04:56.000000,419ca75a78db946fe186c5737890a5ee,131600,131600,0,,,
2023-08-21T13:52:21.000000,09fec0dae3b93aeb4bce4c844499bce5,15920,15920,0,,,
2023-07-22T19:31:54.000000,b2a4eb2d06b97f77b1e218995700f469,15920,15920,0,,,
2023-11-27T15:03:24.000000,4d4934e9c18205ca451662470ebc09de,15920,13532,2388,,,
2022-10-14T16:15:02.000000,a2ba661bde76def54dd2c9850fbf589b,15920,15920,0,2022-09-30T16:07:45.000000,kakao,14.01
2023-11-25T08:23:49.000000,3d149fb9c19dbb76870acad6b1c0e1dd,15920,15920,0,,,
2023-01-02T13:30:45.000000,e842a8c98af30bc014efcea459a98b97,83200,83200,0,,,
2023-01-16T15:50:01.000000,de385d9bda1e0be3d7f296ec5af7bef0,15920,15920,0,2022-12-08T11:03:10.000000,kakao,39.2
2022-11-02T00:50:02.000000,d3b275a3cc4b400f32b502c502ec1357,42960,42960,0,2022-09-14T02:52:16.000000,facebook,48.92
2022-12-20T21:15:49.000000,9c90665672e36e6a285edf1855602385,79200,79200,0,2022-12-20T12:44:38.000000,naver,0.35
2023-01-19T09:35:58.000000,312f127d8abf44a375be661dd44a38e9,91200,91200,0,2023-01-19T08:25:58.000000,kakao,0.05
2022-12-19T22:39:27.000000,fbba57357d8b76e6ddf1d73be266b465,79200,79200,0,,,
2023-11-29T22:28:03.000000,4b7b6ef1b8dbd27c726fe0bde079342d,15920,13532,2388,,,
2022-11-30T13:38:07.000000,0d57ae4804edb5c33e121b7a89997191,15920,3960,11960,,,
2023-07-19T21:00:24.000000,c016f926813042470e9952cea4b1228a,15920,15920,0,,,
2023-06-25T19:02:20.000000,c7f36c53642a651c7b899d864212a39c,131600,118440,13160,,,
2022-11-27T23:09:51.000000,0449291ce30407a5fb8b0889a54dfa29,15920,3960,11960,,,
2023-01-22T11:10:44.000000,b100c098212ddc8b3de4badf309f2499,91200,91200,0,2022-10-26T17:19:42.000000,kakao,87.74
2022-12-22T15:56:15.000000,5502da483b86c980f76008c3b0569adf,79200,79200,0,,,
2023-12-23T14:58:47.000000,5f41850d23c37061de64b33ea8308812,95520,95520,0,,,
2023-03-29T18:10:05.000000,29126bff58f932e3b36adef464f8fdbb,15920,15920,0,,,
2023-12-26T18:01:16.000000,b50d3ab976d0f5da5bd635ddcf9187d8,95520,95520,0,2023-12-25T17:16:33.000000,kakao,1.03
2023-09-25T15:01:09.000000,5cf12834fd6c9e99774cf5fd85604dda,15920,15920,0,,,
2023-12-27T14:16:26.000000,779a835fb995e842d06864df47c389ea,95520,95520,0,,,
2023-01-15T22:08:53.000000,7240b9cf1f76ae27aff82c722aa61caf,87200,87200,0,2023-01-15T22:04:32.000000,kakao,0.0
2022-12-31T23:23:35.000000,484f360e77562c3cb4d31ca9bb00500b,79200,79200,0,,,
2023-09-06T22:04:05.000000,51066351cc66da8dd2a00e8629398d72,131600,131600,0,,,
2022-12-30T13:54:08.000000,43523338427ebd4a95fbfecc47e11fd1,79200,79200,0,,,
2022-11-19T19:25:03.000000,eaef33088fb969ee4120ac497a3710e4,42960,42960,0,,,
2023-03-26T11:19:29.000000,64878e3060bead55b10337dbb679e0c8,15920,15920,0,,,
2022-12-28T17:46:10.000000,42ec62825ba48d0428f559ddedb58ad7,79200,79200,0,,,
2023-01-26T10:14:26.000000,0d78b8aa778ad19f6becdf791a04ca0c,95200,95200,0,,,
2023-02-25T10:45:01.000000,21afa1ef834a5fa8aa4892cb995d60fd,131600,131600,0,,,
2023-04-06T23:55:02.000000,3abfb186e65fb9e905bf3253c1150e17,15920,15920,0,,,
2023-06-22T15:00:28.000000,9565957a2dcdbe99843d456c5d09dd71,131600,131600,0,,,
2023-12-16T23:21:04.000000,3b39cc6b0f41de4016a08f4537bd54cc,95520,95520,0,,,
2023-09-18T13:02:32.000000,909c734fe1849dfd4219e2d749458f8b,131600,111860,19740,,,
2023-09-28T08:58:40.000000,893633d728d4a97a31d7439cbc55fee0,15920,15920,0,,,
2023-08-29T15:21:50.000000,ba253fa739d46504a0daf3ff2fb4b242,15920,15920,0,,,
2023-11-09T14:17:55.000000,97870f69edb180e0ff68d8a1e86d206b,15920,13532,2388,,,
2023-11-24T18:51:16.000000,80db8cf8c7cd00233d1b231e540140cd,15920,13532,2388,,,
2023-01-30T14:36:50.000000,ff02c4ac6b49b724bb41b001ab30e940,95200,95200,0,2022-12-06T07:40:49.000000,email,55.29
2023-05-24T20:36:03.000000,f0ea2db96bff4d5b2c4304ccb4068337,15920,15920,0,,,
2023-01-05T19:44:58.000000,9f99d1a1152195379e8ed343d0b3e46e,83200,83200,0,,,
2023-07-12T22:33:43.000000,ed57f2a62a66d1604dde4607420f8f19,131600,131600,0,,,
2022-12-30T15:24:02.000000,645672ba189a88d7e29c4fa9c9b92bbe,79200,79200,0,,,
2023-08-07T22:50:48.000000,a32b4480263ee3ca661cc0f61c0e878f,131600,131600,0,2023-08-07T22:47:53.000000,google,0.0
2023-10-05T13:22:33.000000,f40ca572ee3d2f28635287a977af0abc,15920,13532,2388,,,
2023-11-22T23:28:39.000000,f4ac9267ce515a37766aa49ebd916cca,15920,15920,0,,,
2023-04-24T17:25:39.000000,754bdf07b211ab1502cc2d79d033fc58,15920,15920,0,,,
2023-07-09T20:10:44.000000,9ac5220fbd277c196ee593a550551406,15920,15920,0,,,
2023-12-16T02:02:47.000000,1db31878eb1f58eb0b9b0b9e0c10c395,95520,95520,0,,,
2023-09-12T10:24:21.000000,5f210c86ce134b4ee71891817a076851,15920,15920,0,,,
2023-01-07T10:39:59.000000,e108c55c70a8049003f3fc2776c30399,83200,83200,0,,,
2022-11-28T22:11:24.000000,6ffc35355c182a39e4e3739a8df0fed4,15920,3960,11960,,,
2023-09-14T19:36:37.000000,bfb286f3a8fa83002122a8e0f064fd66,15920,14328,1592,,,
2023-10-12T14:02:19.000000,4d35c24373adfc6498b557ed9e50b5a5,15920,15920,0,2023-10-12T13:47:18.000000,kakao,0.01
2023-01-31T23:54:09.000000,d72b049183fa1082771390d40dd6f3ef,95200,95200,0,,,
2023-01-30T11:42:38.000000,c0bf78db6f3a8777a33f26d1525d8db8,95200,95200,0,,,
2023-02-20T18:45:02.000000,150239650e31fac95a76399668f5a377,131600,131600,0,,,
2023-01-28T18:49:20.000000,b426840bc6194de3b008b14ae9b77400,95200,95200,0,,,
2023-10-03T16:46:29.000000,86f248c9143fb9ecaa78dd34e1639841,131600,131600,0,,,
2023-12-20T10:43:09.000000,9ddd46a34d80907ed54b64e924eb41ad,95520,95520,0,,,
2023-12-18T12:45:31.000000,5d6d3c0eb22cde2a7c861b9f65ccfc05,95520,95520,0,,,
2023-05-06T10:14:05.000000,18d3fd6795dcb6b2b38bd0fa326a7dc0,15920,15920,0,,,
2023-02-19T12:10:02.000000,e847270c7e6dcc3de104a83301a7aa58,131600,131600,0,,,
2023-11-22T09:51:14.000000,bffb4b2fb619b8759e3ad208e944aeea,131600,111860,19740,,,
2023-10-22T23:55:49.000000,dd3e010def3d23f66ccbb65c8893b8fb,131600,131600,0,,,
2023-11-05T12:55:08.000000,0fe135f36de0fb2e7a3873eef9977812,131600,111860,19740,2023-11-02T01:40:42.000000,kakao,3.47
2023-12-15T14:55:16.000000,e51dedacf7302a7c56956f59efef84a3,95520,95520,0,,,
2023-07-10T17:53:21.000000,d5dc4aac489bb13b6089bb0e56a8a0b8,131600,131600,0,,,
2023-01-26T13:24:34.000000,5f390217ed3ad6e01f44e9b1d8453de3,95200,95200,0,,,
2023-11-03T21:05:04.000000,a8db86b4f655ca1612158b3c9902fe4a,15920,14328,1592,,,
2023-10-04T17:04:46.000000,69702036239972445dc8f8ac1166cd87,131600,131600,0,,,
2023-05-17T09:49:39.000000,6f22db59fa42f17508e20c96dab9a8d0,15920,15920,0,,,
2023-08-17T17:46:00.000000,7704205d3958cdea9807ef7312e18974,131600,131600,0,,,
2023-12-23T04:07:44.000000,6fff4c5e872d8beb3a2f70ce9716ed63,95520,95520,0,,,
2022-12-20T12:07:23.000000,28562e887d0942c8f422f1ffa1c12bc0,79200,79200,0,,,
2023-12-01T23:03:36.000000,b2726b8f0f3f414d30a91e6c2a3afb46,15920,14328,1592,2023-11-30T21:25:47.000000,kakao,1.07
2023-07-18T20:13:23.000000,0fbbe8fd8032ab2cc35af8f4ada069a5,15920,15920,0,2023-07-18T13:50:47.000000,kakao,0.27
2023-11-30T23:55:33.000000,0fb52f53435d505e7b264fc940ef6d3c,15920,15920,0,,,
2023-03-23T14:05:03.000000,9f8eb3cab9cfb51ea137f032fe66f1ee,131600,131600,0,,,
2023-06-19T05:22:35.000000,dba4b621931676dcdca97e4660af4929,131600,131600,0,2023-06-18T18:56:10.000000,kakao,0.44
2023-06-21T21:01:55.000000,74c17751a5719bbfe1635c9c64c0d2d4,15920,15920,0,,,
2022-09-14T14:45:02.000000,c1cb48e8eecf8da04d375e569d722ce3,15920,15920,0,,,
2023-08-03T13:59:45.000000,90da7b3729510c7c522fa541c999da22,15920,15920,0,,,
2023-04-21T11:30:02.000000,e95c578b09569beb32faa3931b4c2243,15920,15920,0,,,
2023-12-31T22:55:00.000000,e82769a12ca39c333502848063423eb9,95520,95520,0,,,
2023-01-10T23:27:10.000000,e163bd4aead44e026c6cf9cb99d51008,83200,83200,0,2023-01-09T22:35:57.000000,email,1.04
2023-01-31T23:54:03.000000,8f258b2290100e5dd4da53f8beed8608,95200,95200,0,,,
2023-01-15T19:44:50.000000,be44c59297fbeee1c6cb0eb0065a8af3,87200,87200,0,,,
2022-11-18T21:35:40.000000,1fec210b0b564ab8b540688f0ed67b03,15920,3960,11960,,,
2023-12-23T18:54:06.000000,a0dbe549f9a5ec760cd20077491a3248,95520,95520,0,,,
2022-12-20T19:00:56.000000,e379eaf4eed4432e89afa276f3cfe62c,79200,79200,0,,,
2023-08-18T10:53:36.000000,5f62e4d5e7ebe4aecf1233e0bfe1adf3,15920,15920,0,,,
2022-11-14T12:25:02.000000,17dbedc75e53644666161f41d17a760d,15920,15920,0,,,
2023-05-04T23:05:02.000000,e67be65edca6b101116567185dbcfc0c,15920,15920,0,,,
2023-01-12T22:26:41.000000,86e0045ed0a3edaa099db9dd2f809249,87200,87200,0,,,
2022-11-30T00:24:51.000000,c962dd730eb7c3a7efbc4c4ab1c2cc8e,15920,3960,11960,,,
2022-12-31T23:19:55.000000,8c1263f919da7db883ae6b21a3280951,79200,79200,0,,,
2022-12-13T20:26:25.000000,2df9de612125be4c71e591b8aa0e5d93,79200,79200,0,,,
2023-01-10T21:10:42.000000,21879714edd57002760f726884ea4cdc,83200,83200,0,,,
2022-12-10T18:40:59.000000,879c0f2dfe3861c2909d4c55e6f629fe,79200,79200,0,2022-12-10T18:39:47.000000,kakao,0.0
2022-10-10T22:55:02.000000,198d44d161b6dc3f89405b4eea3f5d06,42960,42960,0,,,
2023-12-30T14:45:34.000000,d69e874d42616bec3cf2b0bc07aad191,95520,95520,0,,,
2023-10-18T17:48:28.000000,edbfaee8c714631ca3652f13df722cb0,15920,15920,0,,,
2023-04-07T22:43:56.000000,9ad6715255a038198c67b5b0853589b4,131600,131600,0,,,
2023-07-22T20:51:08.000000,b7d6395c8313bf5c66af0dd5af269647,15920,15920,0,,,
2023-12-15T21:50:54.000000,5b813952cedfdca00c1fb42e9e2fc581,95520,95520,0,,,
2023-07-16T21:14:08.000000,ea86a2f85d2475df7d64bea5db243782,15920,15920,0,,,
2023-01-18T16:51:46.000000,f00013ea2f81f7f51516585880a16558,91200,91200,0,,,
2023-10-25T23:14:27.000000,1ddf1a56b540a0325556d74eacfb29ec,15920,15920,0,,,
2022-12-27T17:13:14.000000,6e647877ce6db69ae0e2b07202701991,79200,79200,0,2022-12-27T17:08:42.000000,kakao,0.0
2022-10-19T14:35:03.000000,0ae69dde25fae45c4af77b2a1215d349,15920,15920,0,,,
2023-07-26T23:34:17.000000,76ca1fa1a65cc50cd0f9f7b836974544,15920,15920,0,2023-07-26T19:41:54.000000,kakao,0.16
2023-02-13T22:20:02.000000,99fc5bd73279911f7feaf0fa050c6c56,15920,15920,0,2023-02-06T22:15:30.000000,kakao,7.0
2023-04-25T20:35:02.000000,2d5e5eb2658551d44cbd798382a5de1a,15920,15920,0,,,
2022-11-30T14:13:40.000000,117f95e12266dcf8f911ae39ff55a800,15920,3960,11960,,,
2022-11-30T09:35:40.000000,eda93cfdd3695d7d891418d7dc72ba93,15920,3960,11960,,,
2023-02-26T00:50:02.000000,ecb32f864619e21d0aea48e306364228,15920,15920,0,,,
2022-12-26T16:44:21.000000,07605ce3c700deaaaca27a011872278c,79200,79200,0,2022-10-11T17:26:23.000000,email,75.97
2023-07-13T17:03:08.000000,5488a2514b4019d6513c5bd28a2f5431,15920,15920,0,,,
2023-07-30T22:01:47.000000,856432d3d853d136854bc5225cfe4d97,131600,118440,13160,,,
2022-11-16T11:11:08.000000,ad84f06175009a3d887adda17474aefd,15920,3960,11960,,,
2023-07-04T19:17:28.000000,5c0af109b02d76b4d5506542b9f438a5,131600,131600,0,,,
2023-07-21T15:34:53.000000,f6fe1d0fa946d40fa1062f7595a50501,15920,15920,0,,,
2023-10-28T14:20:39.000000,f6337218ff5a756d22e48ce279fb095e,15920,15920,0,,,
2023-12-20T09:56:54.000000,67709bae3c2dd3f2afc49c22fc94d04f,95520,95520,0,,,
2022-09-09T14:05:03.000000,3db6268a69d92e75d90cb2c3ed358152,15920,15920,0,2022-09-02T13:49:17.000000,email,7.01
2022-12-25T20:51:37.000000,0baa1386a703c7f922da0706d13c1fff,79200,79200,0,,,
2023-01-11T10:10:46.000000,80d6ac27904259f1ba64505a23803a60,87200,87200,0,,,
2022-12-31T23:48:27.000000,3a2327095c4deaacef209880143b2bf6,79200,79200,0,2022-12-31T23:46:47.000000,kakao,0.0
2022-11-14T15:45:40.000000,f4357be1bbe557854950025db10fdf4c,15920,3960,11960,2022-10-19T17:50:12.000000,kakao,25.91
2023-01-14T21:18:56.000000,dc88ad5fd402148f842d047920938375,87200,87200,0,,,
2022-11-26T23:39:58.000000,b1e43df2311ea051160c9fa7874b2205,15920,3960,11960,,,
2023-08-23T21:39:52.000000,fc84699cffbdd5bde073f57db0c4c135,131600,131600,0,,,
2023-01-27T23:10:03.000000,11ceb389ae4e9f7c2bff0f33bf2f88f0,95200,95200,0,,,
2023-01-27T13:08:06.000000,a74a4a0d242c8b743a133b4744ba5e74,95200,95200,0,2023-01-27T01:00:34.000000,google,0.51
2022-11-30T02:18:04.000000,79203a3e0b90c0e616fcf9f74044a9d3,15920,3960,11960,,,
2023-08-01T18:26:56.000000,4480e4c478848ba2fdc90f89a8b928da,15920,15920,0,,,
2022-12-22T16:15:39.000000,c3d948507091f8721275b9132d30609d,79200,79200,0,2022-11-10T16:20:56.000000,email,42.0
2022-11-18T23:55:14.000000,427a73f99ea8b5eaabab104edd4d2424,15920,3960,11960,,,
2023-11-06T17:10:03.000000,15080b882e31e3dbe07beade6b0c3fb7,15920,15920,0,,,
2023-07-21T23:54:22.000000,809a6643f7e7def6b3b98454d34d4fe8,15920,14328,1592,2023-07-20T19:24:18.000000,kakao,1.19
2023-01-31T18:06:02.000000,b83392acb0bc813c0573da84463a512d,95200,95200,0,,,
2023-01-12T21:16:48.000000,fc64cfee2d3ba16ebc2a5835fc1cd89c,87200,87200,0,2023-01-07T12:01:53.000000,naver,5.39
2023-05-07T20:15:02.000000,380c802d65358647590d3eb726c0ba35,15920,15920,0,,,
2023-06-22T18:09:02.000000,851751383974261d442ffd266f4d7d88,15920,15920,0,,,
2023-07-31T10:21:26.000000,ff76cc0252c95909dfe7a96b1010693d,15920,15920,0,2023-07-31T08:32:21.000000,kakao,0.08
2022-09-29T04:20:40.000000,1dfd39adcbe36b8988f10851707614fe,15920,15920,0,,,
2023-07-10T22:44:06.000000,2f5198f29172a4de4fb061e79b0fa700,131600,118440,13160,,,
2023-12-25T18:51:33.000000,fd265b801846e07dc9c16029989730a6,95520,95520,0,,,
2023-11-28T23:06:40.000000,e9554560f5ef3100ea235f8dbe70b0f5,15920,15920,0,2023-11-28T21:53:42.000000,naver,0.05
2022-12-31T16:21:11.000000,3dcc1f86c51cd7c5f19f3f8d1307bdfc,79200,79200,0,,,
2022-12-08T20:52:28.000000,d19205531b242d5bbd11ee6e85a49a07,79200,79200,0,,,
2023-12-21T19:27:26.000000,0625f9283c594207dbeafc3444f6f5f1,95520,95520,0,2023-12-21T19:25:08.000000,kakao,0.0
2023-06-26T20:31:43.000000,b08014938085e10916602ad54e4aa543,15920,15920,0,,,
2023-11-24T07:37:37.000000,99314c900619a1833f08e9b4020d9032,131600,131600,0,2023-11-11T15:10:59.000000,naver,12.69
2023-01-31T19:56:01.000000,38f62efee2213982249cd0e74d236904,95200,95200,0,2023-01-16T21:17:10.000000,kakao,14.94
2023-08-16T22:20:58.000000,7ca3b5a3d4e3665c41082816bcb3cc2a,131600,118440,13160,2022-12-18T12:45:35.000000,kakao,241.4
2023-01-28T20:20:12.000000,d30b72ff2fff242e5f1336ca2d30b41f,95200,95200,0,,,
2023-04-16T18:30:02.000000,9c5aa413c06f4d24ccd893db62b0c58e,131600,131600,0,,,
2022-09-24T10:45:02.000000,7fb2da7924c07cc24515000c9d2f237a,15920,15920,0,,,
2023-01-24T10:49:53.000000,4ef8e26328ee9fbeeb6e6ea70563139f,91200,91200,0,,,
2022-11-17T13:04:00.000000,de5624d2d9f837df40782e25262807c3,15920,3960,11960,2022-11-17T11:37:17.000000,email,0.06
2022-12-11T22:59:03.000000,c09858eddfde886dbfbc7041fb30b0b4,79200,79200,0,,,
2022-12-31T20:13:50.000000,75272077548de78d9f8182e753f3d536,79200,79200,0,,,
2023-07-27T15:39:25.000000,0944d458baf5795437f1b98203b86670,15920,15920,0,,,
2023-01-10T10:16:52.000000,d0aeb69ef5a5578bfa5398b5044b7440,83200,83200,0,,,
2023-01-10T19:05:43.000000,ef677a22bbd2edfd167c552b7b4f53b1,83200,83200,0,,,
2022-11-28T21:27:56.000000,afeb2c968c7330199dc2c0b8fe96fa75,15920,3960,11960,,,
2022-11-15T20:06:43.000000,7fd100134b8b5fced4312cf19425acb5,15920,3960,11960,,,
2022-10-18T19:50:02.000000,fb5a7239002bf265c26c6fb12ddf1703,42960,42960,0,2022-10-10T15:07:35.000000,kakao,8.2
2022-12-03T10:55:35.000000,c2b23cc1d9b58465f5c813e43580d2ec,79200,79200,0,,,
2022-12-31T22:48:52.000000,475f1344179b8ca54f96478d330f5b4b,79200,79200,0,2022-12-31T01:29:44.000000,email,0.89
2023-12-17T18:42:03.000000,0a157f480e4e848f9c32b157ebca53d6,95520,95520,0,,,
2023-10-11T17:46:24.000000,2083f2c0e80fd89805396d65010bea50,15920,13532,2388,,,
2023-01-10T22:49:18.000000,00b7674ccc40296e6ca19e2d604559bf,83200,83200,0,,,
2022-11-20T17:19:09.000000,2fe40e7191a768e71edd18f11ab30e0c,15920,15920,0,2022-10-25T00:16:32.000000,naver,26.71
2023-01-19T19:44:21.000000,8f7d51d767fd6a3abd18c1f2c8d9dfae,91200,91200,0,,,
2022-12-23T14:35:44.000000,14269e935e05daf2e48a9e653e4c00bf,79200,79200,0,2022-12-12T17:49:26.000000,kakao,10.87
2023-06-21T22:16:33.000000,e220cbaf26e44ae47faf69e9484f83a9,15920,15920,0,,,
2023-10-07T19:25:28.000000,1b33fb013d6c0a35c2a19749074e7ff1,15920,15920,0,2023-10-07T18:59:44.000000,naver,0.02
2023-08-31T20:53:39.000000,a4ac1ea87244751fd7d432d8e30df05b,15920,15920,0,,,
2023-02-11T13:20:02.000000,ad812e406daf926ecacbd1651cc5da5a,131600,131600,0,,,
2023-06-22T18:44:22.000000,fe70d27b2436418ef0f24b5c73a893aa,15920,15920,0,,,
2023-12-27T16:27:28.000000,ee84c36a723aac2d22ec302818b74cc0,95520,95520,0,,,
2023-09-03T21:47:44.000000,694e2fe72731d8182bc35643863102f5,15920,15920,0,,,
2023-06-25T21:32:30.000000,daf05cfe16e24bca115cb684cd4046c8,15920,15920,0,,,
2023-01-10T19:25:12.000000,0f3416f643c91fe0a1bde94d5c8d8cfd,83200,83200,0,,,
2023-09-07T00:05:55.000000,3f9ebbc90e63d6fb7a7962f275ecdb5b,15920,15920,0,,,
2022-11-21T23:02:19.000000,f68c8fbc0678f6b35e712cf6f2ca38f7,15920,3960,11960,,,
2023-01-24T14:39:17.000000,ed39e996298b4778877c7809b649105a,91200,91200,0,2022-09-26T17:34:27.000000,kakao,119.88
2023-10-15T21:15:41.000000,45d96b6b67ba14f219c68f2dc5cc010e,15920,13532,2388,,,
2023-01-12T13:54:06.000000,7ace8505f3a768a54b89c041290ac56b,87200,87200,0,2023-01-12T13:50:06.000000,email,0.0
2022-12-11T18:19:46.000000,19146f2516f8e15f267c7ac2c3eef769,79200,79200,0,2022-12-11T18:17:56.000000,email,0.0
2023-09-08T17:00:45.000000,808a31a30b32a52f35a4122b862f1a6e,131600,131600,0,,,
2023-10-31T17:57:15.000000,9bb64dfff473d4cce0957aef620bb5f7,15920,15920,0,,,
2023-01-23T14:59:39.000000,488162787d9bca2c995827943c17d538,91200,91200,0,,,
2023-03-21T19:55:03.000000,07ec852483fcf30a81af0c37e447a047,15920,15920,0,,,
2023-01-12T13:18:37.000000,3445b6bb4bc2991a3987d5ec0edeaa86,87200,87200,0,2023-01-12T13:08:06.000000,google,0.01
2023-01-13T02:54:34.000000,e8552e5260529952df3d048ec66cfe84,87200,87200,0,,,
2022-12-31T17:29:51.000000,9a5da2b5ab6e90b52bfe8bd2deb7474f,79200,79200,0,,,
2022-12-31T07:40:51.000000,e018a455f8f9d7ca384ac9d5d4c150a1,79200,79200,0,2022-12-31T07:12:40.000000,kakao,0.02
2022-12-12T13:41:48.000000,172a0606dcdc48e3fe582d0dae94b9fa,79200,79200,0,2022-12-12T13:39:58.000000,naver,0.0
2023-07-24T16:13:36.000000,7403e32d82c9057f2b9a9e521f2894c0,15920,15920,0,,,
2023-11-01T09:58:04.000000,c7509f560a3e0b4bb72f0f94dd4f54d4,15920,15920,0,,,
2023-06-20T19:30:35.000000,0c3b1211946cf35f148c9ab6ad83d1e5,15920,15920,0,,,
2023-12-22T16:55:27.000000,687b53947d8e7770779abdd9be45fc02,95520,95520,0,,,
2022-09-07T22:05:02.000000,65ae18b346716bdeb25a82b4f497380b,15920,15920,0,,,
2023-09-16T13:24:19.000000,56a6c8a33764618417db6b8790c0feac,15920,15920,0,,,
2023-11-18T15:58:10.000000,2bbe496c9a416b85caca00ba161987aa,15920,15920,0,,,
2023-07-31T14:51:14.000000,14059d8549356b85f604e5bcbee931a2,15920,14328,1592,,,
2023-04-05T23:45:02.000000,4821d8b303c390f8d62c7323f911b34c,15920,15920,0,,,
2023-11-01T00:15:45.000000,0c6601ed287a1a28ae5abb0036fcc833,15920,15920,0,2023-08-30T00:17:09.000000,kakao,63.0
2023-08-26T19:15:19.000000,42becef8afb5f549d866cce392ca21b7,15920,15920,0,2023-08-26T11:43:46.000000,kakao,0.31
2023-09-12T20:47:37.000000,94a52728a80fa606f982f74a9221468d,15920,14328,1592,,,
2022-11-19T14:58:18.000000,1527e74b3f50d6d664995c8c78f29af4,15920,3960,11960,,,
2022-11-30T23:32:55.000000,ca7abf42e5afa990cc75a06db6b06033,15920,3960,11960,2022-11-30T23:32:04.000000,naver,0.0
2022-10-13T09:00:02.000000,22faebf0bab143f185868f86965b7e86,15920,15920,0,,,
2023-05-10T10:38:08.000000,a7add04e1420b8160f61d27f307f4f94,15920,15920,0,2023-05-09T09:30:30.000000,email,1.05
2023-09-04T13:25:41.000000,638b8d1a65105e44bdafecf2732f609e,15920,15920,0,,,
2022-11-30T22:49:07.000000,9db77dd12868b904a5d4ccba321dac27,15920,3960,11960,,,
2022-12-20T20:53:42.000000,08c008786c647096d86854a019555ea6,79200,79200,0,,,
2023-12-03T16:27:38.000000,2b609cf731db177403fb897d9ece5ef0,15920,15920,0,,,
2023-06-27T20:55:56.000000,fb89ae793c7ffc3c220e9d90f5a3fa96,15920,15920,0,,,
2023-10-04T22:18:14.000000,bc7fbb3243bf3159c41a8b7bd81a1f8c,15920,15920,0,,,
2023-01-17T23:41:10.000000,67e81f685c3a487fdf4411a64f3f44e1,87200,87200,0,,,
2022-11-26T13:38:45.000000,4cda9ca430b11415093327102279d439,15920,3960,11960,2022-09-27T22:56:08.000000,kakao,59.61
2023-07-21T09:41:03.000000,8a3626d411e7b3aa63af396e47ac2d7f,15920,15920,0,,,
2023-01-18T08:07:28.000000,2aa550fa3aa894085c142bbd16d587dd,91200,91200,0,,,
2023-12-29T10:55:11.000000,9dba866cb3414d7f2193b01139d8e715,95520,95520,0,2022-11-15T11:12:18.000000,kakao,408.99
2023-09-04T22:09:39.000000,e18ddd149a650dbeca93aecf43174d9f,15920,15920,0,,,
2023-01-05T10:38:48.000000,56eee936d8fb92794958c2c00cdbd2e2,83200,83200,0,,,
2023-01-08T00:11:55.000000,8ecd71879c97b024209011c130db9554,83200,83200,0,,,
2022-12-04T20:47:53.000000,1d047207bc5120b649e674f6d41ec4e6,79200,79200,0,2022-12-04T20:46:17.000000,email,0.0
2023-02-08T14:25:02.000000,4bb82d4bdda1c9c4600486fc636af105,15920,15920,0,,,
2022-12-19T12:38:18.000000,94588b3e65caabda848bd1ac87a553b3,79200,79200,0,2022-12-19T12:24:39.000000,email,0.01
2023-07-30T18:26:01.000000,c730cb6ddeee8e672d7147c9cf89d5ba,15920,15920,0,,,
2022-12-21T17:53:40.000000,0e82c0d074357da1684c76dc4fbaf429,79200,79200,0,2022-12-21T17:51:43.000000,email,0.0
2022-11-17T15:40:04.000000,961a2a42932d76d9a50460e9fe4e68e7,15920,15920,0,,,
2023-06-19T20:28:49.000000,ba81b4a342cbd5ac6643624ef0d2ac20,15920,15920,0,2023-04-16T14:34:20.000000,kakao,64.25
2023-08-02T19:39:33.000000,ddd17b56b461f2183a06f10004c77516,131600,131600,0,,,
2023-11-06T12:21:03.000000,6869c89443c1728041a43be8c224ddfa,15920,15920,0,,,
2023-07-09T17:06:32.000000,2767eed26068571f9a218703de0b0d44,131600,131600,0,,,
2023-08-16T14:52:29.000000,6fa1657cdd4af3ee283a03ce068b23b1,131600,131600,0,,,
2023-09-05T21:13:00.000000,0cc79de85db3c8ace9e34cfc6435a528,15920,15920,0,2023-09-05T17:43:10.000000,email,0.15
2023-03-22T22:30:02.000000,8ed5b01a84fde4caf109ba5b34470b63,131600,131600,0,,,
2023-06-27T20:29:37.000000,7edb8d34bb31611808404deebfc553f7,15920,15920,0,,,
2023-12-12T14:41:55.000000,8664c2eb847f36c445caf1784bd9ae2e,95520,95520,0,,,
2023-07-28T23:54:32.000000,ac21f3ac6350046441d0d398206bd979,15920,15920,0,,,
2022-12-14T22:02:33.000000,2dcfc9d3b89cb953f6a3d398013be103,79200,79200,0,,,
2023-06-24T20:32:55.000000,6b375edcae5522136881a2ac12b59b6e,15920,15920,0,2023-06-13T14:11:01.000000,kakao,11.27
2022-12-31T10:48:21.000000,5be08a69dd07bf05ae6e9d5a29d3afcc,79200,79200,0,,,
2023-09-03T16:50:43.000000,16933e103a9df4f5eb243dcf2186a1f9,15920,15920,0,,,
2022-12-06T19:43:48.000000,61897bbaabf85f7dfdd1c3a62b43bb97,79200,79200,0,,,
2023-08-08T13:41:19.000000,3f89986c3578fbc73e709352578dad39,15920,15920,0,2023-08-08T13:08:05.000000,kakao,0.02
2023-07-16T16:14:18.000000,3d7eb0b659ee84ea3f678d59f26c2252,131600,131600,0,2023-05-03T21:20:34.000000,kakao,73.79
2023-01-23T21:04:06.000000,4dfe34ca4de4aa249be1451411887b70,91200,91200,0,,,
2023-05-17T20:52:59.000000,a8aa504c2cee75ce4333671962e828e3,15920,15920,0,,,
2022-11-14T04:39:48.000000,1dd32475d99482be1d5600d92c741893,15920,3960,11960,2022-11-14T04:30:22.000000,google,0.01
2022-11-29T23:33:30.000000,4a98f93a7c6e5ee79a57dbec943dd23e,15920,3960,11960,,,
2023-05-02T17:20:33.000000,852022d050f04fc5516c8140921f3120,15920,15920,0,,,
2023-01-03T20:34:08.000000,4100a9c3dfaa30911662874a851b4ded,83200,83200,0,,,
2023-03-19T19:45:02.000000,01750830871dba3056e6781226d51b47,131600,131600,0,,,
2022-09-07T21:00:03.000000,d7610e42af8e287ca380cbf0cb681e94,42960,42960,0,,,
2023-11-07T13:19:33.000000,b2f8446eba4a581cafacef46aed9ecf1,15920,13532,2388,,,
2023-12-31T22:28:24.000000,dfa768fee98182a14cccad462f0147c8,95520,95520,0,,,
2023-11-06T19:28:50.000000,5cbe609b0bfa36e7511d13d5a2ea6a52,15920,15920,0,2023-11-06T19:18:51.000000,email,0.01
2022-11-27T16:17:44.000000,bb08df3180879cda38cf8ce5f8c9af55,15920,3960,11960,,,
2022-12-31T23:26:02.000000,2cf63577817b3293e649f699f1a45871,79200,79200,0,,,
2023-10-09T04:41:53.000000,e55ddc184eec10b862c78fcc5703d402,15920,15920,0,2023-10-09T03:59:16.000000,kakao,0.03
2023-06-01T02:16:19.000000,4156577c195b34edc193506646d4470e,15920,15920,0,,,
2023-05-15T21:13:24.000000,8b39aa1c483239bf9bdc800fc6685d3f,131600,131600,0,,,
2023-01-14T15:54:01.000000,01760c9d5334467fdb78eb5cf0232c44,87200,87200,0,2023-01-14T15:38:20.000000,kakao,0.01
2023-05-10T14:47:46.000000,cfc469518958dcaa4b832a18dfb71932,15920,15920,0,,,
2022-11-30T20:20:57.000000,86c370af780363fba14ab130f3c45ad9,15920,3960,11960,,,
2022-12-20T16:18:33.000000,45623505673b7e2ca856cc626b9902c8,79200,79200,0,,,
2023-11-14T00:41:34.000000,1a0224decc810017453b1f5bc053a6dc,15920,15920,0,2023-11-14T00:30:39.000000,naver,0.01
2022-11-18T23:10:02.000000,3b870932a7cfa637abaff1923003c3e6,131600,131600,0,,,
2023-08-05T21:46:16.000000,b2a8b07cffb58b5fc8b3ddada03f4a3a,15920,15920,0,,,
2023-12-26T10:51:13.000000,705d898c634fc5273050818d01a4658f,95520,95520,0,2023-12-26T10:49:22.000000,google,0.0
2022-12-20T18:28:34.000000,b553625d882929c5139776f2a7a39926,79200,79200,0,,,
2022-12-31T22:31:11.000000,b1bac9f1bd0a35d73531b75d08c93b49,79200,79200,0,2022-12-31T22:29:06.000000,email,0.0
2023-11-20T08:28:58.000000,2f6c4f067a1a886780b87af57c063ea6,15920,15920,0,2023-11-17T13:49:06.000000,google,2.78
2023-01-11T13:57:57.000000,08f2f7feba97eb99325fc0e42818a9be,87200,87200,0,,,
2022-12-18T22:50:11.000000,0ede5daf6f75d474fd0efab9e9b0b48d,79200,79200,0,,,
2023-07-20T11:09:45.000000,3f4a6066604533e1cbafdcf996310f55,15920,15920,0,2023-07-19T14:53:08.000000,kakao,0.84
2023-11-20T21:31:40.000000,a014f72018cca773a364a9c2fea02a3e,131600,111860,19740,2023-09-10T10:27:38.000000,email,71.46
2023-12-04T21:22:45.000000,e858cedcb9f1feab3a031026f7f47013,131600,118440,13160,,,
2023-04-10T14:05:04.000000,900938658701daac29ebb8cb5461ae5b,15920,15920,0,2023-04-03T13:57:44.000000,google,7.01
2023-11-02T02:06:36.000000,f8947ce69bc9d850fba1f1497b21ea65,131600,111860,19740,,,
2023-05-27T21:58:58.000000,512bfddb08626dc8aba86b56a9d7942e,15920,15920,0,2023-02-20T17:54:59.000000,email,96.17
2023-05-29T21:17:51.000000,eb695f328b57c2509af34ae5d83461a2,15920,15920,0,2023-05-26T23:23:20.000000,naver,2.91
2022-11-16T20:40:37.000000,73c86216901b7eb8aeb3beb938f4959e,15920,3960,11960,2022-10-01T17:17:36.000000,kakao,46.14
2023-09-13T20:31:24.000000,4197dffc8eb5d8804f3c75537707607e,15920,15920,0,,,
2023-01-04T13:28:35.000000,333b37393244f8c73a58b989c3ed837d,83200,83200,0,,,
2023-05-11T20:44:15.000000,658c0293c88bc9a11c5d9a34588c761b,131600,131600,0,,,
2023-07-24T13:55:41.000000,29a6ae5f549764dfbefa0c0a4f915f24,15920,15920,0,,,
2023-06-25T23:55:53.000000,98ed5e1f4c16eac8888aca33249dcae4,15920,15920,0,,,
2023-06-09T14:53:02.000000,9023e2fdf48c425be359c2e875045e7b,15920,15920,0,,,
2023-08-26T11:54:43.000000,dfb750eac4ec1cc90cbfd65a54fe6c02,15920,15920,0,,,
2023-12-04T13:34:50.000000,c9062338984a81d175d4b6c966449b5d,131600,131600,0,2023-11-30T14:58:15.000000,email,3.94
2023-09-05T18:05:09.000000,c08dbf1374398fc7079a91403a6f266f,15920,13532,2388,,,
2023-09-03T19:34:51.000000,696e5c9772b868978172425f256b9698,15920,15920,0,,,
2023-04-05T00:00:02.000000,4e1d08288e08cb3abcfdb32f5a8fcc6e,131600,131600,0,,,
2023-06-21T21:30:32.000000,abc988b3eb44ffbd1ad26d9077ace06e,15920,15920,0,,,
2023-02-24T22:20:02.000000,d12e6ce5a5375512a86448cc8aa470de,131600,131600,0,,,
2023-04-25T11:13:31.000000,927c86959380d76e6cebbcd1a4df136d,15920,15920,0,,,
2023-03-02T11:30:02.000000,1b58b55b6663831a483a93cb2f33ef47,15920,15920,0,,,
2023-01-01T19:38:48.000000,439f4cbab9a6ce0f7af27a04d8c0e561,83200,83200,0,,,
2023-01-10T14:48:51.000000,c1c6b9b7304b8dc03b92fec6f727bffb,83200,83200,0,,,
2022-12-20T00:40:39.000000,2d3dd983cd4ce9530b484eadfaf03834,79200,79200,0,,,
2023-04-04T13:15:03.000000,ce8ca5ddfa71c1681667bb95799dabcb,131600,131600,0,,,
2023-02-09T21:25:02.000000,e8f960445b9657e1ba88e24a8f151dcd,15920,15920,0,,,
2023-05-01T21:15:02.000000,3eaf497ec2ff61a442530e32f69a81fd,15920,15920,0,,,
2023-04-06T15:45:03.000000,e966c3bb83aae053e5d976cff8330ccd,15920,15920,0,,,
2022-12-29T13:56:17.000000,290fe7aceb6d7eaf6c309837e627aaf9,79200,79200,0,,,
2022-12-31T22:02:15.000000,bbb46f7d8af8ece3342bc3e9d8d044a5,79200,79200,0,2022-12-22T12:13:53.000000,kakao,9.41
2022-11-21T14:02:12.000000,aa354206e5f1b8f703089be49a21bc31,15920,3960,11960,,,
2023-12-19T19:05:45.000000,433a7b7ae0c58e7badd304d9b0209e26,95520,95520,0,2023-11-16T11:05:29.000000,kakao,33.33
2023-04-26T01:40:02.000000,4cd122ae893e9bbf0abc863b3ce766ee,131600,131600,0,,,
2022-12-26T20:30:35.000000,441d47e8a507cec239b999f58d7052ac,79200,79200,0,,,
2022-12-31T22:21:53.000000,563053e4d354d519328288401924f557,79200,79200,0,,,
2022-12-21T17:30:53.000000,2e169c6c8aa25a3e8d28d3931232f547,79200,79200,0,,,
2023-11-15T22:37:48.000000,c1071a2519037c8ae4807c5235c93f40,131600,118440,13160,,,
2023-11-12T06:54:47.000000,f2663b7aa807031c37eedebb2c4c846a,15920,13532,2388,,,
2023-12-08T10:21:53.000000,909bf43427f556338a57a2c1e2660414,15920,15920,0,,,
2022-12-07T22:43:44.000000,5d88c05c1ba7e3002cf851ed5ef3b7dc,79200,79200,0,,,
2023-07-20T21:41:14.000000,0c4eeacaa0b07b2ede9503ed2fc2dcfb,15920,15920,0,,,
2023-06-27T18:51:47.000000,48b6940e9836b9299cd243db5c339e1a,15920,15920,0,,,
2023-12-25T23:15:28.000000,a39563f4ce41baace22948748545bc31,95520,95520,0,,,
2022-10-05T23:55:01.000000,3ed57c6790248d0d5d4f3d681586b0ee,15920,15920,0,,,
2023-07-24T12:02:49.000000,86d0da411ad281065331677a64fb0225,15920,15920,0,,,
2023-08-31T22:27:48.000000,6d311ddfd85d8776b6194ac10843c39b,15920,13532,2388,,,
2023-10-31T17:03:56.000000,f5162e422f9d33316d695fa9ea1f9d36,131600,111860,19740,,,
2023-06-12T16:39:24.000000,4a4b360e40a057e2d6dba6de923af271,131600,131600,0,,,
2022-11-27T21:59:46.000000,db1378b229a2e0056657f9827f203a5b,15920,3960,11960,,,
2023-10-20T15:49:42.000000,f833cca4c382ac8c502c6f99bc432725,131600,131600,0,,,
2022-10-12T20:00:02.000000,9064ce8842dffd47eac56b5e4dd094f4,15920,15920,0,,,
2023-08-02T10:03:26.000000,af588841d93f4ea597fcbf520897c6f4,15920,15920,0,,,
2023-04-06T13:40:03.000000,8cebc086ffb33dd22cffb1796d4572d3,15920,15920,0,,,
2023-05-05T14:54:36.000000,07b6eca88ef7670e1e63ec4b650d7501,131600,131600,0,,,
2023-02-18T10:40:02.000000,77b957f7bc2a43926f3ebd66341e0948,15920,15920,0,2022-12-29T06:51:51.000000,kakao,51.16
2022-11-30T20:30:36.000000,9a3c87baae7f89dfa08caebc0fa52c53,15920,3960,11960,2022-11-30T20:29:48.000000,email,0.0
2023-01-21T00:53:45.000000,c15e1684dff76830c857f69afeafa56a,91200,91200,0,2023-01-20T23:26:33.000000,kakao,0.06
2023-07-31T22:31:54.000000,59718e7a998a9d7f5e452b3707eb4ad7,15920,15920,0,,,
2023-01-16T15:44:57.000000,8ee87209002b5b8907f7c5c3edc8022f,87200,87200,0,,,
2022-11-15T20:05:56.000000,b24025434e13f950719d2dff1e524f37,15920,3960,11960,,,
2022-11-29T19:46:24.000000,c608548ab560ece983b5e5dba9c2f19b,15920,3960,11960,2022-09-13T13:11:34.000000,google,77.27
2022-11-27T19:14:56.000000,6979f5a5e4ab9f33193525d6c449bcd4,15920,3960,11960,,,
2022-11-13T21:40:02.000000,1d4cb749775a764c9bee81e9faa84b2e,15920,15920,0,,,
2023-07-31T23:02:27.000000,1e4d2a4c1c8a78178c544065a584d77b,15920,15920,0,2023-07-28T16:52:54.000000,kakao,3.26
2023-07-25T23:18:35.000000,565388c864b0af3691f60e27367c5778,15920,14328,1592,,,
2023-12-17T11:41:47.000000,23fe2bd224eba6b1ed5ba5a3fe346b08,95520,95520,0,,,
2023-08-19T18:00:03.000000,bbf8731e2d450ed6d257cd3fea592d6a,15920,15920,0,,,
2023-06-27T10:06:50.000000,010f3f05b93fd298d188fc1ed8be1835,131600,131600,0,,,
2023-06-23T16:51:07.000000,93dbb40ca5802e69ea221ada04b62fd9,131600,131600,0,,,
2022-09-17T22:25:02.000000,1255c14684c26e0c0a8a18e3e9334f5f,42960,42960,0,2022-09-10T21:12:45.000000,kakao,7.05
2023-06-20T13:03:44.000000,a4636db2e4bca23b543d898bfaebdcee,15920,15920,0,2023-06-20T12:55:12.000000,kakao,0.01
2023-07-15T16:04:14.000000,40d7efc4ed8373250bfbce07bee59efc,15920,15920,0,,,
2023-09-04T19:36:35.000000,00eb5a7346f8ddb4aa3d13dc2ab4c7b1,15920,15920,0,,,
2023-08-08T19:14:19.000000,71a3757f1b61d98c577f5d58ec1135b1,15920,14328,1592,,,
2023-01-02T23:07:25.000000,a8f7497287237b297e8cc5acc1c54e82,83200,83200,0,,,
2022-11-17T17:45:02.000000,6b889dac8d1646374b43ccd0130182ff,131600,131600,0,,,
2023-01-10T15:17:18.000000,e8aa8af578ed742a997b4e10fefac3fa,83200,83200,0,,,
2023-03-09T14:55:01.000000,41b5a5486ba77536df3d0d660eb2b0ed,131600,125020,6580,,,
2023-01-07T14:34:01.000000,3a224132a80d517f7af712a473610df7,83200,83200,0,,,
2023-02-13T14:35:02.000000,2a7e0fca340dfceefac403700c3bb84d,131600,131600,0,,,
2023-09-09T15:44:12.000000,d99c6359cd7e468a497a846d7d272040,15920,15920,0,,,
2023-07-31T23:53:44.000000,98edbabda9d2e90a478e9f6b3fe6d1b7,15920,14328,1592,,,
2023-04-19T19:07:02.000000,3a1ed1fc12fb4f91649598bd4c22a0dd,15920,15920,0,,,
2023-01-31T23:10:35.000000,9e8460b45b379b780cb3a3c6fbf32170,95200,95200,0,2023-01-31T22:54:52.000000,kakao,0.01
2022-11-24T14:31:41.000000,070814d41eda5cd55cbe8cd35d4391a4,15920,3960,11960,2022-11-24T13:25:30.000000,kakao,0.05
2023-08-28T21:42:27.000000,6554ae13ddde534ed5f945720d9fafe0,131600,131600,0,,,
2023-08-10T14:33:46.000000,d39735455289fab0687b07c320985190,131600,131600,0,,,
2023-04-22T17:35:03.000000,5a1dd4b356b693791cdb1c93d6900531,15920,15920,0,,,
2023-06-02T00:04:31.000000,c27ee8ccce9a00092b971c76136a84ae,131600,131600,0,2023-06-01T00:29:24.000000,google,0.98
2023-10-18T11:18:51.000000,3362bc8bd3ee33f81f112a1eb3e73dbc,15920,15920,0,,,
2022-11-02T14:05:02.000000,0b701fd2a173038f42a4562a57fb9a2b,131600,131600,0,2022-10-26T14:02:28.000000,email,7.0
2023-09-18T22:00:55.000000,6dd886acd5f1a92d5f549f1f19f2dba7,15920,13532,2388,,,
2023-06-25T05:11:54.000000,3307e0685466dc35c525b68b98d9c5b9,15920,15920,0,,,
2023-05-01T02:40:03.000000,2fc2c8acfee203cd00df4229e1dd8517,15920,15920,0,,,
2023-07-18T08:34:59.000000,572d0e5d6017e41f64dc73cb169e083b,15920,15920,0,,,
2023-08-02T10:34:39.000000,3c3c32c43cc7de9ec389d172c7c75fe9,15920,15920,0,,,
2023-01-31T21:11:35.000000,1b8c8d601e3546962bf0dbba326e374f,95200,95200,0,2022-11-04T20:58:15.000000,kakao,88.01
2022-12-14T12:36:30.000000,fe1f1a5866013621dbaacdb45caec398,79200,79200,0,,,
2022-12-29T17:42:30.000000,5532d6af09bc0c00ead4f065fb04eaa6,79200,79200,0,,,
2023-07-18T17:51:31.000000,ff981a0f1f704b60de77fadb1fec86a9,15920,15920,0,,,
2023-10-04T14:52:35.000000,548d233223d7085ff57c1b550a720abe,15920,13532,2388,,,
2023-08-07T19:20:46.000000,6643bf51c80d893f564db7a0340a781c,15920,15920,0,,,
2023-03-28T00:10:02.000000,e68b4a60fd54f90453d98cbd63bc03f7,15920,15920,0,,,
2022-12-29T19:27:45.000000,230e169085c45d9dd200dc3a1da5a4a4,79200,79200,0,,,
2023-10-09T15:06:58.000000,84fbb928cd3f83e1a2133f6cb9d938cc,15920,13532,2388,,,
2022-12-29T10:59:59.000000,bdbdacedbcc4f0d0314dcd3938b19bd7,79200,79200,0,2022-12-29T10:57:18.000000,google,0.0
2023-05-06T14:30:03.000000,be08417a0e27c2f58001628d38fe6897,131600,131600,0,,,
2023-01-11T12:38:45.000000,00b92882505359abc0df95346d1060dc,87200,87200,0,,,
2023-08-22T12:15:48.000000,0ad43ded8e6e1b691b59692aefaeed61,15920,15920,0,,,
2023-01-04T17:29:12.000000,165faaee89d6b51ebc91632a7733230d,83200,83200,0,2023-01-04T17:28:18.000000,email,0.0
2023-12-25T20:52:45.000000,57defabe9ee8d17136474c273029aed5,95520,95520,0,,,
2022-12-28T08:29:33.000000,049e2bdb1f8f92c64ad4d7d73233a564,79200,79200,0,,,
2023-06-21T23:55:39.000000,9556410f866d0c0f9b665d28c88f2cd8,15920,15920,0,2023-06-21T00:47:42.000000,google,0.96
2023-06-20T19:45:15.000000,f883a3aeb41e4dcc5ec77affc6bd180c,15920,15920,0,,,
2022-11-28T09:26:08.000000,65f4afe7315b046ab9332a6d5d6efad7,15920,3960,11960,,,
2022-12-10T08:11:52.000000,053c07f75492842a6e653d01739d1e3a,79200,79200,0,,,
2023-01-01T17:17:35.000000,5ebd6ac8ac19b6da5c2ed6d5aac7229e,83200,83200,0,,,
2023-01-17T12:37:53.000000,afba0f0be4738dfc623faec1e8ad287c,87200,87200,0,2023-01-17T12:24:20.000000,kakao,0.01
2023-08-29T18:03:51.000000,fac185cdc0f470ce3fc303f6ed93a9bf,15920,15920,0,,,
2023-07-18T14:27:59.000000,606a5323a6f6baea5777ff02b31b1c68,15920,15920,0,,,
2022-12-05T21:34:21.000000,e1c2a85a953a7256e5b8c860ea54e148,79200,79200,0,,,
2023-01-02T12:54:46.000000,a69c1b4cb33f5dce49404ce64b874462,83200,83200,0,2023-01-02T12:33:55.000000,email,0.01
2023-07-26T15:38:54.000000,bbf3b2dc9b24b9a75795cfb2dd7931fc,15920,15920,0,2022-12-10T21:44:27.000000,google,227.75
2023-06-23T17:31:30.000000,f3e8e635f2703f30887c92f84787038b,15920,15920,0,,,
2023-06-30T07:53:00.000000,9c4c5e9e441bd0f480973d3bce6bcb29,131600,131600,0,2023-01-02T10:24:27.000000,kakao,178.89
2023-06-10T21:22:35.000000,536d9a0ce9a0e7c99693da685c0f3662,131600,131600,0,,,
2022-11-27T11:46:51.000000,495b9fdc011f9d21358ff2ab0a2d38b6,15920,3960,11960,2022-11-27T11:46:10.000000,kakao,0.0
2022-09-27T13:55:03.000000,4797cd85b559d8a1a24f53fe8788852e,15920,15920,0,,,
2022-12-31T13:09:59.000000,7a82e752842fa3f3e9566a6cae666dba,79200,79200,0,,,
2022-10-20T17:20:02.000000,6bcce170197f4fc1523bb1b4792733c2,15920,15920,0,2022-10-12T15:27:35.000000,google,8.08
2023-09-06T14:52:25.000000,dc6c209325b9352ce89cb37ce8674869,15920,15920,0,2023-09-06T14:49:57.000000,kakao,0.0
2023-01-13T01:13:05.000000,efdb2e56843ed9f2385034453ad486cd,87200,87200,0,,,
2023-08-15T07:51:11.000000,17e25dac36e6ad1d833e411506661813,15920,15920,0,,,
2023-07-18T10:52:56.000000,353f5e61b82f47f545289756a6677fa4,15920,15920,0,,,
2023-05-13T17:26:28.000000,c6d2aff144ebfd8c29194d846d8c35de,131600,131600,0,,,
2022-09-16T16:45:02.000000,24e071794edc8079165542a95bd4460e,15920,15920,0,,,
2023-11-09T11:45:11.000000,0da9c4917ef019d3aa1c01eea18b7aa4,15920,15920,0,2023-11-09T11:37:15.000000,kakao,0.01
2022-10-03T19:08:57.000000,0a6c37562330d3aeb48eee50ea65724e,131600,105280,26320,,,
2023-02-15T23:30:02.000000,e13e7b371f0267fd1fce85cd642be5c1,15920,15920,0,,,
2022-10-26T14:00:03.000000,4f811eeed75196d6952bfd966a69a329,131600,131600,0,,,
2022-09-26T11:20:02.000000,f76b49ec7b5832dc081b7e3d70c477d2,15920,15920,0,2022-09-19T10:35:20.000000,kakao,7.03
2023-12-18T17:57:56.000000,66d39b1bbf2842d4b26812dee2129aa9,95520,95520,0,,,
2023-12-27T15:20:18.000000,f229cce9eedfaec054748da5fc053dec,95520,95520,0,,,
2023-03-28T01:50:02.000000,0d2b89f440901a8316673217752b3ed4,15920,15920,0,2023-03-21T00:00:32.000000,kakao,7.08
2022-12-22T10:42:08.000000,6faa7204b797d90cb85bc2c578018912,79200,79200,0,,,
2023-09-07T11:37:34.000000,e4f1a15a28951ed5d653264c5f3724db,15920,15920,0,,,
2023-08-28T19:23:43.000000,b95281baca115e9e95e72efab9271814,15920,13532,2388,,,
2023-05-15T21:56:58.000000,898069a12a191354e6355ebb930fa90f,15920,15920,0,2023-05-15T04:40:59.000000,kakao,0.72
2023-05-02T10:53:36.000000,6f088aebc50e2038cb61fc7e61b2c61c,131600,131600,0,,,
2023-09-16T09:09:51.000000,2f1c8a15860ac1da4e0efd97b00e4034,15920,15920,0,,,
2023-07-26T17:59:40.000000,60973228dbd9e462379777abb27db019,15920,15920,0,,,
2023-08-24T14:45:52.000000,d056569335b0290caf2f0c99c825034d,15920,15920,0,2023-08-24T12:16:08.000000,kakao,0.1
2023-01-16T23:02:01.000000,7ca6bfd5b139f236b7968eb60ff52393,87200,87200,0,2023-01-16T23:00:06.000000,email,0.0
2023-01-31T20:24:55.000000,dd62931fe85d6d03c4626ae192eaf31c,95200,95200,0,2023-01-28T09:21:03.000000,kakao,3.46
2022-12-22T08:59:29.000000,02e563d790a9dda03d83d847f32c5b3b,79200,79200,0,,,
2023-08-11T13:36:16.000000,7be9756552d1bf37c654516202c3d165,15920,15920,0,,,
2023-10-03T13:58:31.000000,98c53c3053e32cb49fb0431a57093331,131600,111860,19740,,,
2023-06-24T18:54:28.000000,e1a1e781f2e0866f72162e5411acdab7,15920,15920,0,,,
2023-01-10T20:12:56.000000,792947a39727f288a756f306768b530d,83200,83200,0,,,
2023-01-03T00:55:51.000000,aa0e9766d022592d522428e5453225a9,83200,83200,0,,,
2023-06-26T09:28:46.000000,86a76c702bc9f9a47488f6a0c5fbfc07,131600,131600,0,,,
2022-12-01T14:49:41.000000,9b453163843420a12f6e19ddd57a5892,79200,79200,0,,,
2022-12-20T20:59:13.000000,d0d3ed590df985ad3765302148d119c0,79200,79200,0,,,
2022-11-16T23:44:15.000000,735a699c7d48eab431c375f86bf860c4,15920,3960,11960,,,
2022-11-30T15:34:54.000000,7289617d68b9096f1ab73d20b5d238c3,15920,3960,11960,,,
2023-07-26T11:27:01.000000,f447829cc5ad323c75b7bfa9278b57bd,15920,15920,0,,,
2022-11-16T11:10:57.000000,9ad3afd1d9d28f6a013f7a76bf5eafcd,15920,3960,11960,2022-11-16T11:09:48.000000,kakao,0.0
2023-07-14T23:16:54.000000,93e66cd079d98b58d69824be8fb0deb5,15920,15920,0,,,
2023-01-10T09:21:12.000000,4f6f470f7893ca4305b3a54b41fd30c2,83200,83200,0,,,
2023-06-25T14:27:52.000000,7d6418197e63fcf31f3a6ffb984e4096,15920,15920,0,2023-05-09T02:10:46.000000,kakao,47.51
2022-09-21T18:40:02.000000,76e8dbab6baf614fe8941f727822814f,15920,15920,0,,,
2023-11-19T16:27:37.000000,aee34568512db2e3cddda404b397ed4b,15920,15920,0,,,
2023-07-03T11:43:04.000000,3fa54f14aaa698d2b32b150dec2aee0f,131600,131600,0,,,
2023-12-22T22:18:20.000000,07878d749dab0fca282b5c28cadc07ca,95520,95520,0,2022-11-28T08:40:53.000000,kakao,389.57
2023-07-31T18:34:43.000000,c753fd0b9b0b4112ff95eebbdefccff6,131600,131600,0,,,
2023-05-06T23:00:02.000000,cc16fb8ccc1f3d54cca9465aaec5fcda,131600,131600,0,,,
2023-06-15T21:06:06.000000,7752e3951dcb0c0035fe76f027c1cf7f,131600,118440,13160,,,
2023-01-12T12:13:40.000000,29a6c0772c7628b83c6cf90aa9ce0860,87200,87200,0,,,
2023-01-09T22:20:17.000000,25e33f0b8d61143096b4eb6d57b1a58a,83200,83200,0,,,
2023-08-01T14:23:01.000000,fe551a948c862c220158e34d3bc2bc47,15920,15920,0,,,
2023-07-03T16:07:26.000000,864d6f132c7c93ed7cf48dcad0e63ffb,15920,15920,0,,,
2022-12-31T23:36:55.000000,1c9ccd56467b2d0650eb513a5d5a0805,79200,79200,0,2022-12-31T23:33:09.000000,email,0.0
2022-11-20T13:12:24.000000,15ee3dd01688e49b64bab5dd3d706a38,15920,3960,11960,2022-11-20T13:08:33.000000,kakao,0.0
2023-06-09T12:03:20.000000,b81b40d7cab36e4efd39200c386ed80e,15920,15920,0,,,
2022-10-12T11:00:03.000000,23ad6928bd8aae498082fce3115799dd,42960,34368,8592,2022-10-09T10:46:42.000000,kakao,3.01
2023-01-31T19:01:53.000000,aeb7d9a1980846d97964e7f9484d498b,95200,95200,0,,,
2023-07-10T16:05:25.000000,de7ee65753bdc9e947fea8d15afc5a30,15920,15920,0,,,
2022-11-30T10:33:13.000000,6d362d74e6f27da94e069a20df4ab07d,15920,3960,11960,,,
2022-09-14T08:10:02.000000,6b43ba49447ba629d5d15de220137026,42960,42960,0,,,
2023-01-12T16:10:03.000000,9335e49e059a671df015d4f3d2b834d5,15920,15920,0,,,
2023-01-02T18:01:48.000000,b421031de455ec5f51f9ea26720bf72b,83200,83200,0,,,
2023-06-23T20:20:24.000000,c82df96a42b357761ebfea6740b0bd8d,15920,15920,0,,,
2022-12-25T20:04:10.000000,e53fd3b261aab9c7255025ac03521136,79200,79200,0,,,
2023-10-26T21:22:47.000000,b1bde363ba22ee61b382bcc8588d12cd,131600,131600,0,2023-06-19T22:40:06.000000,email,128.95
2023-02-13T12:10:03.000000,45d3ab6accbf86fcdd9de2e48fbe4534,15920,15920,0,2023-01-10T14:16:47.000000,google,33.91
2023-10-03T16:47:50.000000,2ca32996600cb18f9016fb007f068178,131600,131600,0,,,
2023-12-01T10:58:15.000000,cd708ba30f8776833c1a018e166a8964,131600,131600,0,,,
2023-12-02T16:54:20.000000,58c26e773baee3644ed0bd4bfc8c13d1,15920,15920,0,2022-10-01T18:41:11.000000,google,426.93
2023-05-20T11:55:01.000000,1c5a2ed01d2ae89c6d43a62a3c87b1e3,131600,131600,0,2023-05-20T11:53:48.000000,naver,0.0
2023-06-22T13:33:04.000000,d83ca47b1a6fb0d61be194fed82179d0,15920,15920,0,,,
2023-01-15T04:02:08.000000,a4055fa8f9f30af488eaf6e20a3e8644,87200,87200,0,,,
2023-08-30T15:53:31.000000,2c96b7036f3361bbb25a1229d74f7d76,15920,15920,0,2022-11-15T14:50:07.000000,kakao,288.04
2022-12-21T10:03:08.000000,8496b2f394046b2ffacb566ee5016b0c,79200,79200,0,,,
2023-06-02T19:24:28.000000,00ebaf6002b1576a72fd7666192aae83,15920,15920,0,,,
2023-01-31T15:14:41.000000,2e8202c9f0a3e7c70e655aceeb85e995,95200,95200,0,,,
2023-03-28T12:03:18.000000,fbb6087f545efd32c00a8eed23ab3a4f,15920,15920,0,2023-03-21T10:44:24.000000,naver,7.05
2022-12-20T05:10:40.000000,6bc0663114b0466709492080f9fb9c11,79200,79200,0,,,
2023-01-17T20:40:46.000000,383c39a32144de7cf1a0038356b08581,87200,87200,0,,,
2023-06-28T17:50:41.000000,0657963424cb1359525d5fce13e9b2d7,15920,15920,0,,,
2022-11-20T23:40:04.000000,6d0447d3aa2b5b6ee643948112e58efd,15920,15920,0,,,
2023-01-10T21:47:07.000000,def2844d824d6fa7cac5edc045a8ef4c,83200,83200,0,,,
2022-11-20T08:50:02.000000,33d43ec83ac1705537c9288a8cb6ca3e,131600,131600,0,2022-11-13T08:28:07.000000,naver,7.02
2023-02-20T10:00:02.000000,73fe2a20b55f75bdd466d42968b61033,15920,15920,0,,,
2023-01-04T14:34:54.000000,4a44397075aa7f13db1309b303324f0c,83200,83200,0,,,
2023-08-26T18:57:08.000000,3a4b283bc2ba341f75668b5675150e5e,15920,15920,0,,,
2023-12-12T17:02:41.000000,8e6dcdd9d747253b881511bde853b4d8,95520,95520,0,,,
2023-09-06T11:06:14.000000,a13524f85e6c96f67688cdf308682761,15920,15920,0,2023-06-12T10:03:04.000000,kakao,86.04
2023-01-17T21:23:33.000000,5bfb25f7a3e856f82e2e44e4ba761821,87200,87200,0,,,
2023-01-30T19:26:26.000000,d053a2fedae424d33090fc9831a6d5b7,95200,95200,0,,,
2023-01-18T20:31:41.000000,95317b90cf6cfa7fb5aca3afbdbd488b,91200,91200,0,2023-01-18T20:26:58.000000,facebook,0.0
2023-05-14T15:06:49.000000,b037f6a684e4c069641e592731533790,15920,15920,0,,,
2022-11-20T17:25:42.000000,924ac3bd265cee51cb4934f34d0f399c,15920,3960,11960,,,
2022-11-23T20:48:55.000000,64df0e0dd2206af7cb2f56f06f6d72a2,15920,3960,11960,,,
2022-11-21T15:56:16.000000,c3482f248c460e70289eefcaef2c0aab,15920,3960,11960,,,
2022-09-19T14:46:54.000000,db676bc7c697743184b723c278943bde,42960,42960,0,,,
2023-09-23T11:55:00.000000,41f026dc0d2dd9b80b1223b3771c8695,131600,131600,0,,,
2023-12-01T16:07:56.000000,630e177abaa0d2036031f9682b1841d2,131600,131600,0,2023-11-30T14:57:20.000000,email,1.05
2023-04-09T12:30:03.000000,e26b2dc704b76fe4ac0170b83298ec12,15920,15920,0,,,
2022-11-28T21:59:06.000000,288acea1901170bf4bc226c6aef02aa9,15920,3960,11960,,,
2023-06-26T14:42:20.000000,e2c53e012dda538f72ac0b1861a1fbb3,131600,131600,0,,,
2022-12-26T14:56:08.000000,52979cbf45ba7c1d4734bf9ab340c72f,79200,79200,0,,,
2023-09-19T12:18:00.000000,e7f39d4a8db62380eb571b95bcbe023d,15920,15920,0,,,
2023-12-04T19:06:24.000000,f0283d8d02e6d1472f2dff91f7116665,15920,15920,0,,,
2023-03-09T20:52:17.000000,df3a6c2d62aaae1cd2ec0221876de0d7,15920,15920,0,,,
2023-11-05T23:24:21.000000,dda00f334fdce0c506210f2b0b8bd053,15920,15920,0,,,
2023-12-16T04:32:59.000000,d162f934feab36bd13e9da679fd3e4ad,95520,95520,0,2023-02-22T11:37:35.000000,kakao,296.71
2023-01-10T19:04:10.000000,43d6c97ee027601d68ab46ff540c5c90,83200,83200,0,,,
2022-10-07T16:50:01.000000,580bfd42f2410fdcf4d122f0338fa70c,15920,15920,0,,,
2023-12-31T13:39:48.000000,f5d4e9a66bc7252ffd70df0bdaafa9aa,95520,95520,0,,,
2022-11-17T13:49:52.000000,4028b8ddf35f32ab72d2ff0c5f76a303,15920,3960,11960,,,
2023-12-14T17:20:54.000000,06acd53e9df6cb88cbeb2fff7f8d31eb,95520,95520,0,2023-12-14T11:12:55.000000,kakao,0.26
2023-01-09T14:21:57.000000,9cb5221ba8b84ae746d6d78917c9fb0f,83200,83200,0,,,
2022-12-31T05:03:29.000000,332faf1d3a8aab38b6b46bbe22279b1c,79200,79200,0,2022-12-30T13:07:45.000000,kakao,0.66
2023-01-28T23:00:40.000000,c974f25bf5463663ae96df808e70a2cb,95200,95200,0,,,
2023-01-29T02:07:17.000000,cdd2ab9711637474df8e066e738fbc86,95200,95200,0,,,
2023-01-11T22:51:58.000000,3040e042b89794c45e7863dab1fa9cd9,87200,87200,0,,,
2022-12-31T23:12:14.000000,9da164e2d8d5a2fc1d24bae784b890a3,79200,79200,0,,,
2022-11-29T18:07:36.000000,aadcba7add6048551c51afc796c30918,15920,3960,11960,2022-11-29T08:29:59.000000,kakao,0.4
2023-04-10T14:55:03.000000,031b768b4082450a3af37f25dfeba711,15920,15920,0,,,
2022-11-29T20:40:32.000000,2558d82cc8fa3a7d6db18de13f3d98e6,15920,3960,11960,2022-11-29T20:37:26.000000,kakao,0.0
2022-11-17T00:31:09.000000,1f1a19bc565588d97413dc2e3725e6c0,15920,3960,11960,,,
2022-12-06T12:02:05.000000,01abeba30d88c38a623cae75db7bf694,79200,79200,0,,,
2023-11-06T22:14:26.000000,689cff64e977ca61a1a60d7ec88b4ff0,15920,13532,2388,2023-11-06T22:10:08.000000,google,0.0
2023-12-28T00:27:17.000000,7be6196790a5ba72a2a0658b845edf7a,95520,95520,0,,,
2023-04-18T14:05:02.000000,039ec92c347a0c3b9b8b6710e2e02f3e,15920,15920,0,,,
2023-06-21T18:42:57.000000,475cce17040fa45a04732bec6a3f1e3c,15920,15920,0,,,
2023-07-24T22:22:00.000000,a3da77a09ea194d955278398b9988aad,131600,118440,13160,,,
2022-11-30T12:54:41.000000,7e9f364096fd65e3a601f106dfb054b5,15920,3960,11960,,,
2023-07-30T09:54:23.000000,97bce8c71d46c48f43680ff72626bad6,15920,15920,0,2023-06-06T22:16:51.000000,kakao,53.48
2023-11-14T20:21:25.000000,df1228dbf7ada5d83c056b3632fc18b6,15920,15920,0,,,
2023-09-09T22:30:26.000000,58d848e3096544ffacd6a40d96648c00,15920,15920,0,,,
2023-05-04T20:54:13.000000,22156fc601ba0accd5f8193e6e4da88e,15920,15920,0,,,
2023-09-02T18:40:06.000000,973f8e3ef0da74ce3badab85a2a4ba17,15920,15920,0,,,
2023-08-11T21:10:23.000000,59a0520b29b360d2b3fd3c29566ca7f4,131600,131600,0,,,
2023-07-24T10:50:41.000000,b6734bd863b8d2b689a002eb3b135df2,15920,15920,0,,,
2023-09-10T22:00:53.000000,b821f988ef4a5d96155a24e479694323,15920,13532,2388,2023-09-05T22:17:44.000000,kakao,4.99
2023-01-15T20:55:29.000000,4936a3005ce10d149d4c0a8a28cde9af,87200,87200,0,,,
2023-07-27T20:41:01.000000,eb7b11d335271e0ee6df31b6fa102f33,15920,15920,0,,,
2023-11-18T19:38:39.000000,f1f3055e8fd1cdf79fd5ce21fc8002dd,15920,13532,2388,,,
2022-11-21T20:26:49.000000,e94336b1baeccae5c97e19a2b50e1fb4,15920,3960,11960,,,
2023-09-05T10:37:02.000000,b41361418e4843dcd511b57bc1636e22,15920,15920,0,2023-08-28T12:49:27.000000,naver,7.91
2023-05-31T10:25:56.000000,d4f54ecf6c4d7bf8742f80505f02d6dc,15920,15920,0,,,
2023-01-31T17:59:33.000000,f947bb852454b8112bfb4e5cecd7685b,95200,95200,0,,,
2023-12-01T20:13:18.000000,92dd124ecd0ee5ac05117237fe92d378,15920,15920,0,,,
2022-12-18T12:32:28.000000,5d87c853341ce570d9033540c4f9d865,79200,79200,0,,,
2023-09-20T14:10:18.000000,657f837bf0398febaf10f36a025b88df,15920,15920,0,,,
2023-07-30T01:18:37.000000,1e2e7fb8eeed081c7740d3561dcf01fd,15920,15920,0,,,
2023-10-03T11:33:46.000000,1047269aabf196e78e409e34e0518228,15920,13532,2388,,,
2023-10-12T20:30:51.000000,9521e24c6d15c13e430ffd468c5537ff,15920,13532,2388,,,
2023-10-26T20:07:13.000000,12cf280fc2a96416df8516cd147e0bb7,131600,111860,19740,,,
2023-07-06T23:43:52.000000,f32e6f53bd8a336199aa71b2cee1fccf,15920,15920,0,,,
2023-03-24T16:15:01.000000,fea051ca4ae4c3dee4c4b13216ff9adc,15920,15920,0,2023-03-15T20:12:02.000000,kakao,8.84
2022-09-15T00:45:02.000000,191b52b116e09c09f773afe3dccb6ee0,15920,15920,0,,,
2022-12-30T17:47:05.000000,bbfd4a16bdd0a86237d4df013678bbaa,79200,79200,0,,,
2022-11-20T19:07:59.000000,cd0e8af6eb8e2e6893abde58a6105cdf,15920,3960,11960,2022-11-20T19:03:21.000000,naver,0.0
2022-09-24T23:15:02.000000,1e946a5839c435d2e14fd860803d83a1,15920,15920,0,,,
2023-03-26T20:20:02.000000,827e7fbdb67a441c40b4abed441e228b,15920,15920,0,2023-03-18T10:30:55.000000,kakao,8.41
2023-01-10T10:47:43.000000,bb1a9eeaeb634b5b02d0466d29dbe74b,83200,83200,0,,,
2022-12-12T01:05:50.000000,4c6d22c73a94363c3ba87a5802582086,79200,79200,0,,,
2023-07-24T17:12:52.000000,88c75fcce61639125648a13eb9f2232e,15920,15920,0,,,
2023-11-27T17:40:51.000000,2c5e0e92c3056b5b08d8b12905f198be,15920,15920,0,,,
2023-03-26T22:56:45.000000,ca035ed9c351da8d4f8f52dca5b27096,15920,7960,7960,,,
2023-01-05T16:36:59.000000,c669e53b7a3dac64be7b9e6e7e6fad94,83200,83200,0,2023-01-05T16:23:28.000000,naver,0.01
2022-12-20T16:47:01.000000,05b32ba2f21629583fa03f8e45c1df59,79200,79200,0,2022-12-18T23:59:07.000000,kakao,1.7
2023-07-10T20:35:10.000000,5c0de4b6cb6a5d8b1289aa46211c9a45,131600,131600,0,,,
2022-12-20T16:46:51.000000,d0b7ff40577a10c386d38a4bc829c858,79200,79200,0,,,
2023-09-09T13:39:37.000000,ab2e52a3c85036a40a156d7cbbb7f9a9,15920,15920,0,2023-05-05T00:19:21.000000,kakao,127.56
2023-06-30T10:53:33.000000,04e3ed921de9a3cb187256ece5cf81bc,15920,15920,0,,,
2023-01-24T14:16:44.000000,3ad340f9bfb28686b84790987b29d5ce,91200,91200,0,,,
2023-10-12T12:54:47.000000,df8a516839ec4e9408a89975e09ae033,15920,13532,2388,,,
2022-11-14T01:35:32.000000,7612345dfdaaba9b71db226ebbd3cd87,15920,3960,11960,,,
2023-12-23T11:35:12.000000,141d4a4804cf6ac99b8eac40a2b374d9,95520,95520,0,,,
2023-01-16T04:01:39.000000,83900b77c914a236bb82e8a948363c26,87200,87200,0,,,
2022-11-15T20:18:04.000000,7c4a38f901a4ccc2350d40bc97bee6c5,15920,3960,11960,,,
2022-12-19T09:26:21.000000,783e32f0e967f8ff36c959deccb9fa0e,79200,79200,0,,,
2023-06-21T07:05:23.000000,ee67697800c4cf875464ac17996ce2f1,15920,15920,0,,,
2023-09-04T09:31:35.000000,765ce25e3d4b39d4b4d67e288ef06202,15920,15920,0,,,
2023-01-16T23:40:08.000000,2090c9c8934a8be40456fdfb5d2d10c6,87200,87200,0,,,
2023-12-20T11:14:57.000000,f64a0e8cbd2ed328568ac29c0bff11d8,95520,95520,0,,,
2023-05-06T16:18:39.000000,7e2717f978089d0b0b23132973ddacde,15920,15920,0,,,
2023-02-12T20:00:02.000000,b92908eedd861a037733166de1fc5bdf,131600,131600,0,2023-02-05T19:53:40.000000,kakao,7.0
2023-12-28T21:33:42.000000,9ac8544b2d1ebbe20a52a6eff0d22ccc,95520,95520,0,,,
2023-12-28T00:27:08.000000,6d18bcd0f3a4f0157572e179dde3b328,95520,95520,0,,,
2023-08-14T19:02:38.000000,9df43b240280c52e10c8e4d93967c361,15920,14328,1592,2023-08-10T20:30:39.000000,kakao,3.94
2023-01-10T12:28:19.000000,82644cef9c86ed12711fa042fa901142,83200,83200,0,,,
2023-01-16T21:30:34.000000,99173abb7903d1785e8688d39d466858,87200,87200,0,,,
2023-03-23T16:55:02.000000,ccf93681c6c4eccbc39ddd8d786f0388,131600,131600,0,,,
2022-12-27T21:35:34.000000,198c0924731949a6919adc7e1c079ac0,79200,79200,0,,,
2023-11-09T12:52:48.000000,69880945e69f0a44bd5d49b53e898de1,15920,13532,2388,2023-09-18T15:19:28.000000,kakao,51.9
2023-07-17T17:32:38.000000,4b2e7a5cac7cce965de2f7666372c380,15920,15920,0,,,
2023-04-13T13:00:03.000000,d919de57c4657b53c0bd1c704174c7b0,15920,15920,0,2023-01-12T04:24:19.000000,kakao,91.36
2023-11-22T06:18:25.000000,9a60948a7b3a874a5fbe745fe42b1e14,15920,15920,0,,,
2023-09-10T16:31:43.000000,d8262b12232b310ccdb2ac520d8d9ed2,15920,13532,2388,2023-09-06T11:35:57.000000,email,4.21
2023-11-30T23:57:19.000000,a8327f4b074f42390d27afdb1feb31aa,15920,14328,1592,,,
2022-12-01T14:00:21.000000,e58eef06daaaf56b42f584516c31eebf,79200,79200,0,,,
2022-10-13T12:00:02.000000,01946f0541feaf69418576cd1f77e321,15920,15920,0,2022-10-06T12:02:17.000000,kakao,7.0
2022-12-08T14:41:59.000000,6549193fc1d5b6b40930ff7ce2e3db91,79200,79200,0,,,
2022-12-12T20:06:57.000000,46c57d74521505eb8432dcb519d7e28f,79200,79200,0,,,
2023-04-02T18:45:02.000000,6601ccf5301e893bf978a59bc20f4699,15920,15920,0,2023-03-24T02:23:52.000000,email,9.68
2022-09-28T11:10:02.000000,fcdf96b4de5958aeabf554e6f7e9daec,131600,131600,0,,,
2023-08-08T18:08:37.000000,a8b7008e158d5d279a82e046595585d9,15920,15920,0,,,
2023-11-26T17:56:14.000000,d13de32f8c72a3ac86dc3b9ca39e5853,15920,15920,0,,,
2023-12-31T11:37:46.000000,4a559993ebfa91c561879165a32f86f2,95520,95520,0,,,
2022-11-02T11:35:02.000000,5e3e071938919c7c715b0478540c9f2e,42960,42960,0,,,
2022-11-30T17:14:13.000000,7a9d88f4eee3344519559bfc9258a959,15920,3960,11960,,,
2022-12-28T08:51:09.000000,1551c2b16230d6983e6b4cd4eb4d75b5,79200,79200,0,,,
2023-08-29T07:25:35.000000,816b1b9fa8bf2a2ca9428d2961d05e30,15920,15920,0,,,
2023-08-02T16:07:15.000000,3767d4c7a827422fccf61d45ae889669,131600,131600,0,,,
2023-11-07T00:40:27.000000,f48743223c1040e37666056091d2c167,15920,15920,0,2023-11-05T19:15:38.000000,kakao,1.23
2023-06-07T23:17:51.000000,c6f1384a739896fe83fea883f65b9083,15920,15920,0,,,
2022-11-30T10:09:22.000000,bbf6db42b9b9d123811225723b69efe4,15920,3960,11960,,,
2022-11-16T22:25:44.000000,c45a50faed68b21ebb4a41897a33daf7,15920,3960,11960,,,
2023-06-23T11:28:03.000000,40ca118c3394104e5ae3038b15ea547e,15920,15920,0,2023-06-12T19:03:55.000000,kakao,10.68
2023-06-18T04:26:26.000000,742a0d05a590e7ed0606ebc44b689052,15920,15920,0,,,
2022-12-20T21:51:19.000000,794a1e4187a073b8cae608e28679356d,79200,79200,0,,,
2023-07-24T21:17:28.000000,9e22d1bfe5f17f3249b4a93d79a184d3,15920,15920,0,,,
2023-01-23T17:35:46.000000,3bc0cf5476b9e9e88aad7f598ef59ef5,91200,91200,0,2022-11-12T18:58:33.000000,kakao,71.94
2022-12-18T20:13:21.000000,2533d44f0e0b10c27e078114bfb1d155,79200,79200,0,,,
2023-12-14T09:59:17.000000,715956bd5c88a239659fcfff2bf4d8e0,95520,95520,0,,,
2023-12-25T21:23:04.000000,b6d1a9bd9425df0462450935570cb488,95520,95520,0,,,
2023-08-29T20:03:40.000000,fa41c56f2e95954eb8365ae8559b790b,15920,15920,0,,,
2023-06-08T21:36:06.000000,fcba4cd5b94fa2f949acb1cdd7cc9cf8,15920,15920,0,,,
2023-09-10T23:00:30.000000,6f8fd1429cc8c5424a61881027f481eb,15920,15920,0,,,
2023-09-16T19:20:35.000000,b5ee59a8e6b348f9c0f4c2a7710cf050,15920,13532,2388,,,
2023-02-27T09:00:02.000000,17bba5ca2ab961f2cf3bb502b48ed74e,131600,131600,0,,,
2023-04-24T12:52:16.000000,4717d03e9cbdab95e91eafe4c069e1e8,15920,15920,0,,,
2023-12-21T11:03:59.000000,59708e25dc45a387c41ebdead6a81585,95520,95520,0,,,
2023-01-17T13:11:56.000000,cc2a8e9560bf81269038154cd46295a8,87200,87200,0,,,
2023-01-15T01:09:52.000000,8f9be955b370b298b71878d0e9c79d8e,87200,87200,0,,,
2023-10-13T09:49:30.000000,a3a825df678852a36bf78ce73d1309e0,15920,13532,2388,,,
2023-05-25T23:37:06.000000,19857241bf6d03ba6831c3863d9b17c5,15920,15920,0,,,
2023-07-01T08:25:32.000000,de0613b929eb3337026adc1da5a58ec8,15920,15920,0,,,
2022-11-05T11:00:04.000000,f164b1c3ddf766431bc5cfd4fcae9e59,131600,131600,0,,,
2023-04-03T14:00:03.000000,f263c72820b29de239d22a3b429c2d7d,15920,15920,0,,,
2023-07-22T15:50:52.000000,22c874ff5ae9754fb23e586033cebaab,15920,15920,0,2023-07-21T17:40:08.000000,kakao,0.92
2022-12-31T23:44:31.000000,abf7852a86c5efeac694c93a144c7021,79200,79200,0,,,
2022-11-30T21:31:33.000000,1b3c7e5fc026ee9176070f2aa6a35416,15920,3960,11960,,,
2023-08-01T20:09:31.000000,d9263cffd31560eef3f077c0c097292a,15920,15920,0,2023-07-27T16:59:16.000000,naver,5.13
2023-01-30T17:54:45.000000,f98589e59e3440ddd92130bfd13ec8f4,95200,95200,0,,,
2023-04-08T19:40:03.000000,a13ac0297a9b8bf37bed989d50b58d90,15920,15920,0,,,
2022-10-21T17:30:02.000000,12b395e76c3297798b894567a94b71d1,15920,15920,0,2022-10-07T00:28:03.000000,kakao,14.71
2023-06-20T23:07:07.000000,6026bdbfa86843dc35146fe447009570,15920,15920,0,,,
2022-12-07T21:18:12.000000,62702199ad5905ad5f40fc7640f901a6,79200,79200,0,,,
2022-12-21T21:58:26.000000,b6b5d0359f17a28450999b486b20c5ca,79200,79200,0,,,
2023-01-01T13:29:14.000000,c96d8dfd4fa99a18f6154a33b1d2dbf9,83200,83200,0,,,
2023-03-20T16:05:02.000000,ec877241d0068105f6de7c7e83d4556e,131600,131600,0,,,
2022-12-06T13:44:20.000000,09acf83d37b8ae8184f6a6c35f23b1f6,79200,79200,0,,,
2022-10-06T11:10:02.000000,536e26166c7cc2a7616a6b5c6d55b054,15920,15920,0,,,
2023-03-23T01:05:01.000000,58e8d6e5501baa0ba506d3b99c32da62,15920,15920,0,,,
2023-11-29T17:50:04.000000,bc1b2c8a593b57479e7231f3e8b86d6b,15920,15920,0,,,
2023-12-12T20:55:08.000000,a1cc89affec8bccd162f09caddf648d6,95520,95520,0,,,
2023-07-18T17:19:49.000000,9c825f4adbf4e24d37f24187264a7d95,15920,15920,0,2023-07-18T17:12:55.000000,kakao,0.0
2023-11-18T01:17:47.000000,e9bd6868a03d76556e1cf9bb2add8b1b,15920,15920,0,,,
2023-09-02T17:33:48.000000,8769069b6d144e5e1677feeafffa5e2d,15920,15920,0,,,
2023-11-23T19:49:42.000000,b65f1394fe2034cff66c3ad60010ccc9,15920,15920,0,2023-07-18T02:57:52.000000,kakao,128.7
2023-04-13T15:00:04.000000,a3c564eebcb0fb98650d268c91994598,15920,15920,0,,,
2023-01-11T10:58:23.000000,f4db24b957ade653dd1618370b1a348a,87200,87200,0,,,
2022-10-19T09:40:02.000000,b7b4a0eca9df9fb39bd742b77145379d,42960,42960,0,2022-10-10T09:30:46.000000,kakao,9.01
2023-08-15T00:23:17.000000,ed168bc42856c9627d0779ae6165fdcc,15920,15920,0,,,
2023-05-03T15:11:47.000000,d9007d6b695540210f29d61e10ed0aee,15920,15920,0,,,
2023-10-31T17:03:23.000000,a8ec3bde2436216b414438325ee5b7e6,131600,111860,19740,,,
2023-07-30T18:17:36.000000,797ee18286d810b2d800882d5795d2b4,15920,15920,0,,,
2023-03-27T05:55:02.000000,d7307f3308fbd00292d658f165707e1e,15920,15920,0,,,
2022-12-30T15:38:52.000000,195b813cc75b356b43d9c23f94f592c6,79200,79200,0,,,
2022-09-06T21:55:03.000000,4ee897c36d265af8e8f71b8b743629e4,15920,15920,0,,,
2022-12-29T14:10:23.000000,65b0a458c814d229faae53b836fa3e0a,79200,79200,0,,,
2023-12-19T03:35:25.000000,81b955312069f62e68e92a3e5147e76f,95520,95520,0,2023-11-25T01:46:31.000000,kakao,24.08
2023-05-28T19:19:58.000000,d993ac59bf2c4742b3c1af7ce55bb78e,15920,15920,0,,,
2023-08-05T20:45:10.000000,3205f092e7ad1abc3957f777541ee7f6,15920,14328,1592,2023-08-05T07:57:16.000000,kakao,0.53
2022-09-17T17:50:01.000000,879b8b0c68effad2dfd49b9e199dbfd8,15920,15920,0,2022-09-10T03:05:39.000000,kakao,7.61
2023-01-07T21:29:25.000000,61e5ba9b4a695d7249b36d7ad9d25cf4,83200,83200,0,,,
2023-09-20T20:52:21.000000,b61fca568f5c9425db036f579a35fef6,15920,15920,0,,,
2023-04-26T16:45:02.000000,776ee7a3d745c90864f32c0794617ecb,15920,15920,0,2023-04-19T16:38:29.000000,kakao,7.0
2023-12-31T12:15:43.000000,a85ddaada241eb31cafaa84c1d5a75f3,95520,95520,0,,,
2023-01-10T21:10:52.000000,bfe718d7ab258651b3e0b03675d1a330,83200,83200,0,,,
2023-10-26T15:41:07.000000,7be22c92fb33bdff7f0c564a73653bd4,15920,15920,0,,,
2023-03-26T20:40:03.000000,d15c5972b231f1431c65a8ba44a92ed2,131600,131600,0,,,
2023-01-25T17:20:37.000000,6ca969214b8a70d7dff1bf97813be22d,95200,95200,0,2023-01-23T10:36:33.000000,kakao,2.28
2023-01-10T21:19:05.000000,0b2b380a5fd00426eae799110e37abe9,83200,83200,0,,,
2023-01-16T13:34:55.000000,6ef42cdee72ed38593727c6090bab313,87200,87200,0,,,
2023-02-20T18:20:02.000000,76378f71c9ea2559e29f6743a9ca2b38,131600,131600,0,,,
2023-01-12T17:42:25.000000,35681ff4c2a50d06c02b3ba637222f4f,87200,87200,0,,,
2022-11-30T19:51:59.000000,7d0d43943f849c789e0e469fe69dd763,15920,3960,11960,2022-11-30T19:51:03.000000,kakao,0.0
2022-12-19T21:50:01.000000,ffa1cfa6bc3b410a927be11e23ff5340,79200,79200,0,,,
2023-12-27T11:22:27.000000,651e10371f5ca50fca946c33b7fabd45,95520,95520,0,,,
2023-01-10T15:25:15.000000,2e53bc7bef1da0fe5db67bdb72d84791,83200,83200,0,,,
2023-03-27T19:24:09.000000,3a5a178631abdbcbfb60d068b3bb12f9,131600,131600,0,,,
2022-11-27T16:08:12.000000,3222183f0eb6cacd4dbff56eef1156d9,15920,3960,11960,,,
2023-06-10T21:13:18.000000,4f8d989c7efd0f56068aadf2c058eec5,131600,131600,0,,,
2023-12-31T22:40:27.000000,d0d01d36f09d7dcbc460a55a63365d92,95520,95520,0,2023-12-22T07:08:17.000000,kakao,9.65
2023-12-25T10:08:43.000000,34e1c0678d18459f2ca190dc7674f3e8,95520,95520,0,,,
2022-11-26T15:11:52.000000,099fb0b330983a6237f7570b4a3dc2c6,15920,3960,11960,,,
2023-01-31T23:48:50.000000,9393c8b03cfa45f7bdf9fcf2f3f8081b,95200,95200,0,,,
2023-01-20T11:40:45.000000,4151699c6b723d35ec6ef9e24b3b7e51,91200,91200,0,,,
2023-09-16T14:55:35.000000,7d7b1656fab03839f9a7bf9b8095e344,15920,13532,2388,2023-09-09T22:39:02.000000,google,6.68
2023-08-20T15:07:09.000000,7393b9562a702a8ed1812a3616e7e6b3,15920,15920,0,,,
2023-07-20T14:04:32.000000,9a10ace2f1bd9d0365adadca4ab80b4b,15920,15920,0,,,
2023-10-31T12:24:51.000000,3106390d0e16891e8a9d9456080ed5f3,15920,13532,2388,,,
2022-09-14T16:49:09.000000,9140130d59f11c7efd9dadf0c908f4e1,15920,12736,3184,,,
2023-07-02T21:21:27.000000,cff818fc5cebb6e9ab9c7dbaafc69fc0,15920,15920,0,,,
2023-09-10T22:27:00.000000,597eef0d6c4c51d7008fade50e288655,15920,15920,0,,,
2022-12-30T23:34:21.000000,d35688147e2934a20e6c828d275aa6db,79200,79200,0,2022-10-03T03:18:05.000000,kakao,88.84
2023-10-19T20:25:35.000000,eb2e579b9682ade166fcbe324469ca8c,15920,13532,2388,,,
2023-01-30T21:51:10.000000,7a9a357c9383e61da790cd427990c481,95200,95200,0,,,
2023-10-23T14:33:21.000000,f833cca4c382ac8c502c6f99bc432725,15920,14805,1115,,,
2023-09-10T17:06:46.000000,adce2ad5ee890430bd448f6e38c999fc,15920,15920,0,,,
2023-09-04T23:21:45.000000,db56fd55ac70f92cb8b547e0098d19fe,15920,13532,2388,,,
2023-07-06T17:28:54.000000,ebdd0df77db0d1655244dda451a25730,15920,15920,0,,,
2023-05-03T20:10:31.000000,77c73622c1bc62e8f4e9b6443e2f6844,15920,15920,0,,,
2023-11-11T15:53:31.000000,4e9d2d2a61e8e1de9d79a7d76891e2ab,131600,131600,0,,,
2023-06-21T18:40:59.000000,dae17f738b4a2b68ff7699240aac2fc6,15920,15920,0,,,
2023-05-08T09:03:52.000000,85e66d4d3729cc714cffdd1a60bca45b,15920,15920,0,,,
2023-01-31T09:15:58.000000,41d3d22e287711d1a6c4201766657781,95200,95200,0,,,
2023-01-16T20:34:27.000000,1e89bd6776f2adbf64bf2c1cad6921ad,87200,87200,0,,,
2022-12-27T23:19:48.000000,c239707792cf4a3e2ff06c51ca39cf83,79200,79200,0,,,
2023-01-10T11:31:06.000000,72baa27c825c08c9ac33cc27036d3d8c,83200,83200,0,,,
2023-07-25T09:39:39.000000,2108d2fa3a295bce0cf17b23b18908ad,15920,15920,0,,,
2023-04-27T17:00:02.000000,23239c217cc893415f46bffde2d31326,15920,15920,0,,,
2023-02-22T15:40:02.000000,11fc0c85fb4fe03b0c9cf58f76f56939,15920,15920,0,,,
2023-01-24T19:44:58.000000,c0485b9d0e6c1808b15d165cda1be01e,91200,91200,0,,,
2023-06-20T07:43:14.000000,d5986f581fbd28e6b8cbb96c0de8e27b,15920,15920,0,2023-06-20T07:18:54.000000,kakao,0.02
2023-02-21T18:35:02.000000,d83a527cd4c8c17200013b92ff857c9f,15920,15920,0,,,
2022-12-19T16:41:36.000000,71b2da634d63f23a174cdfed8847b309,79200,79200,0,,,
2022-12-31T20:14:14.000000,21066db39d08b3988205bc52c7aae121,79200,79200,0,,,
2023-10-19T13:01:47.000000,c193454a7431e0db3b3fc92a8a1aceab,15920,13532,2388,,,
2023-04-25T13:50:09.000000,3e8ebfac85553c4fbcff93154fc5996a,15920,15920,0,,,
2023-04-12T21:00:05.000000,28266412ec050cd1a4776968f34d95b0,131600,131600,0,,,
2023-09-07T20:27:30.000000,35d4b0d3f86c14171d22e0ff829b1528,131600,131600,0,,,
2022-09-14T10:40:02.000000,1bc044f91ef50ae38232622ca4a4e513,15920,15920,0,2022-09-06T10:08:31.000000,kakao,8.02
2023-02-08T17:50:02.000000,86bb1e92b70aa2581ca73ba2e294b2c8,131600,131600,0,,,
2023-03-29T10:25:03.000000,d0e1af528baa9377e05d9db91798bca2,131600,131600,0,,,
2023-11-09T15:24:37.000000,3906b1b5ae5cd561982dd25ccc28ac0d,15920,15920,0,,,
2023-12-29T01:33:08.000000,5e9a671cfd0560561935907535c2318a,95520,95520,0,,,
2023-06-23T18:47:56.000000,8b66f3dc4664a875a3ece59e4643e0c8,15920,15920,0,,,
2023-09-22T19:43:29.000000,3c670e98e2a150b3805b0c1c9202d0f9,131600,131600,0,2023-09-22T01:03:14.000000,kakao,0.78
2023-12-16T09:02:28.000000,be84bc24d53de74fe74b8edef742a0ea,95520,95520,0,,,
2023-12-31T23:09:05.000000,d608bbacae0941c593acecefa0d06bed,95520,95520,0,,,
2023-11-15T18:02:36.000000,d19f1dfdb082d74d7546ddd5d8d244db,15920,15920,0,,,
2023-09-27T22:49:03.000000,3c45e89b4b275ff9f4ebf7a98f67f8f1,131600,111860,19740,,,
2023-07-09T16:51:44.000000,794f11985ef8ffc66949677826db3662,15920,15920,0,,,
2023-01-28T15:30:02.000000,5fbab9938ba72749bc8c27812ead7ae0,95200,95200,0,,,
2022-12-31T01:15:38.000000,076f399ee34dd6255991573ef7648b64,79200,79200,0,,,
2023-10-10T18:40:11.000000,0eb4f5034361e61c4d651bbeaa3f8e35,15920,15920,0,,,
2023-04-11T19:20:01.000000,6f8c34c506bda94af0720301e82f972c,15920,15920,0,,,
2023-12-07T15:11:19.000000,bbf2ee9c4d3800bd5ddd90e61d199dfc,15920,15920,0,,,
2022-12-26T23:13:42.000000,b2f8ddc35a954463b28f27e5335a67ac,79200,79200,0,,,
2023-09-21T17:56:26.000000,90be19a9c1720f0c3ce8a6ec4d1fe5e1,15920,15920,0,,,
2023-01-09T16:46:31.000000,aff57acd885d86f7fc96ffdd8d0becbe,83200,83200,0,,,
2023-03-23T08:25:02.000000,0ec3811daaad864dd855d3e308f1df93,15920,15920,0,2023-03-16T08:20:26.000000,kakao,7.0
2023-12-29T15:52:59.000000,4d8aecc5d7b9759243a330744a20d5eb,95520,95520,0,,,
2023-01-30T13:42:18.000000,fc843863a8e5080306279529f169b9ef,95200,95200,0,2023-01-02T12:27:40.000000,kakao,28.05
2023-06-25T20:37:53.000000,b22ca645ad278750ba8b7295befcaca9,15920,14328,1592,,,
2022-11-21T14:02:44.000000,292b650ec3f793c21b74b328c494511d,15920,3960,11960,,,
2023-11-12T09:23:04.000000,432c98e753c816def9bc1baaa179739c,15920,15920,0,2023-11-12T01:42:09.000000,kakao,0.32
2022-12-31T19:40:10.000000,2be236b472739dbc6d4b90e945564dce,79200,79200,0,,,
2023-08-06T19:08:46.000000,eb99e8f74fcaaf3f65bec90cf7d7126b,131600,118440,13160,,,
2022-12-30T16:41:09.000000,324e1c920db2de63f1d6501a42423d9a,79200,79200,0,,,
2023-12-26T20:04:00.000000,a426afa11b45f656c4a9e2fdfeabccf9,95520,95520,0,,,
2022-12-01T17:02:33.000000,04564e4e34a3cdf9c722c777f20136a1,79200,79200,0,2022-11-13T18:20:16.000000,naver,17.95
2022-10-24T13:50:02.000000,729c0b514790b6ea2dc6fb86b67c538c,15920,15920,0,2022-10-10T13:40:23.000000,kakao,14.01
2023-07-05T08:46:01.000000,e8195127fb8e1db8dba21eab50151209,15920,15920,0,2023-07-03T16:15:12.000000,kakao,1.69
2023-06-13T07:21:48.000000,03ca8efc77f5aab475ccf028d17ec87a,15920,15920,0,2023-06-13T07:16:04.000000,kakao,0.0
2022-12-31T22:48:21.000000,bd175d6c4de74e2f20932f9204e1c827,79200,79200,0,,,
2023-11-21T23:49:00.000000,9dff485ded1838c4591731743fff7663,15920,15920,0,,,
2022-10-25T15:23:40.000000,ecbeb9b8aec6c489affd8a94a4dcd680,131600,131600,0,,,
2023-10-07T23:37:03.000000,596b7b5626b896dc6e4d56cfa1499b4e,15920,14328,1592,,,
2023-01-27T23:55:23.000000,6ae6a8781b029227165f424405dd6017,95200,95200,0,,,
2023-06-10T11:07:13.000000,38768fe531a6069b1968f1e855668c9a,15920,15920,0,,,
2023-01-31T20:21:33.000000,b1e882bc3c72a44ef429dbb5019b8ac3,95200,95200,0,2023-01-31T20:02:18.000000,email,0.01
2023-10-04T02:13:46.000000,a3f92107eada928a5cbacfe4455e4530,15920,13532,2388,,,
2023-12-25T23:18:48.000000,1d228ac74f20b78f4bda0b372af1352b,95520,95520,0,,,
2023-07-19T15:57:54.000000,59fd227046e05ba4d7e0c4326a7cc6eb,131600,131600,0,,,
2022-12-30T22:05:43.000000,45e0109d573d939e0b17ea57a349b1ed,79200,79200,0,2022-12-12T23:37:45.000000,kakao,17.94
2023-07-18T13:40:30.000000,85c89df45777cb0df1f2a15c0eb8728a,15920,15920,0,,,
2023-12-21T22:08:34.000000,9704758c78e322901f07ff0ddb74d4b1,95520,95520,0,,,
2023-06-25T21:56:44.000000,c0f380086b24037b0a3e3eb8f3dd49b8,15920,15920,0,,,
2023-05-24T19:57:32.000000,fe018b0bfb14349acd0c7fd1a08606f1,15920,15920,0,,,
2023-01-05T18:29:04.000000,e1cec94145a68b0f3e2e864c9ee2b5b2,83200,83200,0,,,
2023-02-18T13:00:02.000000,cb851820cf766ecb1484cc632ced79c8,15920,15920,0,,,
2023-01-25T17:57:01.000000,8a371bcd4a5a46330863222d20a657e8,95200,95200,0,,,
2023-04-09T22:33:13.000000,22dd08cbb583a1eea1c9a70d45d7cb95,15920,15920,0,,,
2023-01-30T17:42:09.000000,8d6f6c6eab08992e121e7a6d83b3c40b,95200,95200,0,,,
2022-11-23T20:59:34.000000,9200181b510c6daba7b8bc6b7983de79,15920,3960,11960,,,
2022-12-20T14:58:36.000000,6b829f05e49f47851410d1252b706579,79200,79200,0,,,
2023-07-08T13:05:41.000000,fb0e05c3144037b098a3357287fb604a,15920,15920,0,,,
2023-01-12T00:17:20.000000,d0123dde3717fe3bf02fd75e142af2c3,87200,87200,0,2023-01-12T00:02:02.000000,kakao,0.01
2023-07-14T14:46:47.000000,d5617ea5e8e9ca8b78a26de768564a8f,15920,15920,0,,,
2023-07-30T01:28:44.000000,2b714669c6af97fb326c6c8b6ec59ce9,15920,15920,0,,,
2023-08-21T17:19:36.000000,ee292f19570ef823e1a04de2417dd2b0,15920,15920,0,,,
2023-12-05T20:22:35.000000,1f3a6b94a8ad73b3028a1fe0fe450328,15920,13532,2388,,,
2022-12-24T18:55:08.000000,c1d74e570ce9a330dd6bc11dbd3ab3d8,79200,79200,0,,,
2023-01-04T17:20:02.000000,dd234acad9e10094597bc198644c7cca,15920,15920,0,,,
2023-02-23T20:50:01.000000,9939c703c724c9924dbe078e526e6137,15920,15920,0,,,
2022-09-14T20:35:02.000000,629605f91fda0fa4c4f028c6b2e91674,42960,42960,0,2022-09-07T20:25:01.000000,email,7.01
2023-04-25T01:40:02.000000,be1cafd3d2e22366d2ebe1aa85e9a7ae,15920,15920,0,,,
2023-01-10T23:15:07.000000,4d9504a0a41061523a406362be6d4029,83200,83200,0,,,
2023-01-17T05:56:21.000000,96ebb983cd86aa41e8216e3cf36777d9,87200,87200,0,,,
2023-08-13T17:59:00.000000,7f9c4216c31f85c6ed33b44a507b6a72,15920,15920,0,,,
2023-10-22T20:20:17.000000,1c94db24d1a14c214bb34f125b7d0af1,131600,131600,0,,,
2023-02-13T19:35:02.000000,a73b3da1f12e6716696d29d589d51c33,15920,15920,0,,,
2023-04-26T14:35:31.000000,457f5ad965a461b5a4e171ff7571e827,15920,15920,0,,,
2023-01-09T11:29:50.000000,b09b09dfbb2e3f6f05e74ccaa0e412ba,83200,83200,0,,,
2023-01-02T09:49:26.000000,366a9a806761e76808fd1cceb419bed0,83200,83200,0,,,
2022-11-03T15:35:01.000000,91e4b62bdef68670b626cea055fc9030,131600,131600,0,2022-10-18T21:53:22.000000,kakao,15.74
2023-01-07T02:10:13.000000,05492a6c82cd9b3796500c0c0cda84e4,83200,83200,0,2023-01-03T23:19:03.000000,kakao,3.12
2023-11-05T22:20:21.000000,06e2f5c2e10ab6a919abbfe83f6f63f9,15920,15920,0,,,
2023-09-18T16:09:27.000000,7720ce668b877e9c7e06ffa5f4da4abf,131600,131600,0,,,
2023-03-28T13:30:01.000000,919fa0966ff13bd107c26f3f2c0b9274,15920,15920,0,2023-03-21T13:11:02.000000,email,7.01
2022-12-21T15:18:52.000000,e18e1b99cb12f296f0a15707cb5959ed,79200,79200,0,,,
2023-04-14T14:55:02.000000,d456c75db88eafed589d75889ee32cd5,15920,15920,0,2023-04-07T03:19:50.000000,kakao,7.48
2023-11-26T17:05:53.000000,479cfc3b47d036ecc5ce8339b154cf34,15920,13532,2388,,,
2022-11-30T17:24:07.000000,2ec4ceb3ab05ff82facb22b8aaab7b2b,15920,3960,11960,,,
2023-08-11T10:00:06.000000,fc5fb387558fa8285447a6271dcc4c2f,131600,131600,0,,,
2022-11-28T17:46:15.000000,89f31d779562b2079f523dd0f26898f6,15920,3960,11960,,,
2023-04-17T23:00:08.000000,905926bf8282b106c42a6f22db935b93,131600,131600,0,,,
2023-06-01T12:56:06.000000,ce7b1bf9042cf875daec3257f1dfc8e2,15920,15920,0,,,
2023-01-23T15:47:35.000000,2f18f37f9f9e46ae0be145102a50827d,91200,91200,0,,,
2022-12-29T23:40:40.000000,f48240a15aecd7fc9ade17b806aaa7ee,79200,79200,0,,,
2023-07-31T13:17:56.000000,276b3a209acd55843c39555aa7f0d7c4,15920,15920,0,,,
2023-10-10T17:00:53.000000,b0610f81f2f8d85382a5c9210c721f55,15920,15920,0,,,
2022-09-25T16:27:31.000000,97956f3bd61e6b7faf63ff18fea9aa8b,15920,15920,0,2022-09-12T23:09:21.000000,naver,12.72
2023-02-20T18:30:02.000000,b4fbc8a5410dd78aa3d0f761c883777d,131600,131600,0,,,
2023-09-01T12:01:05.000000,db6bea726b503b320f763ed6a19f7864,15920,15920,0,,,
2023-11-24T10:14:51.000000,bfc938b401f400e9e5ae594bc002bc55,131600,131600,0,,,
2023-05-27T00:11:22.000000,36621ca2d3103527231b9f0b302f53a6,15920,15920,0,2023-05-11T12:50:59.000000,kakao,15.47
2023-09-07T16:39:34.000000,c1c662b6193da4d3c75ebe934c88071d,131600,131600,0,,,
2023-02-09T14:20:01.000000,12eae605e2a10bf87a26a4dd7f7782c2,15920,15920,0,,,
2023-05-26T14:38:56.000000,d00c775160ef5ff1621d5bcd27b93956,15920,15920,0,,,
2023-12-21T19:10:08.000000,a7d734d31596dca20d64d3512ef05529,95520,95520,0,,,
2023-06-19T10:24:02.000000,a3c8d877d0d7a5d2e403a61875500ede,15920,15920,0,2023-06-16T16:17:19.000000,kakao,2.75
2023-10-17T12:53:19.000000,f557bc04059e01796aa9b86c090f909c,15920,15920,0,,,
2023-01-06T23:18:54.000000,f08a147f59d079a1cbaed0c7066c04f1,83200,83200,0,,,
2023-10-31T13:25:26.000000,7b0e13e15554512df3c5cec123dcea6d,131600,111860,19740,,,
2023-04-03T11:30:06.000000,24d8f08c58c406df5d5bb069acd04de3,15920,15920,0,,,
2022-11-30T12:18:16.000000,a13b86c269173a80f88b6bc420d6c8bb,15920,3960,11960,2022-11-30T12:02:14.000000,kakao,0.01
2022-11-30T19:27:38.000000,1648189d983524ad807d1099458220f5,15920,3960,11960,2022-11-30T19:23:35.000000,email,0.0
2023-05-10T23:34:32.000000,c981a5d55068117312d1b528a650c2ec,15920,15920,0,2023-05-01T22:33:33.000000,email,9.04
2023-05-28T06:23:39.000000,ef741a7ffe69ce5dd036e4e06f64b607,15920,15920,0,,,
2023-01-23T09:27:36.000000,00655354eea2623b183dc0ceb8a48117,91200,91200,0,,,
2022-09-24T00:50:02.000000,02f2da181f2da3014f2eef629d2e3e82,15920,15920,0,2022-09-17T00:43:01.000000,naver,7.0
2022-12-27T09:06:21.000000,7eac73850f463088af9d9543dbe38530,79200,79200,0,2022-12-26T11:43:35.000000,naver,0.89
2023-03-19T17:35:02.000000,38aca03fba9753a6b2f31b829fb16a30,15920,15920,0,,,
2023-02-20T02:22:55.000000,acce0f0e1c48db8eecc0cbd733bf46ca,15920,15920,0,,,
2022-09-04T22:15:02.000000,a581568c24fe1cdaf22ec0ffaab80851,15920,15920,0,,,
2022-12-30T09:37:53.000000,4b8fd66e6cd872db3dd767977fc61c62,79200,79200,0,,,
2022-09-25T16:48:42.000000,46bb2e40289427a0880e71a4e871a580,15920,15920,0,,,
2023-12-24T02:16:50.000000,fa3214ad7e18ddf508ab30d3695f2579,95520,95520,0,,,
2022-09-12T08:45:03.000000,bca916395e7ea929b2bf50de89276e55,42960,42960,0,,,
2022-11-20T21:51:15.000000,a92bedd98371429b410446354a75d893,15920,3960,11960,2022-11-17T22:38:43.000000,kakao,2.97
2022-12-26T10:20:56.000000,73b3eff0db5badc2bcd60f6d16e46bb2,79200,79200,0,,,
2023-08-22T15:52:46.000000,2d49795972cc824fd23a10e30d92f4d7,15920,15920,0,,,
2022-10-29T19:20:02.000000,a749f74ae5dca434e4bfc58f6a86a2e0,42960,42960,0,2022-10-22T06:33:27.000000,google,7.53
2023-11-17T11:40:06.000000,486f9c5dd799f389dab051268f2a0633,15920,15920,0,,,
2023-01-31T23:38:28.000000,d8253708336a86acf7d1aacbd7be2408,95200,95200,0,,,
2023-07-06T20:38:32.000000,1f024fba67546092c259c46c7d837e92,15920,15920,0,,,
2023-12-11T16:08:08.000000,a98c018577d62c73487cd197a90215fe,95520,95520,0,,,
2023-06-02T09:23:50.000000,4ff68082e7fe2dfea52a7bc6fa02fc24,15920,15920,0,2023-05-02T17:16:28.000000,kakao,30.67
2023-06-24T17:42:48.000000,259ca81f9a28cb71a92c5e7ee38bac05,15920,15920,0,2023-06-24T17:35:16.000000,kakao,0.01
2023-01-29T23:22:52.000000,316308c363199a1a14abd6e934974d8a,95200,95200,0,,,
2023-02-13T14:55:03.000000,4aa716c90c1c4009b9135f5a5a0beab6,131600,131600,0,2022-12-20T22:13:37.000000,naver,54.7
2022-12-31T15:41:20.000000,3cc58346b3d79a2818d9316f3a13349b,79200,79200,0,,,
2023-01-01T02:08:40.000000,6c09b0168324532fbbc5e30421a1559d,83200,83200,0,,,
2022-11-30T23:38:32.000000,b6b1fa6d8f850ed6518ffba3764657bc,15920,3960,11960,2022-11-22T03:47:50.000000,kakao,8.83
2023-01-07T02:55:54.000000,081ff320e794f1cb6eee1d76cff57463,83200,83200,0,,,
2022-12-19T20:28:49.000000,4d9412f9fcbf0cf1f198c3e2cfcbc6a3,79200,79200,0,,,
2023-04-01T22:50:03.000000,3ce46287ac63b50d99e417f41d883709,15920,15920,0,,,
2022-12-21T14:20:16.000000,a52b1c4fa2355731a3514e75e5a06df9,79200,79200,0,,,
2022-11-15T20:27:14.000000,547a1c3c323ec6e876d8600235e74aff,15920,3960,11960,2022-11-15T20:25:54.000000,kakao,0.0
2023-10-27T15:57:28.000000,cac717dfea4f9e2bd49bae9043e91ef7,15920,15920,0,,,
2023-10-29T20:21:52.000000,e71609dd120153b10d667ce9f0989015,15920,14328,1592,,,
2023-12-08T19:17:44.000000,ed73500737f4f2f94b54db52dd41cb4e,15920,13532,2388,,,
2023-01-05T11:13:35.000000,83bda3bbac8a7d41301afac3beec8c38,83200,83200,0,,,
2023-02-27T16:12:54.000000,be8e904d0c1960a94ae91a766d413ade,15920,15920,0,,,
2022-11-26T22:16:16.000000,49e6e2c528aa682a1e498c01e8773ff5,15920,3960,11960,,,
2022-11-28T05:04:54.000000,0ef0a8a4f274cf2f4c756eea0410dd2a,15920,3960,11960,2022-11-28T05:03:22.000000,naver,0.0
2022-12-07T13:27:01.000000,d2e2d567394f3d8352b82a8b2a698302,79200,79200,0,2022-12-07T13:24:36.000000,email,0.0
2022-11-23T19:51:08.000000,635fb67c70590b1f3335696420eaedae,15920,3960,11960,,,
2022-11-18T02:34:21.000000,861c641533b4efdd452a6d24fb86e558,15920,3960,11960,,,
2022-12-15T08:33:42.000000,200a252fec5e5ab106c56a052a1bcdaf,79200,79200,0,2022-12-15T08:32:50.000000,email,0.0
2023-03-21T13:05:02.000000,4de3970ab79b30120422a55c78abebbf,15920,15920,0,,,
2023-05-08T12:27:40.000000,57f1a8e704dd596bd6bf692423068e09,15920,15920,0,,,
2022-12-25T05:32:27.000000,48a7da92f5282712ecdb63a6211c061b,79200,79200,0,,,
2023-01-22T15:51:57.000000,dcec79f175aa60250d6078576ceac3c7,91200,91200,0,,,
2023-06-28T21:29:24.000000,c63490d6192e5a6a685e7397d19dd815,15920,15920,0,2023-04-28T02:43:09.000000,google,61.78
2023-01-20T16:43:59.000000,c9bf7e84b9d71e897a389940b8327d9f,91200,91200,0,,,
2022-11-21T17:50:18.000000,3456ba1f95fbacebf97efa4e316aea9b,15920,3960,11960,,,
2022-11-30T23:30:47.000000,6900e829026271d8efc9b8bac2f774a9,15920,3960,11960,,,
2023-06-21T14:50:40.000000,43dfec479ce52529510302d340777b64,15920,15920,0,,,
2023-01-01T14:53:39.000000,6852eaf1ea257fe584a9cdc0e4654083,83200,83200,0,,,
2023-01-10T19:45:02.000000,2887e1b9a8edd055e81562278453f93a,83200,83200,0,,,
2022-12-29T13:36:49.000000,3ba4a40243f72cf642d156a0459e55c4,79200,79200,0,2022-12-29T02:10:47.000000,naver,0.48
2022-10-08T15:10:01.000000,e5ed00c2faf30b584166276ced320f99,42960,42960,0,,,
2023-01-16T16:34:35.000000,19aac36cac2382f2ba451a7d66929c51,87200,87200,0,,,
2023-01-20T11:35:12.000000,c8f98e6366d705a7e4f213cdcdd1bd79,91200,91200,0,,,
2022-12-21T13:32:17.000000,2a87ffeb458bcfa722427b52f217f598,79200,79200,0,,,
2023-04-26T10:50:02.000000,4c3a1698331304750773fc97b8ed885e,15920,15920,0,,,
2023-07-02T11:22:44.000000,582d8e5773dfd1e9d82a62f006241cf3,131600,131600,0,,,
2023-11-19T23:34:51.000000,c7260bd0ecd9a6d1a219acf95e9d4fdb,15920,15920,0,,,
2023-04-20T18:45:02.000000,84c2ad7701031d8593dc2f30e7792e88,15920,15920,0,,,
2023-08-30T11:02:47.000000,5e354cb662d88ceccd2a551e0be98741,131600,111860,19740,,,
2023-09-11T02:02:16.000000,0458b497cc676bd6456f6285f2a7ab17,131600,131600,0,,,
2022-09-09T19:45:02.000000,74eb165584e007d585dad2c9b0587093,42960,42960,0,,,
2023-07-18T17:44:23.000000,3c75dd5c1cc64865dba33177c0d89133,15920,15920,0,,,
2023-12-30T17:57:44.000000,a777c3793383f904d34e9f36c16a99a1,95520,95520,0,,,
2023-02-19T20:50:02.000000,9da605ad31e1798836b5892e1ed9d79d,15920,15920,0,2022-12-31T12:42:25.000000,kakao,50.34
2022-11-18T12:29:41.000000,5f5f12696274b2082a45f4ee1fafce6c,15920,3960,11960,,,
2023-07-14T20:51:08.000000,20e7576732d01999fd5d614bd5d34ed5,131600,131600,0,,,
2023-09-09T23:06:46.000000,0b80f4f15b45e52ca12eeca98cb37cca,15920,13532,2388,,,
2023-02-28T13:50:02.000000,f83e9740ded14d485bea5bb2c9701973,15920,15920,0,,,
2022-11-14T19:45:03.000000,12df81eb070929dbc64ebe17fc95176e,15920,15920,0,2022-11-07T16:42:05.000000,google,7.13
2023-07-16T21:35:23.000000,0137f2757ca73149594bf4612c32c9d6,15920,15920,0,,,
2023-12-03T15:40:12.000000,c4714a924375d46aba46cebb04fafe62,15920,15920,0,,,
2023-05-29T21:02:16.000000,16f05f3409dd219016efe1371d534118,15920,15920,0,,,
2023-07-18T19:26:09.000000,5e174b155556f654a97cf59847902b90,15920,15920,0,,,
2022-12-31T18:05:07.000000,6402bacaedf3c7bdbddddff6bb9265bb,79200,79200,0,,,
2023-01-20T15:45:02.000000,627b7743a9e9eb3c55abcc1be0cf3ce2,15920,15920,0,,,
2023-01-17T21:09:40.000000,9ccc403b63708b6b9c263c3b6c6ff08a,87200,87200,0,,,
2023-01-17T21:39:10.000000,53af5c8d3b622369deace80c9b02c7fe,87200,87200,0,2023-01-10T06:48:21.000000,kakao,7.62
2023-03-30T15:50:03.000000,1362e3e226660a45e02500bbc3dbf960,15920,15920,0,2023-03-23T11:24:44.000000,kakao,7.18
2022-11-16T16:30:02.000000,805ad3945616300f4fdfa1e12f02ad6a,15920,15920,0,,,
2022-11-20T11:16:48.000000,f81309195a86efef36bfb00e300fbe65,15920,15920,0,2022-11-12T18:07:22.000000,kakao,7.71
2022-12-02T19:32:18.000000,8027b6ed7c15d5617e0e055aad473f49,79200,79200,0,,,
2022-12-27T08:04:47.000000,2a615fc8bfa1368e03d7c7737dcb0c8e,79200,79200,0,2022-10-18T13:41:03.000000,naver,69.77
2022-11-30T20:14:35.000000,b51858304c2a2f00b3082a2d18cfd58a,15920,3960,11960,,,
2022-12-31T20:26:10.000000,a544c9cce3cb38983f07cb039b3bb53d,79200,79200,0,,,
2023-02-12T21:55:02.000000,299b8483d07d61e2c9786d7f883d00a5,15920,15920,0,,,
2022-11-21T11:22:37.000000,e7c8a5a958129b86139096de24778d2a,15920,3960,11960,,,
2023-12-31T22:19:47.000000,6252be15d2a0829327c1f5cb9ebcbf27,95520,95520,0,,,
2023-10-19T01:00:20.000000,cc208475a8d53de5bb80f83b4040580e,15920,13532,2388,,,
2023-01-31T17:09:12.000000,d31fcd433270cebc1feff3afaf2c514e,95200,95200,0,,,
2023-04-24T14:50:02.000000,800801c5befb25c66aceb1ef69756070,15920,15920,0,,,
2023-01-19T13:05:12.000000,994dff44bd9a6aee319db3ef8ab95148,91200,91200,0,,,
2022-12-31T19:57:57.000000,ee42dc8b720739a408c2678ed3f5518d,79200,79200,0,2022-12-31T19:20:23.000000,kakao,0.03
2023-01-20T22:52:36.000000,962e3acbd46c764fd8aef1d83c5780f3,91200,91200,0,2022-10-26T17:27:28.000000,kakao,86.23
2022-12-26T21:37:28.000000,26dfc9da057c04642fbd7b313724ffdc,79200,79200,0,,,
2023-12-21T00:19:05.000000,080d7e38cf840b832f6b57831451a86d,95520,95520,0,,,
2023-12-27T15:48:46.000000,4e75fa4d89e22efaaeb19d7796a1af2b,95520,95520,0,2023-12-25T22:41:22.000000,naver,1.71
2023-12-25T15:40:36.000000,1c8ff077ff1e5caa537bbb88821acfe3,95520,95520,0,,,
2022-11-14T15:30:03.000000,b802d2b54e0a52a26706279075a53035,15920,15920,0,2022-11-07T15:26:29.000000,kakao,7.0
2023-10-12T20:40:13.000000,8b5693c5be4a94058937fa8ac259de57,15920,15920,0,,,
2023-12-21T17:16:20.000000,20a836ce84de468591a03ecc0db108f2,95520,95520,0,,,
2023-01-15T11:01:53.000000,77f14df089098e00e539adc2348a6879,87200,87200,0,2023-01-14T23:49:32.000000,kakao,0.47
2023-07-30T19:02:49.000000,5deb232e6c3ccca6ed5ccd394c988baf,15920,14328,1592,,,
2023-06-10T22:12:45.000000,ae09f92dbbb14ad3ee6268a6ff74f97f,15920,15920,0,,,
2023-05-01T15:57:39.000000,48bb40c810615c04e713015f4de17498,131600,131600,0,,,
2022-09-25T22:21:44.000000,16fc9304e7575c219aac10ddb8b94ea4,15920,15920,0,2022-09-20T21:28:36.000000,kakao,5.04
2022-12-31T08:49:02.000000,0271e061b552ae48147c71b058ae1b2a,79200,79200,0,,,
2023-12-28T16:23:31.000000,5c1d6da943ff05834eb98a991736a169,95520,95520,0,,,
2023-07-28T17:21:09.000000,095cccc3555b9e74130c90e25bc967d2,15920,15920,0,,,
2023-10-04T21:37:40.000000,368e1d2011eb0ed0dd55b1eae03362ae,15920,15920,0,,,
2023-05-18T21:02:42.000000,0096e351e1be93a968d368749bae433d,131600,118440,13160,,,
2023-12-27T01:49:31.000000,1f07ef2346c8311f54eaf0fc62edf660,95520,95520,0,,,
2022-12-28T23:45:43.000000,548aa688652a6d34f25547e82bb210de,79200,79200,0,,,
2022-11-30T22:00:46.000000,859a774be2eabe5f5d02b676392ef40e,15920,3960,11960,,,
2023-02-23T21:40:01.000000,ac173bb7d92bb8caee26cc450e01df16,131600,131600,0,,,
2023-05-23T10:51:07.000000,2d6d461b68bce5f9a1aa6e23aee822b9,15920,15920,0,,,
2023-07-12T20:15:15.000000,3767d4c7a827422fccf61d45ae889669,15920,14328,1592,,,
2023-12-01T16:59:53.000000,c3ef3ba46a0e488b11688938c69fa665,15920,15920,0,,,
2022-11-29T17:57:34.000000,fab2b48140143d9528fec5b66294dc68,15920,3960,11960,,,
2022-12-08T15:03:28.000000,50f7ec1d1e18528b6c9bac5405967f83,79200,79200,0,2022-12-03T23:06:43.000000,naver,4.66
2023-08-29T12:30:15.000000,83a3cb10252a83ef4fa42cb52584be55,15920,15920,0,2023-08-27T06:58:05.000000,google,2.23
2023-12-27T17:54:34.000000,16167dd9ca09435343289c847419774b,95520,95520,0,,,
2023-01-17T15:16:23.000000,a95986f8c64e9d2ef1b3596244749adb,87200,87200,0,,,
2023-04-01T00:25:02.000000,f6e22c44284ba6fe30e499e36b27f0a4,15920,15920,0,,,
2023-10-07T10:02:43.000000,de9f22bc3faf822d40b868d90449856f,15920,15920,0,2023-10-07T09:28:19.000000,kakao,0.02
2022-11-30T18:07:18.000000,301f0d9bc15ea77e9edb7ae34d70acd6,15920,3960,11960,,,
2023-09-03T16:36:06.000000,30d580e5624425625b45da2549b5e93f,15920,15920,0,,,
2023-01-31T15:49:55.000000,df7eec6936f50cad465377b880d46461,95200,95200,0,,,
2022-09-12T17:05:02.000000,59e2eaa3c8bd8282fb164879da943fd5,15920,15920,0,2022-09-05T16:54:20.000000,kakao,7.01
2023-10-10T11:28:40.000000,f1af17fdcd6c912622f982b5338d62ba,131600,111860,19740,,,
2023-01-07T14:35:33.000000,83d1cc7bb8ca2e6a9ad5fa3350d90787,83200,83200,0,,,
2022-11-28T21:31:39.000000,b713696689ec7aceb158cacd59a46426,15920,3960,11960,,,
2023-06-24T00:36:50.000000,a69f598e26f317e17e0050c1e6c50c1f,15920,15920,0,2023-06-24T00:27:49.000000,google,0.01
2023-12-10T12:59:34.000000,c06f978f856ffc14873ad0f62e86c0f5,15920,15920,0,,,
2023-09-10T17:17:15.000000,4b85c4421f5fd02b880d3465ae2fa915,15920,15920,0,,,
2022-11-28T19:40:35.000000,038a652e8e5f4b55655136404fc30dc0,15920,3960,11960,,,
2023-08-27T10:10:12.000000,a9e51ae5cb7e4432f7ee010d30ddb387,15920,15920,0,2023-08-22T14:17:43.000000,google,4.83
2023-06-25T08:38:31.000000,d08c0499ac64c375af314b881652febf,15920,15920,0,,,
2023-12-28T22:13:13.000000,cfed942b798aa917bbd48782c1d1505b,95520,95520,0,,,
2023-12-29T03:58:08.000000,11fb9334f0ff4c4637c1db26fae260cf,95520,95520,0,,,
2023-06-16T12:29:36.000000,ebc8d49541ab03c2acdb8606df50238b,15920,15920,0,2023-06-16T12:25:42.000000,kakao,0.0
2023-03-12T18:04:27.000000,f7155af01d277f11b1c7d05cf772c686,15920,15442,478,,,
2022-11-09T13:50:02.000000,4003dd15cef2c8928c78d150937d03c8,131600,105280,26320,2022-11-02T08:09:27.000000,naver,7.24
2023-04-26T23:10:02.000000,edec2c367f746de74d0b36d2c2b9fa06,15920,15920,0,,,
2023-01-16T20:36:05.000000,7e915771ca9e1a4a79542c1ea6472d0e,87200,87200,0,,,
2023-09-18T11:53:47.000000,3500ce784feb6c2e59b5b39c47d4a44a,15920,13532,2388,,,
2022-12-31T01:29:11.000000,97d06761c8f6aada3967519c42a0ed35,79200,79200,0,2022-12-01T23:07:10.000000,naver,29.1
2022-11-30T23:08:27.000000,52a20bafac2272558e3d4b2bea77886f,15920,3960,11960,,,
2022-10-02T08:05:02.000000,d4d48429de5daa36f34295b885832703,15920,15920,0,2022-09-29T07:37:34.000000,email,3.02
2022-11-30T22:05:57.000000,64b5ed77bc0d3053d198d36047a86662,15920,3960,11960,2022-11-30T22:04:39.000000,kakao,0.0
2022-11-26T23:14:47.000000,cd777ee04d6baebb6480938b9c84b492,15920,3960,11960,,,
2023-06-17T14:15:53.000000,c8cbd87116e9bbe2f1c21f0df76f9a9c,15920,15920,0,,,
2023-01-05T11:17:35.000000,95c8e1d520d1bf7b9dbc9ac8d7bfbda4,83200,83200,0,2023-01-01T23:26:39.000000,kakao,3.49
2023-05-24T10:02:39.000000,597952d4472efbf15998b736403e94bf,15920,15920,0,,,
2023-06-20T23:13:37.000000,a2f8442d039f884136c484ca10ccffd0,15920,15920,0,2023-04-25T22:57:26.000000,kakao,56.01
2023-01-30T21:32:18.000000,081beffa8d6e1901b9af6b6004a689ab,95200,95200,0,,,
2022-12-29T09:17:58.000000,719982054bdd6b015053de903095b5cc,79200,79200,0,,,
2023-09-09T19:06:47.000000,0683fe6026a8c47feeae03e3c56584a5,15920,14328,1592,,,
2023-09-08T09:53:05.000000,1e21b6d991e0dba3c10d4c0f396f317d,15920,15920,0,,,
2023-01-21T20:53:27.000000,1f83bc7bc81d802776e431aa76949ad3,91200,91200,0,,,
2023-01-04T21:20:29.000000,3fdfbb1210dd1986e0423e91773aa37c,83200,83200,0,2023-01-04T16:04:39.000000,kakao,0.22
2022-12-17T12:08:09.000000,268d7c7b7cb4b97037ddb527a9b8cd2d,79200,79200,0,,,
2023-03-31T17:10:02.000000,cd1f679a5b0b7bd6fb2cedee6d2d1ca2,15920,15920,0,2023-03-24T16:02:56.000000,kakao,7.05
2022-12-15T17:23:40.000000,b8379e4ecb0d5b29109f09bb720ab73c,79200,79200,0,,,
2023-12-25T20:53:59.000000,53e865c2a7df471d6ae843e9b67af9bb,95520,95520,0,,,
2023-01-10T16:19:24.000000,6bb6451e39f0fafec335a83de7f57720,83200,83200,0,,,
2022-12-19T13:53:04.000000,2c2ead347aee67ba281affabdb437161,79200,79200,0,,,
2023-01-24T21:30:53.000000,6c0bcfd9d9ea23a101f575210ed728e3,91200,91200,0,,,
2023-07-20T13:11:03.000000,e4600ff20d01064ff2ffd5a383ea7ff7,131600,131600,0,,,
2023-06-03T19:53:29.000000,1a3b5235f4e5bdd77cf3fa7642be7cf7,15920,15920,0,2023-06-01T21:56:42.000000,google,1.91
2023-12-16T05:39:26.000000,435a12b218c2d35840eef8cf5d255174,95520,95520,0,,,
2023-01-01T19:27:07.000000,adc1f7031061dbb603c0c551c8e6db79,83200,83200,0,,,
2022-12-29T17:15:33.000000,0267bd384b4fba7e9e804b420ceb7ca6,79200,79200,0,,,
2022-11-21T10:51:25.000000,30d91bcbf4b91266b939618d86460121,15920,3960,11960,,,
2023-05-02T23:05:01.000000,a2f8442d039f884136c484ca10ccffd0,15920,15920,0,2023-04-25T22:57:26.000000,kakao,7.01
2022-12-05T13:00:35.000000,ba0f89420eb7fa542cf6a68d3e0f04cd,79200,79200,0,2022-12-04T19:01:39.000000,kakao,0.75
2023-01-10T19:32:52.000000,5ae4f01ae0902558e8b1780d708c2742,83200,83200,0,,,
2023-05-03T05:43:40.000000,809a3917ac79ba4a6a4ff44c4a646b7d,131600,131600,0,2023-05-02T14:59:26.000000,email,0.61
2023-07-18T21:01:36.000000,ebee03b78b156e34ba38baa8b230e3fd,15920,15920,0,,,
2022-11-30T15:44:42.000000,328442754767807309ea7be8d67ef26a,15920,3960,11960,,,
2023-01-01T22:25:06.000000,e85d2c1966329079a9cd600e8670bda5,83200,83200,0,2022-12-23T17:06:08.000000,kakao,9.22
2023-01-08T23:24:53.000000,3dfd58724000d8e2f2da345baa48c399,83200,83200,0,,,
2023-03-19T18:35:01.000000,d9d4df6dc143996f51635f8e5cc3ef65,15920,15920,0,,,
2023-04-16T00:00:02.000000,b93e12fa44bdee2446e9c8db289a4349,131600,131600,0,2023-02-19T19:13:00.000000,kakao,55.2
2022-11-30T10:01:03.000000,4ccedef705fe03c2d3e6f9bd3a1864a2,15920,3960,11960,2022-11-30T10:00:32.000000,naver,0.0
2023-01-30T22:50:07.000000,e10175425bfbec267836711e4bf85388,95200,95200,0,,,
2023-11-06T15:53:49.000000,d3cbe98b8ad3e6214efce3739ffab7dc,15920,13532,2388,,,
2023-12-27T19:26:06.000000,b8f2d965387443ba2614310a46c97836,95520,95520,0,,,
2023-10-18T15:54:38.000000,221c5132883e7a751c7821f7f4882877,131600,111860,19740,2023-10-08T15:09:08.000000,kakao,10.03
2022-11-30T20:47:49.000000,45c09bbb4524b79945def4f7b541e576,15920,3960,11960,,,
2023-12-21T23:33:35.000000,8dbfcc2b5d93595de16adb64b83caf7d,95520,95520,0,2023-12-03T13:50:39.000000,naver,18.4
2023-08-29T22:03:48.000000,2467a67f3f95d4bfb477b6bf597040b3,131600,131600,0,2023-01-16T19:40:04.000000,email,225.1
2023-01-31T19:50:08.000000,76ba7199fd74bff5a20d59c4301f0b83,95200,95200,0,,,
2022-10-19T10:25:02.000000,9164684b23244f268c17c6a5ae4cbb77,42960,42960,0,2022-10-08T20:59:41.000000,kakao,10.56
2023-07-27T19:03:14.000000,fb98d4e8ad367b01e7a4c00f4c70d5c4,15920,14328,1592,,,
2023-08-07T23:07:01.000000,d769de81d17c08601a0f9bc38a80c569,15920,15920,0,2023-08-07T15:57:59.000000,kakao,0.3
2023-06-29T18:48:14.000000,9afd674b7802400929d3ed36ea65bcbc,15920,15920,0,,,
2023-01-10T19:31:29.000000,5c7bc1b701ab0cc37e1f7e10af5abc5f,83200,83200,0,,,
2023-08-31T21:25:08.000000,d5a85f0ec9d28b13800632c9ae4408e8,15920,15920,0,,,
2023-12-31T23:12:04.000000,a1eee761e37146c3d5806002fb98214a,95520,95520,0,,,
2023-08-09T23:33:50.000000,d8923dd42de9d61f9d54f9204bfc3cef,15920,14328,1592,,,
2023-01-24T23:57:07.000000,55a2f05e091213829cdaf446964f2179,91200,91200,0,,,
2023-11-30T22:50:21.000000,8899aabfc9fdb211c503c85f92ceb476,15920,15920,0,,,
2023-05-04T18:00:03.000000,293b3960d20a767282cb2ac39b82f35e,15920,15920,0,,,
2023-07-13T00:35:18.000000,a482bb3e8707ea9de2c65d70f2a1d576,15920,15920,0,,,
2022-12-28T19:28:16.000000,144b5e93dc615f20370281b7ae7ec0bf,79200,79200,0,2022-12-28T19:22:22.000000,email,0.0
2023-10-30T03:09:43.000000,ffe800abf1a0c00994b2a5b1ce68c681,15920,15920,0,,,
2023-04-09T22:00:02.000000,3dc0eedf914e69fc1cdb351dd8176c91,15920,15920,0,,,
2023-01-03T21:13:39.000000,9efb2193d640a8bfaebd0b16de142fa9,83200,83200,0,2023-01-03T21:06:54.000000,email,0.0
2023-05-15T21:55:11.000000,b0237ee1c8fa0aaf7408a0d95729131b,15920,15920,0,,,
2023-04-17T08:03:05.000000,d15c5972b231f1431c65a8ba44a92ed2,15920,15920,0,,,
2023-01-15T06:30:34.000000,f80a788cc883e6a032e913f7f86bb5f4,87200,87200,0,,,
2022-12-21T06:15:50.000000,45839d12e77a3a1beadedd8ec81622ed,79200,79200,0,,,
2023-01-04T13:38:29.000000,f3674ef5522a5cfb5fd12d166f4035de,83200,83200,0,,,
2023-01-10T18:16:33.000000,d3757f3a8a67695d69ae7f4f7ced7cf1,83200,83200,0,2023-01-10T18:13:59.000000,email,0.0
2023-11-15T11:32:31.000000,89c8956633cf720f78c026d127408328,15920,15920,0,,,
2023-01-10T22:58:05.000000,f24dae213a1ff42e397730920b9cd679,83200,83200,0,,,
2023-08-14T13:14:58.000000,6684c1e65487a6a66fa8563c76b7339f,15920,15920,0,,,
2023-12-18T16:01:08.000000,c7d20a137dd9f96a65a41b884aabf314,95520,95520,0,,,
2022-11-18T15:16:52.000000,02307af5ff625cdce2ed4ae462752ab4,15920,3960,11960,,,
2022-11-14T21:30:52.000000,332940e4ee65da6fa2fb4d4cca9cd0fb,15920,3960,11960,,,
2023-01-10T23:49:20.000000,db63522b02cd08584e5e1df2836b21cc,83200,83200,0,,,
2023-03-22T10:50:02.000000,983583f7fb54f46786cc1dea9e56656d,15920,15920,0,,,
2023-02-26T02:05:02.000000,2708a277b87f8952d369f1c34ed80cc7,15920,15920,0,2023-01-24T11:27:10.000000,google,32.61
2023-09-23T13:02:25.000000,5ad6d7b8cedcffb744f01c368a6fe6ac,15920,15920,0,,,
2023-06-21T21:18:43.000000,912fb2379f3fd4a22a3890783760e47c,15920,15920,0,,,
2023-12-22T20:50:18.000000,6cc907b8b9edca374658ede5c1d263a1,95520,95520,0,,,
2023-02-25T22:22:46.000000,c3dd90767ac32118b5a26755f11c33d7,15920,15920,0,,,
2023-01-07T14:31:40.000000,6bb7ae7167b65868f5d33ad6b1c63b58,83200,83200,0,,,
2022-12-21T16:48:45.000000,2c60ced00334dc1432cfb2a1f99b80e3,79200,79200,0,2022-12-21T16:47:10.000000,kakao,0.0
2023-11-10T21:21:38.000000,fb3a9ac874a2d7c0128e763679d30a60,15920,15920,0,,,
2023-03-22T15:30:02.000000,ff9bb243eff83d84e2cb289ff629aba8,15920,15920,0,2023-03-13T20:32:40.000000,kakao,8.79
2022-12-30T16:08:25.000000,f4e6e8d1e28040774b943d19ee2d0e1b,79200,79200,0,,,
2022-12-19T22:22:09.000000,f3ba7a33debbdcf95d5618da200acdc5,79200,79200,0,,,
2023-08-30T11:01:43.000000,7e80c03f8ae03cc243eb11474eedefe2,15920,15920,0,,,
2023-09-11T22:09:38.000000,25657543bba5dda34a4359f3f5f3ff4d,15920,15920,0,,,
2023-02-16T10:09:50.000000,ebaf841cd817ad2462b0b9d382a9a003,131600,131600,0,,,
2023-06-28T19:37:55.000000,ee42f436a12de8b1332af51d9f2d9b02,15920,14328,1592,,,
2023-07-18T16:13:54.000000,c79daf275c864f28f21e28e27b186925,15920,15920,0,,,
2023-05-12T11:22:29.000000,e1339a7c6e8da0283dc03e30f4bf233d,15920,15920,0,2023-05-12T08:51:40.000000,kakao,0.1
2023-01-17T07:09:41.000000,8ffb3c0bc9b00ea048dad19a2a07ca15,87200,87200,0,,,
2023-02-18T00:15:01.000000,09033e0eca63eb18eb0497aed31f61f6,15920,15920,0,2023-02-11T00:02:34.000000,google,7.01
2023-03-19T21:51:28.000000,1ca453081912da2d5b42f5f9c9a4cbda,15920,15920,0,,,
2022-12-13T09:36:08.000000,171da9b75eacf0b4bdf945d267b90dec,79200,79200,0,,,
2022-12-26T17:25:01.000000,29ca1a80dc98d54321127826450582e2,15920,15920,0,,,
2023-07-27T19:47:55.000000,571d0e91436f8cc5d64079a018597f69,15920,14328,1592,,,
2022-12-20T17:16:22.000000,1085d5337cd2dd18e69b73fc2254cb87,79200,79200,0,,,
2023-11-16T20:46:42.000000,ab9cb7cab2e1cdaeabdb18ae89ebd210,15920,15920,0,,,
2022-11-24T15:31:25.000000,33e0e1cac4ddec9b11e72eccad9b42cb,15920,3960,11960,,,
2022-12-27T09:31:46.000000,067efb54922f9718f7c01c5ba896b68a,79200,79200,0,,,
2022-11-30T23:02:37.000000,bb50f1134e65a8ec0730af323c3dd952,15920,3960,11960,,,
2022-12-04T20:33:12.000000,a4bff54f8f26165715078dd240862785,79200,79200,0,,,
2022-09-06T16:40:02.000000,2bdb28c711b7d35106ff2712bab60f69,42960,42960,0,,,
2022-12-30T01:54:19.000000,c97f3c01261904c870bab0e8e8021e35,79200,79200,0,,,
2023-04-19T22:45:03.000000,ea7ab8844c70a91f606e8acf82805d5c,15920,15920,0,2023-04-12T01:25:32.000000,kakao,7.89
2023-04-16T12:35:02.000000,756768efd011123b263fa26d8b42a609,15920,15920,0,,,
2023-11-25T12:24:18.000000,1fe3a12353fb1ac124ab44f13b2546a6,15920,13532,2388,,,
2023-07-30T00:04:41.000000,e258880d96abeb49fbdfce023c41eeb1,15920,15920,0,,,
2023-07-06T13:26:35.000000,7f7ea3e21faf21c6b900330f527775b3,15920,15920,0,,,
2023-06-25T21:51:34.000000,a631dd246a1190b93fb5853981cdd139,15920,15920,0,,,
2023-01-09T00:25:29.000000,2b42d0a182a380edffe47cd349d3b498,83200,83200,0,,,
2022-12-28T23:46:31.000000,db7122d3c040f18f94744972d8363d78,79200,79200,0,,,
2022-12-20T23:24:11.000000,49aab02f45346724ec2395a0ad56289e,79200,79200,0,,,
2023-06-27T14:52:22.000000,dad01e95bb52cff98c7f98d3017a0588,15920,15920,0,,,
2023-11-25T21:03:11.000000,32cbddd3c7a7b076c3476d3afb69d702,15920,15920,0,,,
2023-07-02T09:19:11.000000,b23696ad5c8cdd82848cbd93c6bec48c,15920,15920,0,2023-06-30T10:23:33.000000,email,1.96
2023-12-14T16:09:29.000000,27f0e43e842273020158884996a0b816,95520,95520,0,,,
2023-04-29T20:40:02.000000,b71d826ee09c0577b7a73556e143c8c3,131600,131600,0,,,
2022-11-17T21:27:33.000000,13e479a0cbe7e946cf1ce2a4b3421bb1,15920,3960,11960,,,
2023-06-21T21:20:18.000000,6064a7545e6b8d31014749dc56ae1937,15920,15920,0,2023-06-12T22:45:00.000000,kakao,8.94
2023-12-12T21:02:58.000000,3eb9b11d50aa8ab791b274f369ed41f2,95520,95520,0,,,
2023-11-10T18:18:39.000000,23e40d10333fff58244392b338f1d020,131600,131600,0,,,
2023-01-17T16:50:49.000000,8c3af44b7514005d69be5906e1980338,87200,87200,0,,,
2023-08-19T03:03:01.000000,215fa2a8b72a6cfce67829fe117c4a73,15920,15920,0,,,
2022-11-30T11:18:54.000000,532ed3bbfbe9db03276e73f6166fa8a9,15920,3960,11960,2022-11-30T11:17:27.000000,kakao,0.0
2023-11-26T12:09:34.000000,7c46c2a7dbaa983fe9219b9a53701d0d,15920,15920,0,,,
2023-01-10T20:54:31.000000,42a6a3019cb3e3be08ac4cce8d1b5513,83200,83200,0,,,
2023-01-24T12:55:14.000000,fa3fe258ce5a884b3f2f59396a5d51a4,91200,91200,0,,,
2022-11-29T19:09:35.000000,dcdddbc8699fd50e48b8250f8d6523f4,15920,3960,11960,2022-11-29T19:00:27.000000,kakao,0.01
2023-06-11T21:06:37.000000,0d8d48babb88dccd7ffcf0d0e0b84e90,15920,15920,0,,,
2022-09-13T14:25:02.000000,793cb73b17c3d7e166d2201bece20ca5,15920,15920,0,2022-09-06T13:58:17.000000,kakao,7.02
2023-11-20T14:56:29.000000,411b3c212217cccd07bc5f565dfd7def,15920,13532,2388,2023-11-17T18:31:07.000000,email,2.85
2023-12-22T15:38:19.000000,8c6d5ec732f1ca03ea234c701b858c54,95520,95520,0,,,
2023-10-20T00:06:20.000000,e0f927fa509c6fcc933212ee128b8885,15920,15920,0,,,
2023-11-14T23:27:11.000000,62b7b71a9a366238c550379b1499efa9,131600,118440,13160,,,
2023-01-31T18:04:09.000000,9d0018174299c18ce33b0dbb9645e125,95200,95200,0,,,
2023-01-24T22:41:32.000000,f4f8df9c7216e6cbc2fd47f89394d8fc,91200,91200,0,,,
2023-01-27T21:06:10.000000,09800b6b6aee3358e2a1ce116ecfcb05,95200,95200,0,,,
2023-05-09T09:04:19.000000,a3024a5ba3396f043e5c910b238e6611,15920,15920,0,,,
2023-01-03T22:21:59.000000,88687d6f0a26570b8cb7162b61b83cd9,83200,83200,0,,,
2023-08-20T01:16:49.000000,4b73cfff92784f54ee1d719d2e548550,15920,15920,0,,,
2023-06-17T19:15:16.000000,9084bc6e73da44be26c5856a641b0fab,15920,15920,0,2023-06-16T00:18:29.000000,kakao,1.79
2023-09-05T12:53:04.000000,248c7e7c8926ea64a6095c37a09c9fc8,15920,15920,0,,,
2023-11-19T15:53:59.000000,c3a9593c03a4e26e853745782c3a866c,131600,111860,19740,2023-11-18T21:24:33.000000,kakao,0.77
2022-11-23T10:18:15.000000,8fe45ff415000c6c758cb0427e661163,15920,3960,11960,,,
2023-06-27T16:28:40.000000,d66fa40659a56e453a14d679d4813ba1,15920,15920,0,2023-06-27T14:35:08.000000,kakao,0.08
2023-11-25T11:06:21.000000,8daebf8cd76e6a6ec79049d11bf798b9,15920,15920,0,,,
2023-04-27T23:20:02.000000,f2a4b8748dbc7539b66a986b3ef8526f,15920,15920,0,,,
2022-12-20T20:50:30.000000,c1d3f8cc643fc1439c1b5a292f45634c,79200,79200,0,,,
2022-12-16T22:30:07.000000,f040dabab47ac4ed3a3ccfde946143d6,79200,79200,0,,,
2023-12-29T23:07:39.000000,6a358e9bea934a6aa4ea7c65044dcc6d,95520,95520,0,,,
2023-07-05T14:44:30.000000,ccdd6a25b21702fe8cdcc26f9643ac83,131600,131600,0,,,
2023-01-24T21:02:26.000000,f39b2702ceaf6a6c16ff57583d6d52a0,91200,91200,0,,,
2023-06-09T22:09:04.000000,5b9c12bf5397e57699198308eddb2d49,15920,15920,0,,,
2023-05-05T16:19:44.000000,8f74ecc8bbf470aec3190e8628a188ee,131600,131600,0,,,
2022-11-12T02:10:02.000000,08e0a0b1e7ae39f10cba93cfbfec6ec1,15920,15920,0,2022-11-05T02:02:09.000000,email,7.01
2022-11-22T13:23:49.000000,422482b459f9b68b0f3ffeffb97b4091,15920,3960,11960,,,
2023-06-13T17:27:02.000000,2a8cf1a812e5f587ba791614bbc88cdb,15920,15920,0,,,
2022-12-31T11:50:37.000000,1c52e5cf3b8a127644f43629fb6fc95a,79200,79200,0,,,
2022-12-28T11:58:06.000000,e8146ecff5dbbc6f0ca8d9fbab9abb0a,79200,79200,0,,,
2023-06-23T18:31:16.000000,dc76003faeb0f0c0e145de47047567d2,15920,15920,0,,,
2023-02-18T20:23:12.000000,bca1978a74b91d6555123729a5743e5d,15920,15920,0,,,
2022-11-14T17:31:33.000000,86f949c1a404de87f035edebb7e2e960,15920,3960,11960,,,
2022-11-18T10:10:43.000000,37ae43fd533eb3d35ade4080ce14c275,15920,3960,11960,2022-11-02T21:13:05.000000,kakao,15.54
2023-10-15T19:23:04.000000,ca0ecd24c1cddaf56f53e51e288d7db5,15920,13532,2388,,,
2023-01-19T14:11:56.000000,0f45ffdbd47f7e4b62abfe5db882b5b4,91200,91200,0,,,
2023-12-21T10:24:02.000000,cbbbd28342e771d09eb146cf193215ed,95520,95520,0,2023-12-20T18:17:28.000000,kakao,0.67
2023-11-01T20:52:31.000000,2b5ba321f2f75acd3f75e5a13d7fbc2c,15920,15920,0,,,
2023-09-18T20:19:28.000000,e3f7cf1832ebfbf85114c6c87651c888,15920,14328,1592,,,
2023-11-10T14:09:30.000000,535420f4321ac243f1107e1086dde210,15920,15920,0,,,
2023-08-07T16:42:29.000000,837e9227de13cb23a7fc0240bc74eefe,15920,15920,0,,,
2023-11-05T00:17:07.000000,4eb789436ded1e902350ad836a9a2ed3,15920,15920,0,,,
2023-07-15T01:05:28.000000,f1f05bb35015ba74e3b7e14d319a9027,15920,15920,0,,,
2022-11-25T10:46:28.000000,cb78c91f3aad141534ac99593ca110a6,15920,3960,11960,,,
2022-11-28T22:16:32.000000,de3db43ef21abee4cd5a77bfab5d3cfb,15920,3960,11960,,,
2023-05-17T11:11:39.000000,e1d4c708cfeafe7513235d16a7d58067,15920,15920,0,,,
2023-06-29T10:24:33.000000,222594a1e7fd92ed207965f36ad46ed1,15920,15920,0,,,
2023-06-28T10:55:25.000000,9bfba4633e671445dd06accc652939cc,15920,15920,0,,,
2022-12-31T20:30:08.000000,88056f347ae94df5c6d6b87e60ea21ff,79200,79200,0,,,
2022-12-31T19:06:38.000000,09478de691399e67c81ee8df54daae75,79200,79200,0,,,
2023-02-26T10:30:02.000000,cc0abd4b125d7bfc3e89417fa45de7c6,15920,15920,0,,,
2023-11-01T13:19:01.000000,1f6cc7c2eed8a030641edaaf067b13ed,15920,13532,2388,2023-11-01T12:11:41.000000,kakao,0.05
2023-06-26T15:07:19.000000,0477c787e8441b3f64c3ca623797f9f2,15920,15920,0,,,
2023-01-10T23:24:43.000000,f912d3659e8b44057672b70dd49fc1e5,83200,83200,0,,,
2023-08-28T10:43:36.000000,285ea3ee6eab2ae420385fa2d8fcfd5e,131600,131600,0,,,
2023-07-04T23:27:16.000000,6d383efb33f1146652c4e69fbaf1c41e,15920,14328,1592,,,
2023-11-06T18:33:44.000000,4caec6ab9b88d692d23f095abb910100,15920,15920,0,,,
2023-01-26T17:11:08.000000,89b4b6ed27e9c3cf5436adfd1ffb43ba,95200,95200,0,,,
2023-09-06T23:32:45.000000,2c0cc5edc663273b065b419fdbb472a5,15920,15920,0,,,
2023-05-17T16:19:35.000000,06f913b83e125e7efb97f8dee28cb3a4,15920,15920,0,,,
2023-06-14T22:20:20.000000,f4f5705d54afa4c887af86ece3e7657b,15920,15920,0,,,
2022-09-25T23:55:03.000000,8461d11ef967e70afa028a2bef8409e3,15920,12736,3184,,,
2023-08-30T06:18:51.000000,d47e9af7acd0fb212ce2d3be4fd89435,15920,15920,0,,,
2023-07-31T23:49:38.000000,5375ac9aa6dfacc7d50c64c36adb4082,15920,15920,0,,,
2023-01-10T21:38:46.000000,689259b7b793861cdc4e7ac252a0aded,83200,83200,0,2023-01-10T21:34:51.000000,google,0.0
2022-11-30T18:09:24.000000,b32eb019dd078c931f3ed8098c9e4615,15920,3960,11960,,,
2022-11-28T13:17:12.000000,7319f8da12fb3c34217c8492ba81de81,15920,3960,11960,,,
2022-11-22T23:44:27.000000,82073b8a867caa561a765ecfce1e0ebe,15920,3960,11960,2022-11-22T23:43:29.000000,kakao,0.0
2023-12-16T15:01:50.000000,63dbc8fe3a58b57a041592b7741913a8,95520,95520,0,2023-11-20T20:08:15.000000,kakao,25.79
2022-09-01T12:55:01.000000,6d2b7488a14afa40b783d03262cbc0fb,15920,15920,0,,,
2023-01-22T13:25:04.000000,4473092d9ec0714a2ab8cf1d7b8efa3f,91200,91200,0,,,
2022-12-08T20:50:16.000000,c9a887d721bc685b9781bd748b271b57,79200,79200,0,2022-12-08T20:48:38.000000,google,0.0
2022-12-20T19:11:06.000000,aa8e39e499026cb0441edfe75c61cf8d,79200,79200,0,2022-12-20T18:52:21.000000,email,0.01
2022-12-25T10:49:39.000000,d747e537535064347ed3df6baa30ad6d,79200,79200,0,,,
2023-07-04T14:48:46.000000,090df0dca451d8f68c14e12068c491bc,15920,15920,0,,,
2023-12-21T00:13:46.000000,d061491b32be94dc27e3a82dcc017d70,95520,95520,0,,,
2023-01-09T22:57:39.000000,e890f5466a1a9fafb6ab3f76d2cd6fb4,83200,83200,0,,,
2022-12-20T14:25:45.000000,c1d733d25c7242890797d40c53b702c8,79200,79200,0,,,
2023-06-07T16:36:00.000000,4200ea473641f21e426e656c8a0fea64,15920,15920,0,,,
2023-01-24T15:01:06.000000,42213cb7fca262c546442b8a53e49fd9,91200,91200,0,,,
2022-11-26T11:51:45.000000,10732f6a730fcf08121b6e2ba3ce2ae6,15920,3960,11960,,,
2022-11-30T12:44:44.000000,dfcb6ec39d42f03afdbfa992d6bd886a,15920,3960,11960,,,
2023-06-29T00:01:54.000000,0d8eb483a1ca027df108a9f50da7ebfc,15920,15920,0,2023-06-28T23:51:38.000000,kakao,0.01
2022-12-28T07:34:17.000000,d0d0eb234ac8861e9c23d35738779cb7,79200,79200,0,2022-12-28T06:21:39.000000,naver,0.05
2022-11-07T10:05:02.000000,cce0df604ddcc72ac801d6da7d49ec65,15920,15920,0,2022-09-20T21:52:35.000000,naver,47.51
2023-01-09T20:42:06.000000,658b9b11b99096f0875b8cc079b862ad,83200,83200,0,2023-01-09T20:35:32.000000,kakao,0.0
2023-06-30T20:23:45.000000,d27b652305808630f562125bea43c64c,15920,15920,0,2023-02-07T19:37:36.000000,kakao,143.03
2023-05-04T11:26:56.000000,de2959ebc9c7552b974a5ac8772a6ca6,15920,15920,0,,,
2023-01-06T20:48:42.000000,1516b954f0c27800d106604a60544192,83200,83200,0,,,
2023-01-31T22:49:24.000000,5add3a7e820c7cf4b4fab7af9aa47e22,95200,95200,0,,,
2022-11-30T10:13:17.000000,c37122cae3f946d16a0d7f0883fc9c65,15920,3960,11960,2022-11-30T10:06:04.000000,kakao,0.01
2022-12-26T01:08:35.000000,bd77d2d50c86b792593e913ee9110a07,79200,79200,0,,,
2022-12-04T10:58:42.000000,43c4d39227d02913fb4511ee7eaa242e,79200,79200,0,2022-11-28T15:07:07.000000,email,5.83
2022-12-22T17:29:19.000000,6197cb29b00ba558819193f3ba0f4108,79200,79200,0,,,
2022-12-28T19:02:51.000000,a384d33b3188c8098fbd22ac3ef747cc,79200,79200,0,2022-12-28T19:00:17.000000,email,0.0
2023-06-23T12:07:09.000000,b548bb99fb4f4f4324e68ddf6eb3ec07,15920,15920,0,2023-06-23T12:04:15.000000,kakao,0.0
2022-10-28T12:40:03.000000,d42fcd3dfb4248eee0fcad15c0babfff,15920,15920,0,,,
2023-09-12T11:12:56.000000,0e3b1aae65304a62fa11b1680d797d13,15920,13532,2388,,,
2022-11-27T19:34:26.000000,8f5137b3d28ea88aae6ccc6611a31914,15920,3960,11960,,,
2023-03-21T17:37:53.000000,8d69ae7a0ed63fa3f18ac39f38bd0134,131600,131600,0,,,
2023-08-04T18:47:15.000000,99e74c5339ed7ba5b7e304d90b4fb238,15920,15920,0,,,
2023-07-17T09:02:57.000000,ebbec52395bfc4ee0a0534feea4135da,15920,15920,0,2023-04-20T22:33:36.000000,kakao,87.44
2023-12-22T20:58:52.000000,88861558e0ba693470ef5a0a5b15fcd7,95520,95520,0,2023-12-22T20:39:02.000000,kakao,0.01
2023-01-08T11:57:08.000000,8dab565b9af65eb67d2454b1ce1a5817,83200,83200,0,2023-01-04T06:47:24.000000,kakao,4.22
2023-04-09T10:45:02.000000,3974fa1b7fe5a1965638febef655bbc8,15920,15920,0,2023-04-02T08:39:26.000000,kakao,7.09
2022-12-28T21:54:53.000000,6057b287d80741c58f264baf7f1a6b21,79200,79200,0,2022-12-28T21:31:42.000000,kakao,0.02
2023-04-11T09:40:02.000000,dfa42426f0272b7090dd401f6a4b23f6,15920,15920,0,2023-04-04T08:50:54.000000,kakao,7.03
2022-11-30T01:43:38.000000,8603028a89dea10dbc72345ac385ceb2,15920,3960,11960,,,
2022-11-28T14:03:32.000000,3e1d7e854393e7d5476d16a5ad69ad06,15920,3960,11960,,,
2022-11-29T22:04:28.000000,e90b3851079fb3dc3e21a1b202a21cac,15920,3960,11960,,,
2022-09-18T22:50:02.000000,8f78ad61526498daf5a5cc0a4fcd5596,15920,15920,0,,,
2022-12-10T00:54:10.000000,24c188b3102aed98903c7a4080d022c5,79200,79200,0,,,
2022-11-21T11:50:18.000000,4e8ccaf69d7cf67e131edba08d0de817,15920,3960,11960,2022-11-21T11:49:23.000000,google,0.0
2023-09-06T23:52:00.000000,fe3cbd89518b8b210cb5d8cc61fb4a5c,15920,15920,0,,,
2023-02-17T17:50:02.000000,4dda1c516dd15ace709d24b3740a55d2,15920,15920,0,,,
2022-12-30T14:53:25.000000,729ddad7c2c85e90059b2c107e791e2a,79200,79200,0,,,
2023-03-17T17:55:02.000000,98317a5b20dee4f636286a8666b0db55,131600,131600,0,2023-03-10T13:56:12.000000,kakao,7.17
2023-12-11T22:14:59.000000,3a0a7675f7b54b00443ef75bcef6ed0f,95520,95520,0,,,
2023-12-25T12:38:23.000000,d7292d520fb03cce7de8c7589ae46faa,95520,95520,0,,,
2023-09-17T14:54:25.000000,e96c2359f283266807047b9e20ed324a,131600,111860,19740,,,
2023-09-30T19:21:20.000000,3435cea0a70eb60fa28f76231fe14704,131600,118440,13160,,,
2023-08-04T02:10:59.000000,32b6b5cc860f36c85bdfc35eac15bfa2,15920,15920,0,,,
2023-04-10T00:55:02.000000,627e75d7e284863289014c5970539e29,131600,131600,0,2022-12-09T07:53:50.000000,kakao,121.71
2022-11-30T14:38:40.000000,d379ad04d4292504087b318c0f7b0d70,15920,3960,11960,2022-11-30T14:37:24.000000,google,0.0
2023-12-27T11:56:42.000000,4777caf7656066980bcc50d8243590fe,95520,95520,0,,,
2023-01-08T21:40:33.000000,a6e83e96e630a78c882a81d3f9fee619,83200,83200,0,2022-12-28T22:33:58.000000,kakao,10.96
2023-01-17T09:04:48.000000,a9968f8387537ad3617d8d7dfd3edb13,87200,87200,0,,,
2023-07-29T13:01:24.000000,b901d27a85f6e98a4938be3f8e70bc80,15920,15920,0,,,
2023-04-20T19:45:02.000000,99be1eaecf681fb0127268ec793a5daa,131600,131600,0,,,
2022-09-19T19:50:02.000000,61105c3a0f1aa71271cbfbdeeb6decb4,15920,15920,0,,,
2022-12-20T22:25:10.000000,fe4dbbd1149981b987084d2e894fe5f1,79200,79200,0,,,
2023-08-16T15:07:48.000000,7613f6d7ec63dac5f23f507b1d3354f1,15920,15920,0,2023-08-06T12:42:37.000000,kakao,10.1
2023-08-18T13:34:28.000000,feb2861037f5bb189cc501d05e4126a2,15920,15920,0,,,
2023-01-21T20:33:08.000000,77b058be31385e389b57362a9085c6b0,91200,91200,0,2023-01-21T01:48:00.000000,kakao,0.78
2023-12-05T19:51:06.000000,545c294877e9b2e6253250b2224b02f4,15920,15920,0,,,
2022-12-31T09:27:28.000000,87f9af4e322229706b5754a4e8d4349b,79200,79200,0,,,
2023-09-09T21:02:19.000000,6e09552fcd0a0a2a3c4c349a1fece629,15920,13532,2388,2023-08-30T04:02:05.000000,kakao,10.71
2023-12-10T19:55:27.000000,56f17f0692ac016ab40f8934180b6049,131600,118440,13160,,,
2022-11-30T01:54:40.000000,26860560e7d6811cb54cf36194c4513a,15920,3960,11960,2022-11-30T01:52:09.000000,kakao,0.0
2022-12-20T10:26:10.000000,f935e59a388ec8ef0a3d0f58aa9f1e79,79200,79200,0,,,
2022-10-26T11:55:02.000000,42033500e15cdbbccf730ca2c4937353,15920,15920,0,,,
2022-12-07T07:32:16.000000,e1e2dbceab13563acae2334e53dbefc9,79200,79200,0,,,
2023-09-03T19:35:50.000000,44e5873015d23f4a4dce31737f7c6b25,15920,13532,2388,,,
2023-09-27T22:30:38.000000,95766bd0598f190af073c1ed194e22f6,15920,13532,2388,,,
2023-07-22T17:44:15.000000,db9df2f42dc11f4b4e5c15ff8bcb9c9d,15920,15920,0,2022-11-04T19:58:03.000000,email,259.91
2023-05-06T00:04:00.000000,e017e5a5523d89817453a267315deed7,15920,15920,0,2023-05-03T08:59:24.000000,naver,2.63
2023-01-12T16:06:47.000000,334ef2fa334a2e04ddf9b55e4889cf06,87200,87200,0,,,
2023-12-04T14:28:32.000000,eb9dee22208688b83320285a6c56cf72,15920,15920,0,,,
2022-10-11T19:55:01.000000,78f16b9382b1eb344aac3323d46c439b,42960,42960,0,,,
2022-09-08T09:30:02.000000,3b8a0883bae8f2fef6e4a84827635c12,15920,15920,0,,,
2022-11-30T23:15:21.000000,071bbad1cd78dfc94872e832a3fc055e,15920,3960,11960,2022-11-30T23:14:43.000000,kakao,0.0
2023-05-07T23:20:21.000000,1d6286d1f8a713d5bba61ee6dd489e14,131600,131600,0,,,
2022-11-23T15:37:35.000000,0d9681b46e9120e763e6af5febaa4606,15920,3960,11960,2022-11-23T15:35:44.000000,kakao,0.0
2023-10-11T20:34:50.000000,cf45fa3aaecf0b42f118357fd7ee865e,15920,15920,0,,,
2023-12-11T18:23:53.000000,31cdbc03835a61cb5ad78b70605a40ec,95520,95520,0,2023-12-08T22:39:07.000000,naver,2.82
2023-07-05T22:24:35.000000,513fc7b60835a98a45afe79af9a140f0,131600,131600,0,,,
2023-12-03T17:40:18.000000,bd523bfc0d54f93e0a42522087072148,15920,15920,0,,,
2023-01-31T21:09:48.000000,c80dbf0a62fdc6fd64bcab46927a82a4,95200,95200,0,,,
2023-06-25T12:12:16.000000,ca067c9f151e86aefb369a05ad5c5f39,15920,15920,0,,,
2022-11-26T13:25:22.000000,07c2c9748133a64194cb7d44a708db65,15920,3960,11960,2022-11-26T13:23:30.000000,naver,0.0
2022-10-09T15:50:01.000000,86efd8cdb01703844bed066e922fd4e6,15920,15920,0,,,
2022-09-13T16:30:02.000000,7e60c2961368824e6cbb0ddc77d2d949,131600,131600,0,,,
2022-12-26T10:15:02.000000,ee534e71b6e8cc8dbedf70ec042b012c,79200,79200,0,2022-12-26T03:31:42.000000,kakao,0.28
2022-11-27T13:47:45.000000,fa26bf66daa7b3b29ec475322f7db4ae,15920,3960,11960,,,
2023-06-25T02:41:01.000000,53ce805439a303f1741695418f5d8d5d,15920,15920,0,,,
2023-04-10T13:45:02.000000,7f1501a3e1baf7b82b658ab3327ae0df,131600,131600,0,,,
2022-09-11T17:00:03.000000,9bd2c5bb4639f36874e859facbd5faf5,15920,15920,0,,,
2023-01-05T07:21:30.000000,b92887710203b694df809ff5fe7d28de,83200,83200,0,,,
2023-09-23T21:58:37.000000,67eb204998f3cb76ebd632511cc212f1,15920,14328,1592,,,
2023-08-15T00:35:22.000000,42a12cb23df4d9699917486f4dfe0cfa,15920,15920,0,,,
2023-07-10T20:36:46.000000,ef05303070c0ddd39a0d632c2a7399e8,15920,15920,0,,,
2023-11-04T17:17:12.000000,a3e0b80c181a28c7da51760b9e314343,15920,15920,0,,,
2023-08-01T22:53:04.000000,df272d2109aa0dc3a7959992b2a75058,15920,14328,1592,2023-07-31T19:25:56.000000,kakao,1.14
2023-06-25T12:07:59.000000,809cfb2b22105e805ab078b945c482e0,15920,15920,0,2023-05-17T22:11:47.000000,kakao,38.58
2023-01-24T19:55:35.000000,12da7abc662e0f4736df6c7e537aa5c5,91200,91200,0,,,
2023-06-07T11:47:20.000000,030a2eb21741f34ee76f7f4ced3a37db,15920,15920,0,,,
2023-04-16T09:50:02.000000,dd28274eaecb54b412cf65eeabd6a730,15920,15920,0,2023-04-09T09:44:57.000000,kakao,7.0
2022-12-04T11:29:59.000000,2776828d8f76c5af913bbf7bcd5891d5,79200,79200,0,,,
2022-12-14T18:21:49.000000,653d38d33a0f3e54f2566a41d4cc2d5a,79200,79200,0,,,
2023-06-30T23:04:31.000000,dbf02b2a556d23631677602bb6386ebd,15920,14328,1592,,,
2022-11-17T20:19:15.000000,24907a95e780bbd5a0870ca76bc92194,15920,3960,11960,,,
2023-02-16T23:20:02.000000,fc43d80c202db2260a9b6c757c419c59,15920,15920,0,,,
2022-11-28T13:09:09.000000,3dd7dba9dcf5b74e8b44d2fe845c5958,15920,3960,11960,2022-11-28T13:08:21.000000,naver,0.0
2022-11-16T18:37:50.000000,6de8d1d7cad914560608339ef036fe64,15920,3960,11960,,,
2023-08-17T19:18:00.000000,f7b21f654d1c2ec6cafedbd55a6d95f1,131600,118440,13160,,,
2022-11-25T17:52:12.000000,89c7e3123d3c4ea98e586d5d6b511ab0,15920,3960,11960,,,
2022-11-30T03:02:21.000000,7aa201c94f1efe1c671462fd4c8d3c94,15920,3960,11960,,,
2023-07-23T21:06:57.000000,7e2d1af928003e29d0b8a40f96ad5d5e,15920,15920,0,,,
2023-11-10T13:44:48.000000,ade209c83e4945dc9834300403053986,15920,15920,0,,,
2023-08-29T17:51:35.000000,c3f2371091929bc54c917cab87a4289f,15920,15920,0,,,
2023-01-30T13:05:54.000000,5c44cbd2cc9748646a5cc89baab7311a,95200,95200,0,2023-01-30T13:03:55.000000,email,0.0
2023-01-12T19:00:30.000000,86e8a57a8372956993b6e009bbf147ae,87200,87200,0,,,
2022-12-31T23:45:45.000000,f5da5f17623107c7be18277488e4ba07,79200,79200,0,2022-12-31T23:14:59.000000,kakao,0.02
2023-12-05T22:39:51.000000,bfb2bd2959c6823cdc1e68b48e7121c9,15920,15920,0,,,
2023-01-20T21:39:35.000000,cce4370a3e952814af1b2a7910750b8e,91200,91200,0,,,
2022-12-31T13:35:01.000000,1a4ccdb3f680613509ba659608eb9d22,79200,79200,0,,,
2023-01-30T14:19:23.000000,a22b879558bf9486aeeefe5319a88c58,95200,95200,0,,,
2023-06-23T01:24:27.000000,2cc2f3b48e10eba2a952e56ba02ff53b,15920,15920,0,,,
2023-07-21T01:41:18.000000,24fe6dd8ae31e81775d1473d8f62a3eb,15920,15920,0,,,
2023-01-22T20:20:30.000000,c1b843f8ab6dd3b53b7ecd4e553adab6,91200,91200,0,2023-01-21T14:46:55.000000,email,1.23
2022-12-19T23:12:22.000000,cf5abe84a8f76146185efb956c9e3c14,79200,79200,0,,,
2023-06-29T16:43:10.000000,c8b51d64ec28f6a365e1d07b3cde0e90,15920,15920,0,,,
2022-11-08T16:40:02.000000,43247ed8510ec17f76017cf5bdfc268d,42960,42960,0,2022-11-01T16:35:25.000000,google,7.0
2023-07-06T14:56:43.000000,97dc9fba5d6a523ca8500de03c4ec795,15920,15920,0,,,
2023-05-08T00:00:12.000000,cea0d65cbcd9005a6a4e66b5f39aa5e7,15920,15920,0,,,
2022-12-31T16:20:34.000000,42fcf6d023ba97f8ef5612be182d8f73,79200,79200,0,,,
2023-08-13T17:27:25.000000,fd55948f00121ce5a89db063524d10bc,15920,15920,0,2023-08-13T15:07:49.000000,kakao,0.1
2023-11-23T16:06:21.000000,f485724dc27e85bb9a06ef41797aad1b,15920,15920,0,,,
2023-08-24T12:35:01.000000,36c12efe44154e79a90a3a35a0eb991e,15920,15920,0,,,
2022-11-30T23:28:36.000000,9aa0fac1e6806847d90cbea51d896f47,15920,3960,11960,2022-11-30T23:00:16.000000,email,0.02
2022-12-14T14:40:10.000000,d51dc93dc6b2209324542c79d6340baa,79200,79200,0,,,
2023-07-29T20:22:55.000000,be5e89ca1109dd3a6e297a4257782aab,15920,15920,0,,,
2023-07-07T19:04:18.000000,7d688567ac0760e91670f682f4b5b24b,131600,118440,13160,,,
2023-05-04T16:25:02.000000,4781575fda3a7c7d433782742994f459,131600,131600,0,2023-04-27T16:16:22.000000,kakao,7.01
2023-01-09T09:30:45.000000,cbd6b4f6db207ea59a390ecf0d4d40a9,83200,83200,0,2023-01-09T09:29:02.000000,naver,0.0
2023-10-12T15:06:30.000000,1e9f1cdfdb1624b66b2b1a33401fa4e0,15920,15920,0,2023-10-01T16:23:19.000000,kakao,10.95
2023-03-25T15:55:02.000000,44400adcbd387a97b7a18aa6bdb9600f,131600,131600,0,,,
2023-07-19T17:08:30.000000,c8c73c60918d6deb3a4d0b2ac8b6c04e,15920,15920,0,,,
2023-12-29T16:06:06.000000,888056443124baac6ea39b3c1b7e3d3b,95520,95520,0,,,
2023-01-17T10:09:34.000000,b8cf922a101527a01719aa26d2f84e9a,87200,87200,0,2023-01-15T08:50:48.000000,kakao,2.05
2023-06-22T22:33:17.000000,899173847e4e06a673364d7a574017e3,15920,15920,0,,,
2022-12-18T16:42:01.000000,b130e1a49218e6d17550468e3344803d,79200,79200,0,,,
2023-02-16T20:35:01.000000,4f27cf5b1f781dd70ac5f87de10c2b25,15920,15920,0,,,
2023-01-31T20:58:01.000000,954503959e9964f33e74c0566e476136,95200,95200,0,2023-01-31T14:40:41.000000,google,0.26
2022-11-17T20:48:11.000000,fd89b1c6af25cc24a6aaf04a9e9318bf,15920,3960,11960,,,
2023-12-31T23:25:29.000000,1371ee7b7dcdf3174176c7a7f0379463,95520,95520,0,2023-10-30T11:58:03.000000,email,62.48
2023-02-16T23:25:02.000000,66a9fb9babecd45ad11e5e6a356ad0f4,15920,15920,0,,,
2022-11-30T13:57:45.000000,5d60466d1c3ecebe161058ae4bd1a000,15920,3960,11960,,,
2023-09-22T07:26:04.000000,b557161e672063a477992ca2edba2084,15920,13532,2388,2023-09-22T07:25:38.000000,email,0.0
2022-12-04T13:09:14.000000,e86781702a381b66b4347df9a1f05b00,79200,79200,0,,,
2022-11-20T11:05:20.000000,f752caf9902a92cefc80989b1ab8c64f,15920,3960,11960,2022-11-20T11:00:57.000000,google,0.0
2022-12-20T19:13:18.000000,f03fa5fef88ec0e1affe389b8323b0f3,79200,79200,0,2022-12-20T19:11:11.000000,kakao,0.0
2022-12-31T20:45:29.000000,c8b91b72f52a5860366df81698557190,79200,79200,0,,,
2023-09-04T10:37:33.000000,465d90f3d6800c6634a0f1dee4c0cab5,15920,15920,0,,,
2023-06-24T20:14:26.000000,4f2606037f3e32bbff579be6981949e2,15920,15920,0,2023-05-09T20:53:08.000000,kakao,45.97
2023-08-07T13:18:03.000000,df704c2b8e613d0896a609a5ec1174af,15920,15920,0,2022-11-14T20:10:39.000000,kakao,265.71
2023-08-17T15:24:32.000000,413d0c13f8eea54e43a792a0e1e8aafa,131600,131600,0,,,
2023-01-06T16:57:23.000000,f14c21819b601b71a116eb6d9edeeead,83200,83200,0,,,
2023-11-08T21:08:50.000000,a5467f4f3f0b968e1b50a9fb87f09757,15920,13532,2388,2023-11-06T20:22:19.000000,email,2.03
2023-11-10T11:41:46.000000,c4ce8f94876c283438219939756d535c,15920,14328,1592,,,
2022-12-23T17:18:44.000000,9f7bc04f8089db6be6d10cb2f3bd0641,79200,79200,0,,,
2023-08-25T16:56:45.000000,0ac6282c8711e485ee88a9a3ff47f738,131600,131600,0,,,
2023-06-25T21:48:20.000000,ceeb230a41dc65387da437d27838fa56,15920,15920,0,,,
2023-07-25T15:08:11.000000,30e4f54a8fca3811ac3801289ab84b29,15920,15920,0,2023-06-22T22:16:43.000000,kakao,32.7
2022-12-04T21:23:27.000000,48b193b9232017c4454ad0dee07c75bf,79200,79200,0,,,
2023-01-22T12:35:18.000000,77b058be31385e389b57362a9085c6b0,91200,91200,0,2023-01-21T01:48:00.000000,kakao,1.45
2023-06-19T19:11:08.000000,7fec9229a078da8a03d8d7219adc534f,15920,15920,0,,,
2022-11-28T11:17:05.000000,f13c6bc9a83bde8596f5e98d03eb7b3c,15920,3960,11960,,,
2023-01-05T17:06:08.000000,ddc2f0db57e94ecb631c235df0b4ba7b,83200,83200,0,2022-12-20T20:41:20.000000,kakao,15.85
2023-11-01T23:54:13.000000,0d7c95b9461c2dc6731e329e7baf458f,15920,14328,1592,,,
2022-11-10T11:55:02.000000,2e1c2751370b7135f1e4ca6064f0e72b,15920,15920,0,,,
2023-01-30T23:11:03.000000,22e9d62ceb04230369047332d396334e,95200,95200,0,,,
2023-01-24T10:07:17.000000,7d99fdd1d50b6511ceff3599604c35f7,91200,91200,0,,,
2022-12-15T18:56:20.000000,4df798090ee2831f81ea5c60dfa15ad3,79200,79200,0,2022-10-12T11:44:33.000000,naver,64.3
2023-07-17T18:11:10.000000,98545006e1d984ab375b7eb686247c3a,15920,15920,0,2023-07-14T14:34:16.000000,naver,3.15
2023-07-22T15:34:15.000000,67d5cd8318101261cba9ea2d2e870a85,15920,15920,0,2023-07-21T22:52:13.000000,google,0.7
2023-07-18T04:15:07.000000,f8b4e8657554b37d2ec864e44b29c0fa,15920,15920,0,2023-07-18T03:35:37.000000,kakao,0.03
2023-12-01T14:53:00.000000,8cfaecc583e9e7eb99109dce99e8d1b9,15920,15920,0,,,
2023-12-15T10:28:53.000000,575442c7aa15d42c7c5ea0e1589c9111,95520,95520,0,,,
2022-11-28T03:29:07.000000,78160a60ad6a94a84773080d4f1fcfe3,15920,3960,11960,,,
2022-12-30T13:10:12.000000,eb60bf83f0d8511c8ed940f42e3735f6,79200,79200,0,,,
2022-11-25T21:08:34.000000,5258d961eaa2e4fb140d7014a1b46315,15920,3960,11960,,,
2023-07-18T21:39:39.000000,570e1946a010e54ccbc390d35308f71f,15920,15920,0,,,
2022-12-12T09:06:30.000000,357b10ba252c9167acc959f3ee4e2924,79200,79200,0,,,
2022-11-19T03:55:00.000000,68ca2c3596cba8dae5dd7c24dd570891,15920,3960,11960,2022-11-19T03:53:46.000000,kakao,0.0
2022-12-16T00:10:55.000000,3ce5caf383fe3eba59f75fb866cb6eb0,79200,79200,0,,,
2023-01-01T21:33:08.000000,6043422fa8caffb2c3c48275c902b385,83200,83200,0,,,
2023-01-05T18:17:56.000000,38f5ebed3bd480d62bc350bdfc87e66b,83200,83200,0,,,
2023-08-14T12:25:36.000000,0dfd9866c11c53cbe2cecc79cc6d89c4,15920,15920,0,2023-08-08T11:31:44.000000,kakao,6.04
2023-02-16T21:40:02.000000,3b5e1cac5b71e1fe1bada71a98ff8a3e,131600,131600,0,,,
2023-11-09T03:09:35.000000,1183896e6b978f424725418b3fd2ca1e,15920,15920,0,,,
2022-11-17T19:15:03.000000,c2e1af7d003aa86de7d11cc30bb5ee5d,15920,15920,0,,,
2022-12-31T01:33:28.000000,e3063906d823a95167bffa1286cbc067,79200,79200,0,2022-12-30T06:53:33.000000,kakao,0.78
2023-12-03T22:48:13.000000,b1c1f8385a5019bdb939c9d9e6ae0db1,15920,14328,1592,,,
2023-01-31T22:23:53.000000,7e4c83efcc0783da316b5e563e06b417,95200,95200,0,,,
2023-07-20T01:18:13.000000,5e0a842d1cac16b26998956a32fc8dce,15920,15920,0,,,
2022-09-18T20:15:02.000000,f716f3b06eea3139d2a8b0511fe35713,15920,15920,0,2022-09-11T19:39:58.000000,google,7.02
2023-01-10T17:41:47.000000,7e635a06b827fedd2d38f69295647a8c,83200,83200,0,,,
2023-09-08T12:54:21.000000,f470b74cde04bea0b0ca9d2b8d1afda1,15920,15920,0,,,
2023-07-25T23:39:46.000000,56836621436df190a8c3502eb9800c6b,15920,15920,0,,,
2023-09-12T19:24:35.000000,2740b78883c902ad72c19a802f9995f5,15920,15920,0,,,
2023-12-10T01:18:02.000000,80a46e55dad1ad3d3a13bdeb649cd24e,15920,15920,0,,,
2022-10-23T22:20:29.000000,c6f9e470833856d4c58147b9fd1fdca7,15920,15920,0,,,
2023-12-31T18:43:06.000000,9056d860a929f4786907c4f0d7094613,95520,95520,0,2023-12-21T16:41:02.000000,kakao,10.08
2022-11-23T20:32:14.000000,5e82c431dc209211e0efc105435f434f,15920,3960,11960,,,
2023-12-24T14:20:33.000000,4bbb2b13663e5451864cd7585fbf355d,95520,95520,0,,,
2023-11-09T21:16:43.000000,47b813edf00eff3337cd2f6ec8cdcc63,131600,118440,13160,,,
2023-04-26T00:05:02.000000,36637cc347af0c19b4e23c8d3a6c7250,15920,15920,0,,,
2023-09-06T12:23:34.000000,b953a94ff82ce05b8b73be612afac3c7,131600,131600,0,,,
2023-06-19T13:50:31.000000,dfd5a7323328be835cb3ebf7d19670e4,15920,15920,0,,,
2023-09-10T16:47:18.000000,09d348f38a638cdd81967bb790ba44f0,15920,15920,0,,,
2023-05-08T05:51:12.000000,05d815a1767427fd98db3e5de566a915,15920,15920,0,,,
2022-10-08T14:25:03.000000,8abf49eb8d5c24455c28018236e0d7eb,42960,42960,0,2022-09-30T12:18:36.000000,email,8.09
2023-09-04T13:19:05.000000,1c7e3a7ee498ee1117586e53f8f6808d,15920,15920,0,,,
2023-06-28T10:31:50.000000,8448e25fbb0a44447f7cca24cc316de4,15920,15920,0,,,
2023-01-09T13:28:58.000000,e296bda5e2f1508724f8a39b976e0e65,83200,83200,0,,,
2023-11-29T10:18:34.000000,35fdff51db5a48410ab2d8488b2c596e,15920,15920,0,,,
2023-09-10T21:00:48.000000,89d52bba2b71fd90c6802744f5f66c50,15920,15920,0,,,
2023-01-08T12:39:10.000000,ba8aa40dd7e2124db2bc519e04bd9990,83200,83200,0,,,
2022-11-30T19:45:02.000000,e17557231cece610674ce11d065a0ee0,15920,3960,11960,2022-11-29T21:48:32.000000,google,0.91
2023-04-10T09:55:02.000000,349be1f59dfdce864812cb6155febfb2,15920,15920,0,,,
2023-01-06T11:26:45.000000,032acc1531010aca5c0d59b3d48a4453,83200,83200,0,,,
2023-01-19T11:16:33.000000,2a7f504aba03328bbf7e5b53efa1f269,91200,91200,0,2023-01-13T23:18:27.000000,kakao,5.5
2023-09-07T14:18:01.000000,64cad7d256c3fa71a2f46b89c7242f3c,131600,131600,0,2023-08-30T22:03:30.000000,kakao,7.68
2023-01-21T09:03:02.000000,c1cb96f77ced3270097082bb62c0a8f3,91200,91200,0,,,
2023-10-07T17:38:24.000000,c5b5d0fba1f1622b21ab9668057fb8b3,15920,13532,2388,2023-02-15T13:21:16.000000,kakao,234.18
2023-10-13T17:42:08.000000,ea3be7372b22f84e7c7c9a57d7e16b8b,15920,13532,2388,2023-10-11T08:26:10.000000,kakao,2.39
2023-01-10T19:30:18.000000,1378ade81392445898cd8b77961f8589,83200,83200,0,,,
2023-01-10T00:25:47.000000,2af5ab56ac4830533ba181bc9d0e8b18,83200,83200,0,,,
2022-12-11T06:14:02.000000,de579109c1d6c30c2b6892a72f3ad619,79200,79200,0,,,
2022-10-07T06:35:25.000000,a38f2ca1ed699798bbfecfe36dc69233,15920,12736,3184,2022-10-03T23:59:00.000000,kakao,3.28
2022-11-27T22:30:38.000000,2e646484d9b75a8bee95b9460453e263,15920,3960,11960,,,
2023-12-20T22:52:57.000000,0d749d0b63bb27284258d349a9058028,95520,95520,0,,,
2022-11-23T13:49:40.000000,c8513b289c6dbd82eadaf7daf8fa5acc,15920,3960,11960,,,
2023-01-25T01:37:04.000000,7ca03c495fdcdcb9da296f5e059360b7,95200,95200,0,,,
2023-01-17T20:01:57.000000,f1677371dc67f757823ad80989cfd050,87200,87200,0,2023-01-17T19:50:19.000000,email,0.01
2023-06-15T23:57:54.000000,9e683d716b60c1ba97ffd5489aca7610,15920,15920,0,,,
2022-11-15T19:40:21.000000,6811002666603f4502069fd1dd7dcb72,15920,3960,11960,2022-11-15T09:34:51.000000,naver,0.42
2022-10-19T11:30:02.000000,422dc4a61b5116e183b4dfb93bb6bda0,131600,105280,26320,,,
2023-02-21T07:43:10.000000,d8f0bb577a6a355484782ee8e2546d88,131600,131600,0,,,
2023-12-29T14:15:17.000000,5a614e20fcd24967641e8ef56ed96451,95520,95520,0,,,
2023-08-03T10:36:52.000000,bdaf78e1f05017100fcd81a3e2a07f10,15920,15920,0,2023-08-03T10:34:44.000000,naver,0.0
2023-11-22T18:56:02.000000,d3312d1072044ac4a124d461202395fc,15920,15920,0,,,
2022-12-20T22:02:27.000000,97358e86aa3d9164bac6c1d9d976d145,79200,79200,0,,,
2023-12-26T22:30:28.000000,abc53f0f72d3d6f749aa2c5cf5d64dc4,95520,95520,0,,,
2022-12-01T16:19:07.000000,e4804daebd20726700f0aab7a2ac1983,79200,79200,0,,,
2022-12-19T22:11:51.000000,ccb998fb77ae143050efe01ec63d3b05,79200,79200,0,,,
2023-12-23T00:12:26.000000,45e5a117d478ac0fb5bbb6b4fa6212da,95520,95520,0,,,
2023-06-25T22:08:31.000000,7f27eef243b6243105fb7289cf024831,15920,15920,0,,,
2023-11-18T16:46:57.000000,e04e8886d6704f061ec28e94ee350dbc,15920,15920,0,,,
2023-01-20T13:51:53.000000,12aa96c206fdaed806eb67543022313f,91200,91200,0,2023-01-20T13:38:43.000000,email,0.01
2023-10-20T23:24:34.000000,e42ac97018457806685766a4eb651945,15920,13532,2388,,,
2023-10-13T10:08:51.000000,fb2ff0de915d9bf38afbdb58b304db3f,131600,131600,0,,,
2023-10-04T12:46:58.000000,c31a55c1edb43da23862a91665b06d85,15920,15920,0,,,
2023-01-10T22:11:27.000000,5b1e58718148f2be6848f0adaf60a084,83200,83200,0,,,
2022-12-29T09:30:35.000000,d3819b62a9a467502d0ce7eb52c7468f,79200,79200,0,,,
2023-12-31T16:48:01.000000,e157c49b861b6484447d676369de0537,95520,95520,0,,,
2023-05-10T21:17:56.000000,e72d4276f38a772a336564a5d92ff1f0,15920,15920,0,,,
2023-06-22T00:23:18.000000,0944716aa2881f0a8fec004ef3d5dee6,15920,15920,0,,,
2023-08-03T06:53:45.000000,ef8e0e021970eddfd662b2d92e58e606,15920,15920,0,2023-08-03T06:52:16.000000,kakao,0.0
2023-03-18T19:25:03.000000,0bf62b109d9ba5ed21602e69a396dba3,15920,15920,0,,,
2023-05-05T19:52:29.000000,5d26d88ef1b11eb109438ccb146bd93e,15920,15920,0,,,
2023-06-16T02:26:37.000000,5a176ceb74d651df2abb349e31993d9d,15920,15920,0,,,
2023-02-27T22:45:01.000000,50c875eebedc8308ba8ca402054ccec5,15920,15920,0,,,
2023-05-04T11:28:07.000000,e9a7b8bcb110f739bcbbf03df9fba4d3,15920,15920,0,,,
2022-12-31T20:54:06.000000,723378df5770ff9b17572973ba0c9084,79200,79200,0,2022-12-31T20:36:56.000000,email,0.01
2023-04-12T23:15:02.000000,277aeaf39f0854ec9c745a59df94d35a,15920,15920,0,,,
2023-02-01T10:05:30.000000,8f6d0cbe0c2ee0595d6f248e5efe7dcf,131600,131600,0,,,
2023-01-17T10:09:33.000000,cdc87ad1e1a61f199d03e74966a541cc,87200,87200,0,,,
2023-03-16T10:59:11.000000,b93839fa0d256691bbfa711cdbef5186,19920,19920,0,,,
2023-03-01T15:10:01.000000,a261858bf9a83de9392be53cb081bd51,131600,131600,0,,,
2023-05-22T21:58:19.000000,3afab8e746f51107d2f36f1cd2ea39f3,15920,15920,0,,,
2023-12-05T23:44:12.000000,992ef9a9d592a0a87d75042b1710a346,15920,15920,0,,,
2023-07-26T00:08:24.000000,8740c2f591ff48de5113c728b8c9605e,15920,15920,0,2023-07-25T00:32:56.000000,kakao,0.98
2023-07-14T13:27:23.000000,31ae90e0afc3771fde766a914f03c2e6,15920,15920,0,2023-07-13T22:21:45.000000,google,0.63
2023-06-23T07:40:15.000000,09d9ff7f4469409bbe62c7fc34b94e8e,131600,131600,0,,,
2023-07-26T11:33:30.000000,8fc81a4c22ef6db3cb374ce2cfb079f1,15920,15920,0,2023-06-09T15:20:21.000000,kakao,46.84
2023-07-10T14:34:40.000000,f3f8a5cda6c0553c403624f6681dae77,15920,15920,0,,,
2023-03-20T17:05:12.000000,2484a9bd20655be969f5a88f3ddeda47,131600,78960,52640,,,
2023-12-25T17:04:22.000000,ef5ac5fec5f3444f0883553e48634fed,95520,95520,0,,,
2022-11-21T12:50:03.000000,de6a32683fe47651f3ff3bd39c42defb,15920,15920,0,2022-10-12T16:54:21.000000,google,39.83
2023-01-17T03:34:33.000000,dae26ca113413a7048645a337d48c3f2,87200,87200,0,2023-01-17T03:31:14.000000,kakao,0.0
2023-01-30T20:58:07.000000,3563bf5e1fa4346729d9cb027172e689,95200,95200,0,2023-01-30T20:54:25.000000,kakao,0.0
2023-01-09T10:05:24.000000,620fe67cac1c8f2559bc5029bcd5d0e1,83200,83200,0,,,
2023-08-21T22:14:42.000000,0454f6da49ee44a06d58461036660dad,15920,15920,0,,,
2023-12-07T10:59:42.000000,cb150ba07d0cc9527d5a74d4048a8161,15920,15920,0,,,
2023-09-05T21:44:00.000000,e750e370ac2c72d76a7c38214dfc83ba,15920,15920,0,,,
2023-10-02T21:37:57.000000,c0c7f8d368dba6fca2ac504f5e128ec1,15920,15920,0,,,
2023-01-31T23:48:23.000000,579fa10ef8ff862bfb7f7b0f4f6337bb,95200,95200,0,,,
2023-11-07T23:17:25.000000,859cb6b560f9d659eaab729d9aabace2,15920,15920,0,,,
2023-04-10T22:55:02.000000,ffa8c1ccd9af84e29a0f9aa8d7dc33a6,15920,15920,0,2023-04-03T21:25:54.000000,kakao,7.06
2023-01-06T12:14:11.000000,d9b2b34342430481d8511d080dc1d220,83200,83200,0,,,
2023-07-25T17:20:11.000000,6308c38731ea11508e594ce1fb5b67bb,15920,15920,0,,,
2023-12-18T13:49:09.000000,ecbf41ea3a3208c3ade6ed46e029d10f,95520,95520,0,,,
2022-11-29T21:24:51.000000,965af23dfea64768a3a6278eca784436,15920,3960,11960,,,
2023-06-25T09:48:27.000000,94eb818dcf86f92b7f607b67c65fa0ba,15920,15920,0,,,
2023-12-31T11:27:55.000000,772a0f028f7ac03ebba57c7e0f8f73fe,95520,95520,0,,,
2023-01-01T14:51:40.000000,4074114677184be7b15a1ac77d3b7334,83200,83200,0,,,
2023-11-13T20:47:50.000000,3ead68fa1bf94025940b0b289a7de027,15920,15920,0,,,
2023-03-27T19:34:33.000000,3a5a178631abdbcbfb60d068b3bb12f9,15920,15920,0,,,
2023-10-02T14:02:58.000000,951973f96adabc77b66b96b29685fe96,15920,13532,2388,,,
2023-03-30T17:55:01.000000,ef07e52facf5231e9a09525e5321d362,15920,15920,0,2023-03-15T00:17:49.000000,kakao,15.73
2023-01-04T11:47:15.000000,84ae277027ea15f47932ad733a1b2b6f,83200,83200,0,2023-01-02T14:08:47.000000,naver,1.9
2023-05-05T11:10:02.000000,af617c154bd9a5bb52b6e5f0970bba23,15920,15920,0,,,
2023-06-25T22:42:30.000000,96f33ef1db232fbebb89e1b6fa70bea9,15920,15920,0,,,
2023-07-07T10:11:01.000000,ae8b08a57653b3da4c99f3bbc48a546e,131600,131600,0,,,
2022-11-30T18:37:11.000000,e0dd4d172bbeff31f10a04a5e25b74fb,15920,3960,11960,2022-11-30T18:34:34.000000,google,0.0
2023-03-02T21:44:57.000000,f7b8e3a2613d64d1e82ad6a8d0e2ac8c,15920,15124,796,,,
2023-01-31T05:24:46.000000,aebdf953902dff84c0b11fa341e460b4,95200,95200,0,2023-01-24T19:53:52.000000,email,6.4
2023-01-10T21:51:28.000000,b62b06f8611b42c5319a96a63efe3146,83200,83200,0,,,
2022-12-30T18:22:57.000000,d471fe14e9a01aba5955dd97ba65ff47,79200,79200,0,2022-12-15T22:29:40.000000,email,14.83
2023-07-14T13:07:24.000000,2c0f1a4a67dd3fab55cb3759f7def94a,15920,15920,0,2023-07-14T13:06:30.000000,email,0.0
2023-04-05T00:26:44.000000,1e12022f24650fb9abcf1e3ae25dbaba,15920,15920,0,2023-03-21T23:32:27.000000,google,14.04
2023-04-14T00:50:03.000000,ca646c3127f124aa45cbd14e31b8939e,15920,15920,0,,,
2023-10-02T18:05:06.000000,6da010845a02e9d591d0dd5666cfa144,15920,15920,0,,,
2023-03-27T22:25:02.000000,307d92129bb6c43b39f3060bd0089057,131600,131600,0,,,
2023-12-20T22:49:14.000000,0a9fd012c9db64091162d3deba7c20e1,95520,95520,0,,,
2023-11-03T18:20:24.000000,76c9053f5e030c0b4ea88a34c239dede,15920,15920,0,,,
2023-04-14T15:34:03.000000,a9cb868ca2f2b901bb585b28086cdef5,15920,15920,0,,,
2022-12-29T16:17:17.000000,21b6eeaf2010bb2a3e39a9b7b65ff38d,79200,79200,0,,,
2023-09-07T16:03:11.000000,338802850390a994f61cffb0e76c00a0,15920,15920,0,,,
2022-10-11T20:10:02.000000,8f2597a1b46d51f3ae9d769005bbf6a3,131600,131600,0,,,
2022-11-18T23:20:35.000000,56c791ed338fab814fb38f50e09307a1,15920,3960,11960,,,
2023-12-21T17:55:35.000000,cdf0d85cc5a4ca46ca4e018da03d40a5,95520,95520,0,,,
2022-11-30T18:07:18.000000,de5eaaaa0b542363287f0dfcc17983a9,15920,3960,11960,,,
2023-10-03T20:24:06.000000,38f7979ae5b876e31ad69ec9e367193f,15920,15920,0,,,
2023-10-02T18:17:56.000000,b6e4a993379ebae873cdc06a461b3ca5,15920,15920,0,,,
2023-02-13T19:25:02.000000,d078d879e38aae0e3d8048feddd716a8,131600,131600,0,,,
2022-12-27T14:46:39.000000,f85c78ec4e9925e2b1e73fa4564f632d,79200,79200,0,2022-12-27T14:45:26.000000,kakao,0.0
2023-12-14T17:40:30.000000,a03d36cd3aeaf4da29f4412c379e979e,95520,95520,0,2023-12-07T14:41:55.000000,google,7.12
2023-01-30T11:32:22.000000,8604690cd74974776ce3eed68bf20989,95200,95200,0,2023-01-26T23:37:42.000000,email,3.5
2023-01-11T05:53:43.000000,80250527e8c9c56831740b4bd41bca53,87200,87200,0,,,
2023-06-25T16:40:22.000000,7a6278a93cf3895b9b02c64065c5b697,15920,15920,0,2023-06-25T16:33:05.000000,email,0.01
2023-12-09T18:49:07.000000,0955e792000291fc05a023207821c1be,15920,15920,0,,,
2022-11-23T20:28:38.000000,747cb9c9ec4f79471df0fa6e3fa4a624,15920,3960,11960,,,
2022-11-21T14:03:33.000000,6d9cca44f07e860bcaa04d7398e5d555,15920,3960,11960,,,
2022-12-26T11:54:00.000000,6ce3c401bc11795dbffef0eb89623afa,79200,79200,0,,,
2023-06-24T22:25:32.000000,13494f55008f7c6f1f7ead50bffb86de,15920,15920,0,2023-05-18T20:24:28.000000,naver,37.08
2023-01-24T00:16:36.000000,af95a1b54b96ca5b8c929ef09d6fe7f0,91200,91200,0,,,
2022-12-29T13:43:04.000000,6a5831560d96ec5844970edc724792d1,79200,79200,0,,,
2023-01-24T21:49:06.000000,4a2ee74e7a67844d269fe1eb9e4a10c0,91200,91200,0,,,
2023-01-16T22:59:43.000000,09b2bd39953d7ffb00eae0cbb608111b,87200,87200,0,,,
2023-07-31T21:18:27.000000,cd2200a136659dc97e8ab618ccda8a08,15920,15920,0,,,
2023-11-28T18:30:29.000000,60cdc3c39bc2d4cab84d1c31b9bf47be,15920,15920,0,,,
2023-12-31T12:03:12.000000,6e3c81dfd3df1a482ce9592f4dc7d52b,95520,95520,0,,,
2023-07-20T23:48:00.000000,3ed5f5f400b751b8210f8ec1ba512220,15920,15920,0,2023-07-08T23:21:28.000000,google,12.02
2023-01-10T13:36:18.000000,20a4d48319d3ab71b54bf2ecd87008de,83200,83200,0,,,
2023-07-05T19:03:05.000000,1c57972526eb37060884cc95b65aaac8,15920,15920,0,2023-06-30T19:47:42.000000,kakao,4.97
2023-08-02T21:50:42.000000,825fb62c08b285c4fdf6494c3cad4614,15920,14328,1592,,,
2022-12-20T20:43:53.000000,97e4d1707556869a3a69b2d4167a5048,79200,79200,0,,,
2022-12-25T23:43:45.000000,bd75195ba9b6323fc8d4338e2bdeef88,79200,79200,0,,,
2023-07-18T16:57:55.000000,68bb9de6a582389678c007af41b9c77b,15920,15920,0,,,
2023-01-21T21:41:03.000000,78a77e1d96e4fb957f415f6b8775f053,91200,91200,0,,,
2023-01-09T04:24:00.000000,01196507879c0cf60c55bdb671161c4c,83200,83200,0,,,
2022-12-20T03:13:23.000000,660b52d57a5a21843b2e4742fca3004a,79200,79200,0,,,
2022-12-31T19:07:10.000000,ab9d950eb68791f49f2f267ade777f99,79200,79200,0,2022-12-31T19:06:15.000000,email,0.0
2023-04-10T01:25:02.000000,a688e2c0857b8c17fba877b3ec43d7af,15920,15920,0,,,
2022-11-12T13:25:02.000000,798a876cf114419feac2137bfbbb7f61,15920,15920,0,2022-11-05T13:18:57.000000,kakao,7.0
2023-09-01T17:34:51.000000,e40215c815ee82856b9767494d3128cc,15920,15920,0,2023-08-17T20:36:15.000000,google,14.87
2023-04-18T17:20:02.000000,9524edd09149a26705275857df518ea4,15920,15920,0,,,
2023-01-01T23:13:18.000000,e305a457541b01e449d8806096c4c4dd,83200,83200,0,2023-01-01T23:10:37.000000,kakao,0.0
2022-11-05T18:10:02.000000,6ed4c8d54d8f44d634b1281b4358ee5d,15920,15920,0,2022-10-22T04:05:37.000000,kakao,14.59
2023-05-25T11:06:43.000000,a27458851b1f6662fbc38fdb6d6d4a53,15920,15920,0,,,
2022-12-26T22:00:01.000000,2796578c5d274e1d9f8d4bf7e94dcd30,15920,15920,0,,,
2023-07-01T15:57:47.000000,dda4c4372adcf1abf206d8a40dfeb8e0,15920,15920,0,,,
2023-06-24T18:35:29.000000,f7ba273a99c4564311d828db34c2e07b,15920,15920,0,,,
2023-06-17T15:37:34.000000,a2d9f8ed534164f60ee2b3cf271a537b,131600,118440,13160,,,
2023-04-04T15:50:05.000000,83c981ddd34d389b939e01df8f12d849,15920,15920,0,2023-03-27T21:47:17.000000,kakao,7.75
2023-02-21T10:25:02.000000,8ddf91bb021056404023523d00ceda99,131600,131600,0,2023-02-14T10:13:08.000000,naver,7.01
2023-04-08T12:01:42.000000,83b3b2c24ee97397062d1c25ad630509,15920,15920,0,,,
2023-12-31T22:44:40.000000,30d21f5c0b8aa7f0348c61db99b70733,95520,95520,0,,,
2023-04-07T13:45:01.000000,0293404a323bf131c12cfb07bed6f226,131600,131600,0,,,
2023-04-25T16:45:03.000000,7719a43765102ccb6980815336ced731,15920,15920,0,,,
2023-10-22T12:53:16.000000,cd1c055703d57de84d4525e5edd9130f,15920,13532,2388,,,
2023-04-23T21:20:02.000000,c8aead0ea44e3045a8ac8c218e45c07d,15920,15920,0,2023-04-16T21:07:21.000000,kakao,7.01
2023-12-17T11:53:09.000000,c8dcfb6de1f5b5bc5e45121e5311c681,95520,95520,0,2023-12-16T19:35:10.000000,google,0.68
2023-01-10T08:07:47.000000,af86ca6fc24b4aedfd3da41d9ce3de23,83200,83200,0,,,
2022-11-26T00:02:19.000000,8bc3ca50b5e92daf3b8de1a321eb9c21,15920,3960,11960,,,
2023-04-06T21:20:07.000000,0742b7569e2688d363586e52d53a1d0c,15920,15920,0,,,
2023-03-24T12:15:01.000000,66becfadf0106697b4b4b0831cc2020b,131600,131600,0,2023-02-06T10:48:19.000000,kakao,46.06
2022-12-20T20:44:03.000000,048481390d9e24b943c6c0c567687f00,79200,79200,0,,,
2023-01-30T19:46:24.000000,7a3d11eac6e6963f55558c3e046d67b0,95200,95200,0,,,
2022-12-05T11:38:42.000000,2c590064a32c726d98d1e606f43954d5,79200,79200,0,,,
2023-01-06T00:11:09.000000,1eb37944c69b53044b150bb1c2ea0eea,83200,83200,0,,,
2023-05-12T22:30:30.000000,046469242e1de011419057a9511925c3,131600,131600,0,2023-05-12T22:09:47.000000,kakao,0.01
2022-12-20T22:02:13.000000,b1c275e512189a5d8e3b55de06373c6c,79200,79200,0,,,
2023-12-31T18:51:07.000000,930a52b7ad5ae80677ba996af59576dd,95520,95520,0,,,
2023-10-16T15:11:59.000000,42465937fd1367807c25eb3a376f1d79,15920,15920,0,,,
2023-09-13T22:45:43.000000,9e4a3f7669a826e5969ca06a7d79a6cc,15920,15920,0,,,
2023-06-14T14:16:11.000000,db626768fdd0fb5c33d281ed3593da6c,15920,15920,0,,,
2023-12-28T08:55:18.000000,edb63bd79a16657782f4b5c4b5886f41,95520,95520,0,,,
2022-11-28T19:34:30.000000,3d8f901a9540b5db97627f705175fda7,15920,3960,11960,2022-10-28T10:50:44.000000,kakao,31.36
2023-12-30T21:19:23.000000,d6df1f26ec23cf03c9ef111f7de04fc3,95520,95520,0,,,
2023-07-12T19:54:33.000000,bcb387f6c989e0c998daec1983379140,15920,15920,0,,,
2023-07-25T18:08:01.000000,265255f6c648292889287a8b6297dcd2,15920,15920,0,,,
2023-09-23T14:55:35.000000,df996e351e27b48d3a0f311db1c28ea2,15920,15920,0,,,
2023-12-17T20:43:24.000000,75a54bb4fc4edbcb38a455460180507d,95520,95520,0,,,
2023-04-02T22:20:03.000000,4fccf7e1c25e9af27773b52ced259c15,15920,15920,0,,,
2022-09-17T13:40:03.000000,f25fbe13a9626a1b799618be6c572bac,15920,15920,0,,,
2022-11-30T18:43:33.000000,5c54c027a6a14cdf3bab032ca759c6e4,15920,3960,11960,,,
2022-12-19T02:25:29.000000,ada3e4e47a11a78c00f7033c5d4dffd9,79200,79200,0,2022-12-19T02:23:36.000000,email,0.0
2023-11-27T22:07:29.000000,2b57a71afc896bafe6bec1aa7357e015,15920,15920,0,,,
2023-01-29T17:01:26.000000,3d1ac2976b5067e3b99661c6cacfdce8,95200,95200,0,2023-01-29T09:44:57.000000,naver,0.3
2023-01-06T18:17:05.000000,4b7fb76b9878b659189119c04e8f58a8,83200,83200,0,,,
2022-11-19T16:45:03.000000,ab8359c47fe54c567fa20fafe16a6629,15920,15920,0,,,
2023-12-12T14:27:01.000000,3278bbf58263a3044cad96980de11872,95520,95520,0,,,
2023-06-27T21:52:13.000000,0341575f509adcd3472d9b158bbebe25,131600,131600,0,,,
2022-10-26T11:45:01.000000,aa2e65831a7d60b99f5d7b0e816a8e83,15920,15920,0,,,
2022-12-19T05:45:27.000000,500ec106f982ce0e93aad55df8943b73,79200,79200,0,,,
2023-06-25T22:16:06.000000,43f4c6740ddadba5081ff6236b8efbe1,15920,15920,0,2023-06-25T22:09:54.000000,kakao,0.0
2023-04-26T11:10:03.000000,183299f0e8e39002d104e14f6c012079,131600,131600,0,,,
2023-05-28T19:35:22.000000,9a47f62b051098a616d6f5040d53d9f5,15920,15920,0,,,
2023-06-30T19:55:21.000000,f18bc1bb99cc8ff3a0be9d0cceb4dab2,131600,131600,0,,,
2023-01-17T23:27:06.000000,3e59b707fca17afacbe186e1faf8f6c4,87200,87200,0,2023-01-15T22:33:36.000000,naver,2.04
2022-10-26T21:45:02.000000,cc41c0c095eafc2f4c5956290b479294,42960,42960,0,2022-10-26T21:23:14.000000,email,0.02
2022-11-22T21:42:02.000000,8e60aad933c36f62252053edbf665b33,15920,3960,11960,,,
2023-01-09T01:08:53.000000,6f54bb15233ae0c8acea6c73de0b30c9,83200,83200,0,,,
2023-06-18T22:00:05.000000,4f49f3044c6e2138ba53180f9ce34ea7,131600,131600,0,2023-06-18T21:20:52.000000,email,0.03
2022-12-02T08:44:31.000000,84c99515112f89ea610218b0288be1ea,79200,79200,0,2022-12-02T08:42:20.000000,email,0.0
2022-12-10T23:18:00.000000,9a6b6946fbca8643c17bac1ce3f0489d,79200,79200,0,,,
2022-11-29T21:16:11.000000,7c68636dc96afd67ee7b11f5edac27f0,15920,3960,11960,,,
2023-09-07T18:48:52.000000,270e2553870d73e004f46967dd805b34,15920,15920,0,,,
2022-12-15T13:01:45.000000,38ed60efc6cef18b55da2fcf95d560ba,79200,79200,0,,,
2023-01-24T23:19:24.000000,2029cedea5a918ae1bcbfe1a77247f3c,91200,91200,0,,,
2023-06-23T19:03:10.000000,0be8f2d33ceb4df4f8454975f87172e0,15920,15920,0,2023-06-16T14:36:29.000000,kakao,7.19
2023-11-21T15:03:18.000000,c83214763607456d08641822d0ed25b2,131600,131600,0,,,
2023-09-03T18:35:50.000000,2bf0e34d4b2325a78b1d703993de4edd,15920,13532,2388,,,
2022-12-31T22:39:47.000000,17fcdee3eb4f2334998c8fa8db25ee0d,79200,79200,0,,,
2023-08-01T19:03:25.000000,686d529359403031cfe868bbbc8fbd37,15920,14328,1592,,,
2023-01-25T15:05:15.000000,ac4cd054b6ce9b72dd6d54edf60ad7dc,95200,95200,0,,,
2023-04-26T21:25:02.000000,875e7a805d4af2df36024e4058b98172,15920,15920,0,,,
2023-07-21T18:25:18.000000,7bb01bae7120eb0b207cda5d2ba935ca,15920,15920,0,,,
2022-10-06T18:15:02.000000,74102025c6fde12ea1fdb8e69dc39d63,131600,131600,0,2022-10-03T18:09:48.000000,google,3.0
2023-12-18T18:27:57.000000,59eaf6f24e3cb7a57df83080d7507983,95520,95520,0,2023-11-08T20:58:08.000000,kakao,39.9
2023-10-23T15:54:22.000000,2c203c29f55791540b1a7e34a81c9c22,15920,15920,0,2023-10-21T20:03:21.000000,kakao,1.83
2022-11-30T17:46:59.000000,d4e725e4157c2563810238c4cd6e12e7,15920,3960,11960,,,
2022-09-09T11:00:02.000000,aa231ac134fa656a42b6bedce4f1656b,15920,15920,0,,,
2023-08-31T21:10:05.000000,7f2cd76f1361c5837b96efb875a4cf9d,131600,131600,0,,,
2023-09-19T15:02:21.000000,c4ba12fe2cabe6d4c83b2ddede7a457e,15920,13532,2388,2023-09-15T13:38:56.000000,kakao,4.06
2023-12-31T14:28:02.000000,e42c8610ae66178125e14cd9edabc66c,95520,95520,0,2023-12-13T10:54:54.000000,kakao,18.15
2023-06-26T16:34:32.000000,8de3f6360e586d0815042902e6910361,15920,15920,0,,,
2022-11-24T17:25:11.000000,e38d91d2064e603f02c1422957df98cd,15920,3960,11960,,,
2022-11-30T12:25:43.000000,b8647e6e41d5a1867ba34b8927d1db15,15920,3960,11960,,,
2023-08-15T07:48:13.000000,c3fe715849eb4fc528e931713df8cfa8,15920,15920,0,,,
2023-01-23T14:51:25.000000,d101af763212e4065529236ea70efedc,91200,91200,0,,,
2022-12-24T11:44:50.000000,957a2148ce08ab3081aafd0a2a6ec69e,79200,79200,0,,,
2023-11-22T21:48:43.000000,6679b5ab9058e9e0e86396e30aa74cdb,15920,15920,0,2023-11-18T14:51:10.000000,kakao,4.29
2022-10-24T21:40:01.000000,9a7ef210d59ee14d0068260451fc6ddc,15920,15920,0,,,
2023-07-24T19:15:54.000000,6611fc65c426eca8e58d9c2c4b474a5d,15920,15920,0,,,
2023-10-30T09:44:46.000000,c49ea18247c81a613f8bbf44ff029cb4,131600,131600,0,,,
2023-09-11T08:34:22.000000,0031482d16469048027f6096d13c8b22,15920,15920,0,,,
2023-12-18T09:18:53.000000,fc85d942b68ee985188e2650931b8b08,95520,95520,0,,,
2023-01-10T21:34:05.000000,e19c44051625c7d17140fed8d3b36988,83200,83200,0,,,
2023-01-10T16:13:09.000000,e31017849af9fb109dea9a60cf0a5b6a,83200,83200,0,2022-09-10T14:23:38.000000,kakao,122.08
2023-01-06T19:16:47.000000,43923ede6cc5d0f90d88d4bdf2998bf6,83200,83200,0,,,
2023-12-15T19:18:02.000000,bea42c3453d64857bba90167a67e2ae6,95520,95520,0,,,
2022-11-07T17:50:01.000000,bedeaf789d849b8d05e494d7983bc1db,15920,15920,0,,,
2023-01-31T22:05:44.000000,0064f793ccea4477452a751c3fe51ecf,95200,95200,0,2022-09-06T17:54:13.000000,naver,147.17
2023-01-16T14:38:01.000000,ea9e10d888ec9b05031dddf01fabe72b,87200,87200,0,,,
2023-04-26T21:20:02.000000,8c72048ba0eea7dba25371885fb87c44,131600,131600,0,2023-04-19T21:05:08.000000,google,7.01
2022-12-27T07:44:40.000000,9ddfaef540fa7f8c737cd62fe2b3175a,79200,79200,0,,,
2022-09-08T21:59:40.000000,692b648a6fe4672c5110d4bf4bee6124,131600,131600,0,,,
2022-11-22T16:08:29.000000,57e97aeafb429b6cafd4da933cd2812c,15920,3960,11960,2022-11-22T15:54:42.000000,email,0.01
2022-12-25T15:05:51.000000,23d69a936e8267e6f2ec7037bd3b54ca,79200,79200,0,,,
2022-11-30T21:53:17.000000,5ed784d900a9b07efa7ead5498f7c365,15920,3960,11960,,,
2022-12-31T01:13:13.000000,7607332b1b116030c417cc4cfae1ef16,79200,79200,0,,,
2022-12-20T11:40:21.000000,115bcfddab783c6fbf3e30b3a025acce,79200,79200,0,,,
2022-12-15T20:06:54.000000,bb3d5be283a0abf781ca150918c906c3,79200,79200,0,2022-12-14T13:24:22.000000,naver,1.28
2023-08-06T22:06:42.000000,7049cde149da350f6bc334436ac0accc,15920,15920,0,2023-08-06T18:22:20.000000,google,0.16
2023-03-01T22:35:02.000000,7a965f62c51882d96210e98600d1005a,131600,131600,0,,,
2023-06-20T16:36:03.000000,be45685e73a1c633dfd76de4ca11aa69,15920,15920,0,,,
2023-12-26T13:10:42.000000,97a4677c371614b8fc57adc42be3d304,95520,95520,0,,,
2023-08-12T23:20:41.000000,9f79ea19887f4980dd19a5b9c3009b31,15920,15920,0,2023-01-10T21:06:04.000000,kakao,214.09
2023-07-27T20:38:50.000000,af2c0a5659293d6c98c8b674a8900226,15920,15920,0,,,
2022-10-22T19:25:02.000000,59893ac93326b5e325871cf34742a665,15920,15920,0,,,
2023-09-21T10:13:45.000000,e9c3f188e63bd6a390a405595f030812,131600,111860,19740,,,
2023-12-08T20:12:50.000000,cbd85a965e875da5e717a2b1eaed01a1,15920,15920,0,,,
2023-12-13T11:15:25.000000,c40a3c17475348c4841d63da6f628c88,95520,95520,0,,,
2023-11-26T07:50:52.000000,df02bf64fe0dd250fee1068b688f2a9e,15920,15920,0,,,
2023-12-26T19:09:29.000000,dfde8e1e9499833ab176832acd5c2685,95520,95520,0,,,
2023-01-01T13:27:05.000000,4a46b9e0569db7341c217be91b6c4583,83200,83200,0,,,
2022-12-30T15:45:59.000000,2af90d8d94542ed02e9180e66d43c6a9,79200,79200,0,,,
2023-11-17T16:34:09.000000,69a246fa96226c994e56a1a0d208fd48,131600,111860,19740,,,
2023-10-20T21:05:15.000000,386037e45950c7f20b78c3d177f0c27a,15920,14328,1592,,,
2023-12-22T21:03:42.000000,01c3efaf6cad4f3f11498d1aa9be07bf,95520,95520,0,,,
2023-02-20T22:25:37.000000,13726fdb29b0182dbfaf255bc5c43672,15920,15920,0,2023-02-13T18:59:14.000000,kakao,7.14
2023-10-11T01:39:16.000000,2083f2c0e80fd89805396d65010bea50,131600,111860,19740,,,
2023-06-22T18:11:50.000000,6aa8c202d6c379f810e2e1bcfdb7a332,15920,15920,0,,,
2023-09-05T20:11:41.000000,e14e95dd29281caf749d23fc5d47513c,15920,14328,1592,,,
2023-12-15T15:24:40.000000,a97ee28122013595b490c699c49a67cd,95520,95520,0,,,
2023-01-31T21:44:20.000000,31b3127cbadc4d45c1ee89fec622d4c4,95200,95200,0,,,
2023-06-21T13:58:52.000000,d6fa11868b631f839e2d46d974a86e16,131600,131600,0,,,
2022-12-04T19:49:58.000000,e465e14da3c8dc7ff4b7a6c288190543,79200,79200,0,2022-11-09T22:08:52.000000,email,24.9
2023-01-24T16:04:02.000000,b775ae783f00350845b3933ced5d04d3,91200,91200,0,,,
2023-11-07T12:34:30.000000,969e829561d6cd3184074ca990028e46,15920,15920,0,,,
2023-07-06T03:54:53.000000,c4ad4b64c00c8234e0257faf4ca8298f,15920,15920,0,,,
2023-05-05T09:22:37.000000,43e8b7ed5d8da5e0e260263399ec89ed,15920,15920,0,,,
2023-07-07T18:56:12.000000,b94640fd5e7900327b2c5fb8f3a731c8,15920,15920,0,,,
2023-10-16T01:09:36.000000,f19eb7e90d317c4c9df0c13155e3c82a,15920,15920,0,,,
2023-06-15T09:30:44.000000,4bda12c9580c4705a9eb416d0433692c,15920,15920,0,,,
2023-02-16T20:45:02.000000,6f28c9040bb8d8105e353bc6079844b2,15920,15920,0,,,
2022-12-26T04:58:14.000000,ad27526ce210ed37e7dbfd5ddaa69ed9,79200,79200,0,,,
2023-12-10T13:54:36.000000,3bd3dfbbb406113d42e6427fc6f0dbc7,15920,15920,0,,,
2022-10-04T22:05:03.000000,29f87b3c5393b87598fb6c8e8e4c8338,42960,42960,0,2022-09-27T21:34:46.000000,kakao,7.02
2022-12-11T16:34:21.000000,36fe6ec6cf704bd8f5328cf96eccafb4,79200,79200,0,,,
2023-11-13T16:44:59.000000,ccea16701cf72a9027d7d5f2c3d3019c,131600,131600,0,,,
2023-12-06T10:46:15.000000,e4eac79b200c638828f37a4538e81082,131600,131600,0,2023-11-02T14:04:18.000000,google,33.86
2022-11-16T18:05:02.000000,7a30f31f51cafadfa80b836a4bbc2eb2,131600,131600,0,,,
2023-04-09T20:10:01.000000,a358f5c16b5ea9f593411e46c1d31e57,131600,131600,0,,,
2023-09-01T20:28:49.000000,d2af6447608fdedeabfeda0e21894b54,15920,13532,2388,,,
2023-04-21T11:31:48.000000,8d287601e422b685e58681b7396f47e4,15920,15920,0,,,
2022-11-23T19:07:18.000000,c717cc8bee1bc8cbff8c115c1af39629,15920,3960,11960,2022-11-23T19:04:52.000000,naver,0.0
2023-04-21T00:10:02.000000,634e90a2d98fedfb407d8931f10f598d,15920,15920,0,,,
2022-12-25T13:44:46.000000,888cec2a03c31c0a5f6d4c7351c640f7,79200,79200,0,,,
2022-12-18T12:49:35.000000,716e555f680fc2a74e1640f8b0da40c6,79200,79200,0,2022-12-18T12:47:34.000000,google,0.0
2022-09-04T17:05:02.000000,bd06a8972d2cbc1624eec982dce4fd19,131600,131600,0,,,
2022-12-31T00:00:16.000000,bcde65bbce621e69ff998a9532707337,79200,79200,0,,,
2023-03-29T21:20:02.000000,f98b432636388a56d056f0434206931e,15920,15920,0,,,
2023-12-19T19:29:37.000000,0275fdb975cc918e3c4072f097f47ea5,95520,95520,0,,,
2023-12-30T20:18:13.000000,d4e18f31f91dcd6cbf83b3fef0eed85e,95520,95520,0,,,
2023-09-06T10:58:47.000000,80e88060db11e8ce5f9c5360adebe938,131600,131600,0,2023-09-05T12:25:20.000000,kakao,0.94
2023-01-31T23:34:07.000000,e167c8ced33ab8205ccc7dc3d4ce3579,95200,95200,0,,,
2023-07-24T20:42:54.000000,a6145980a10297c394814c6b2d91455d,15920,15920,0,2023-07-24T20:29:15.000000,kakao,0.01
2022-12-05T18:01:19.000000,792fbfd49d32aaa37ef03561f504b8ed,79200,79200,0,,,
2023-10-10T21:27:34.000000,514deeb511399917fa82d109a8bbb2b7,15920,15920,0,,,
2022-12-31T06:30:51.000000,d94e4b6426f3ed0930cc96ef3e50d5f3,79200,79200,0,,,
2023-09-10T01:40:03.000000,06ac106da61cbd709b90704ffbddbda4,15920,13532,2388,,,
2023-07-26T16:06:55.000000,a5d7b2330613efd52f3e197f0cf69880,15920,15920,0,,,
2023-12-22T17:21:40.000000,d4d36a07d2f58b1ac46490ce8c39a9ed,95520,95520,0,,,
2023-04-14T09:15:02.000000,c423a47354f23c99de908806df52ae1a,131600,131600,0,2023-04-07T09:10:09.000000,kakao,7.0
2023-12-31T20:29:37.000000,42f00d78f06aedc1c0bf3669a1be419a,95520,95520,0,,,
2023-05-17T10:26:15.000000,e74f8af3ebc2ffd0d36fa3069dc6d3b1,15920,15920,0,,,
2022-12-18T21:59:29.000000,82c29d472e2cefe2168548b9785b798d,79200,79200,0,,,
2023-12-16T10:38:22.000000,855f1b82c31bb3b63414c963dafd52eb,95520,95520,0,,,
2023-11-17T17:14:25.000000,ed76c4bf32591a16e0a9984ff8ae7b56,15920,15920,0,,,
2023-02-14T22:05:02.000000,10c2b266548df4418c202f676ee0d9e5,15920,15920,0,,,
2022-11-20T08:50:03.000000,33d43ec83ac1705537c9288a8cb6ca3e,131600,131600,0,2022-11-13T08:28:07.000000,naver,7.02
2023-03-25T15:15:02.000000,c0c49f4fcf084a6132ea321849935168,15920,15920,0,,,
2023-02-16T18:30:02.000000,12a3180de857136efd10bbe7b5a589a2,15920,15920,0,2023-02-06T21:12:15.000000,email,9.89
2022-12-30T12:44:35.000000,b24b208daf5949993cec91a520e51cff,79200,79200,0,,,
2023-12-26T17:43:22.000000,e15eff9c6dcd0e0a9ecc52509e1594f6,95520,95520,0,2023-11-23T12:41:33.000000,kakao,33.21
2023-12-27T22:22:49.000000,fa58177660c687803ee14ac44f3d5cae,95520,95520,0,,,
2023-10-14T21:58:49.000000,9a22ed9d0a7916504b0e7e0007c90fb1,15920,15920,0,2023-10-12T15:15:59.000000,kakao,2.28
2022-11-19T16:38:36.000000,bc3a734da6cb215849ac528fbdf88dee,15920,3960,11960,,,
2022-12-20T16:47:05.000000,29706df45d716a482b91376fddcfe7ae,79200,79200,0,,,
2023-01-16T19:03:14.000000,73c49b2a6d562f2a9747e2fe8972dc0e,87200,87200,0,,,
2023-07-19T16:17:55.000000,83f2b1490ea63480bb82811bc46b362f,15920,15920,0,2023-07-19T16:08:57.000000,kakao,0.01
2023-11-06T08:14:34.000000,de683dd89df108f013657e9c0568e7ef,15920,15920,0,,,
2023-01-01T18:26:23.000000,8f73c05fb0060a46fc7a0649a5435abe,83200,83200,0,,,
2023-05-10T11:32:02.000000,2e0aa955b809df438511e59470a0236c,15920,15920,0,,,
2023-09-15T09:03:13.000000,c6839286487f8e737e7dc5d5847b451d,15920,15920,0,,,
2023-03-20T23:24:33.000000,036f2c31bd6d73d8ca6be4dbe1836f83,15920,15920,0,,,
2023-09-30T11:57:44.000000,a480bf6051278aaed837f47f89d2368e,15920,15920,0,,,
2023-07-20T08:26:03.000000,1eb606073e3a7d31ffbed9430d3adc8f,131600,131600,0,,,
2023-01-31T23:54:48.000000,8af4521fc48aad45968686e187111f3d,95200,95200,0,2023-01-31T23:45:33.000000,kakao,0.01
2023-11-23T21:41:36.000000,6266baecef7d6e4db72725451443c05c,15920,14328,1592,,,
2023-09-01T22:55:12.000000,08935a2450259032dfe63dd020ac29fb,15920,15920,0,,,
2023-07-26T23:04:21.000000,922a6adda58787828cb63f8f0a4a4081,15920,15920,0,,,
2023-09-10T13:56:26.000000,7a305455cbf65b1c727d743b8fca126f,15920,15920,0,2023-09-10T10:38:02.000000,kakao,0.14
2023-09-12T06:08:15.000000,c445e7cd77231adda1000b046be6391f,15920,13532,2388,,,
2023-01-21T14:02:26.000000,0a745fe8670558a02ff3af9446b8fc64,91200,91200,0,,,
2023-07-13T17:55:22.000000,7cb9c7cf9bec9ca612f3b81a3f7845d4,131600,131600,0,,,
2023-08-02T11:31:07.000000,2b0cdcc022470191a2427f7899872e0c,15920,14328,1592,,,
2023-11-29T09:16:34.000000,637806d641fb708e51c61db8608d85c7,131600,131600,0,2022-12-31T00:48:47.000000,email,333.35
2022-09-26T13:15:02.000000,7136b3b70a018d497b760538728d7319,15920,15920,0,,,
2023-12-21T14:43:20.000000,d2cce94f7139e02152a6116806de141d,95520,95520,0,2023-12-21T11:10:47.000000,email,0.15
2023-12-31T12:51:32.000000,2e61649ddad36573c0d64ce47f52814b,95520,95520,0,2023-05-17T10:47:14.000000,kakao,228.09
2023-01-10T19:29:45.000000,51dcdffaf05d3f015f8b9d4cba021242,83200,83200,0,,,
2023-04-10T16:10:03.000000,c248a092422378f495a579af300f4785,131600,131600,0,,,
2023-05-25T22:10:37.000000,3bafd4015b13a82252527568454cb41c,15920,15920,0,,,
2023-01-14T13:29:40.000000,5ad20d17b0a94d8d4e22c76ba1205dcc,87200,87200,0,,,
2023-04-10T20:00:04.000000,b217eda558b666bc4e87ca2a93541a66,15920,15920,0,,,
2023-01-31T20:28:20.000000,7916ab7d8e30b9b1347499c1d118c1bf,95200,95200,0,,,
2022-12-22T16:29:02.000000,34e45340090b9519d1df787c59afd03b,79200,79200,0,,,
2022-10-06T17:40:02.000000,43e30a8b29ba0e95e730a2ce930151b8,15920,12736,3184,,,
2022-11-09T14:15:03.000000,d0aec84a6dd8f467892f85264dd842d9,15920,15920,0,2022-11-02T13:28:30.000000,kakao,7.03
2023-09-04T21:14:46.000000,d270356e8e6184692b3e306acb7d58c1,131600,131600,0,,,
2023-06-19T08:45:01.000000,2ac97b5fcac2c3e1746bec45cd0fa5b3,15920,15920,0,,,
2023-07-17T16:02:24.000000,63e103d5f9edf5554ab7c2719c11951c,15920,15920,0,,,
2023-12-06T16:56:18.000000,c7dc1fea8d8cbbeb6cc033670b31c049,15920,15920,0,,,
2023-01-10T13:14:34.000000,5c620a1308e5e1a0813ad0582ceffad9,83200,83200,0,,,
2023-08-15T20:24:47.000000,80828541ff424cf2071ccf1c2b82aff6,15920,14328,1592,2023-08-15T15:49:04.000000,naver,0.19
2023-07-19T15:22:22.000000,ea7d29a6abb829092a48a4362a12ba77,15920,15920,0,,,
2023-12-31T17:06:16.000000,9c5ef66867fd38b468924eedcf23462f,95520,95520,0,,,
2022-12-13T10:19:56.000000,00c27e652447e303b3097d15a47ec0c4,79200,79200,0,2022-12-13T10:10:33.000000,google,0.01
2023-01-18T02:29:49.000000,b2e5026e1e72b574d8d2b38d5570cd5a,91200,91200,0,,,
2022-10-25T14:20:02.000000,f8d27b3c0a95cf0499c39a1c102e7306,15920,15920,0,,,
2023-04-01T14:25:02.000000,7ed59c94f7d5b692b39fbc9eddd88479,15920,15920,0,2022-12-27T10:32:19.000000,kakao,95.16
2023-06-12T15:54:19.000000,536d9a0ce9a0e7c99693da685c0f3662,15920,15920,0,,,
2022-12-20T21:14:14.000000,44b57cc79ea7d8544d46e8fbccb56412,79200,79200,0,,,
2023-07-07T18:28:01.000000,f7bfc9c6480350b1a69fe7dd62898be1,15920,15920,0,,,
2023-12-04T16:52:56.000000,ed9310315f109fb49e4f69a49d80b0cd,15920,15920,0,2023-12-04T15:35:36.000000,kakao,0.05
2023-10-16T01:08:05.000000,943e4c673bb386d6514775f17039b092,15920,15920,0,,,
2023-07-16T12:37:38.000000,c8133ecabfb7c976ee5d3577be628f40,15920,15920,0,2023-05-30T22:59:38.000000,kakao,46.57
2023-01-03T16:08:43.000000,2584a0b06becb9e41edfd52a19592578,83200,83200,0,,,
2023-01-17T19:06:39.000000,9e7552edf33d2cfe0c23c6f5e4f55d38,87200,87200,0,,,
2023-06-27T16:42:29.000000,dc04f505d821619b8014c0d2f4001515,15920,15920,0,,,
2022-12-07T00:46:10.000000,62e66f0f3bebda69d3ba2ae99e935068,79200,79200,0,,,
2023-05-01T19:30:02.000000,dece6c7eb098782ee5aa457903f4f41e,131600,131600,0,2023-04-19T20:04:41.000000,google,11.98
2022-11-23T23:28:12.000000,765552ce60473fc7c87ea79c02c4a95d,15920,3960,11960,,,
2023-04-20T15:37:09.000000,eeb531f333ad82a01c7d0e15686f009f,15920,15920,0,,,
2022-12-23T20:58:55.000000,39adf2e914fc42d59cbe250511564230,79200,79200,0,2022-12-23T20:56:51.000000,kakao,0.0
2023-02-08T18:35:03.000000,2218b337202ba392c392e9e3dddaef9c,131600,131600,0,2023-02-01T18:03:22.000000,google,7.02
2023-07-24T22:57:49.000000,02bc3350b7574d047ef5e0ea57ddd88a,15920,15920,0,,,
2023-03-29T14:10:02.000000,d8aaaad8498916ff8d71044d72575fa6,15920,15920,0,,,
2022-12-30T09:20:19.000000,f2086ddc060c5ea006364818be4b4fb4,79200,79200,0,2022-12-05T21:33:12.000000,kakao,24.49
2022-12-31T11:44:04.000000,6c2cb7c7e18846865850d057fb05a852,79200,79200,0,,,
2023-08-28T11:04:14.000000,7f2c9d06c71a78385bd7f3b5bb8988c0,15920,15920,0,,,
2023-01-10T20:21:00.000000,7b1a42fdf485df22b17c7e63144a7046,83200,83200,0,,,
2022-11-23T15:07:55.000000,866eebd83e8c05ceb833fd47e2529f3e,15920,3960,11960,,,
2023-12-29T09:41:07.000000,3355d23cc4cad57837bd4b242bc87d51,95520,95520,0,2023-12-05T14:49:05.000000,google,23.79
2023-02-28T21:20:04.000000,fab82732a5a7e8a8d2ce30a6b2362530,15920,15920,0,,,
2023-03-29T21:55:01.000000,22670eb097e90eaef888ac39a3c94737,15920,15920,0,,,
2022-09-19T22:05:01.000000,576e4e94900d1db2daad44f817d12f62,15920,15920,0,,,
2023-08-11T21:21:15.000000,8c16e7f530fba93511af7cc986e7bf0f,15920,14328,1592,,,
2023-09-25T18:47:42.000000,7561baa40d4d383965d5eea2986dc06c,15920,13532,2388,,,
2023-12-12T13:30:32.000000,33d6031ad1c4f62c5947abf1e31219ba,95520,95520,0,,,
2022-12-26T15:28:08.000000,0f842c5b5a5e52ed88741f75c7398ca8,79200,79200,0,,,
2023-12-25T22:31:12.000000,8692e4758b4a4c9c3560bac853e518dc,95520,95520,0,,,
2023-06-19T17:19:20.000000,ce9c4fbb11b8cf391e437adc272b72a4,15920,15920,0,,,
2023-07-16T01:01:57.000000,0032f459acd07365803996f97f98d224,15920,15920,0,,,
2022-12-31T22:59:11.000000,d222d65ffc3d669c9207bd43778ae91c,79200,79200,0,,,
2023-09-28T14:32:10.000000,2b8ba23bd08a31119709c222c3ad6f50,15920,15920,0,,,
2023-06-05T17:17:00.000000,96e0091743886662448615279dfcec2c,15920,15920,0,,,
2023-05-07T14:55:02.000000,bc97b83ea4931b53581480e758c26422,131600,131600,0,2023-04-28T15:05:26.000000,naver,8.99
2023-05-16T14:44:43.000000,567aad497f9a12db3a300aa14d269289,15920,15920,0,,,
2023-07-12T23:58:14.000000,dd13b9c0500be02006a458d4303b9b11,15920,14328,1592,,,
2023-08-10T21:52:09.000000,1e43202fe05fb58e5f43d89315157119,15920,15920,0,2023-08-07T19:42:04.000000,kakao,3.09
2022-11-09T14:15:02.000000,d0aec84a6dd8f467892f85264dd842d9,15920,15920,0,2022-11-02T13:28:30.000000,kakao,7.03
2022-12-31T19:36:38.000000,727f6263126e178959b1127100fcc726,79200,79200,0,,,
2022-10-04T17:20:02.000000,40f3c8d3ad212344cfd65f313985cdb2,15920,15920,0,,,
2022-12-20T20:27:41.000000,ad524abb2c51774312f1499a9e2029ec,79200,79200,0,,,
2023-07-19T22:22:02.000000,de067cf4ee3a48e335409938ee04df1a,15920,15920,0,,,
2023-07-18T22:12:23.000000,c604544ebcb5ffbe80b515c30159c476,15920,15920,0,,,
2022-12-04T21:45:32.000000,d5839bd4192f3ac42dfb8c3cbb72bb6e,79200,79200,0,,,
2023-01-03T20:57:38.000000,9f7d97ed5fdac893ede00eb7f368d58f,83200,83200,0,,,
2023-07-02T15:53:49.000000,266f73fac0195d7596313eb8a33a6bf0,131600,118440,13160,2023-06-21T14:14:00.000000,kakao,11.07
2022-12-31T22:37:42.000000,221dbfeb41626974bba4f03c93ae20e4,79200,79200,0,2022-12-30T11:11:42.000000,kakao,1.48
2023-11-23T15:22:20.000000,154288139d4ee3dde7517c29ed7e9af3,15920,15920,0,,,
2023-05-23T16:04:43.000000,a18bd61a58585f3abc000fe77bcf23b9,131600,131600,0,,,
2023-02-24T16:05:01.000000,aef1e71cc15011e3e838bc929aeb9e1c,15920,15920,0,,,
2022-12-31T23:35:01.000000,31826606b90cc564f7bbb3445809e5b2,79200,79200,0,,,
2023-12-11T12:16:54.000000,873b8a3579e9ca5903714c9cd11750a9,95520,95520,0,,,
2023-02-10T21:15:02.000000,a9e0eb5609f87f367f174d608de77819,131600,131600,0,2023-01-20T01:48:03.000000,kakao,21.81
2023-01-12T17:40:02.000000,963aecefcfada1c005d00c78b3f24454,15920,15920,0,,,
2022-12-18T15:15:16.000000,cf5a6c7a22df272a5a73b4c850bc57c0,79200,79200,0,,,
2022-11-30T19:09:20.000000,aebd7ae971a5bde115e21ecef911b641,15920,3960,11960,,,
2023-01-27T14:35:49.000000,908d7fa0af66ade7780ccbd71fc79979,95200,95200,0,,,
2023-02-28T18:37:35.000000,bdaccf3b8535d78a81114fb5855232c3,131600,131600,0,,,
2023-01-17T09:31:21.000000,eb688b5356f31525b24607c4b6617b56,87200,87200,0,,,
2023-08-09T14:15:32.000000,a8e8def0afc865c4f14f6bea2f5f4126,15920,15920,0,2023-08-06T16:37:02.000000,google,2.9
2023-01-05T19:28:39.000000,e0467695a59b90b737a13f9663e2afe5,83200,83200,0,,,
2023-07-31T09:00:30.000000,86131f8080ddce7173066a2bf31e1ac1,15920,15920,0,,,
2023-07-03T12:40:51.000000,e9364c6bdba60a87c8887fb6771b8177,15920,15920,0,2023-03-22T13:44:56.000000,kakao,102.96
2022-11-02T08:16:22.000000,f827872a8be64131a4937e98c3fea9ad,15920,15920,0,2022-10-24T08:05:45.000000,kakao,9.01
2023-10-02T21:42:56.000000,51e94b041449126d0b436ccee8716af6,15920,13532,2388,,,
2023-09-14T15:54:18.000000,5da7e5c5a9750772764b19f1df72d2ba,15920,13532,2388,,,
2023-06-25T11:30:41.000000,ff27c0ef4f7c2c87a09e295c496727f5,15920,15920,0,,,
2022-12-31T17:18:50.000000,dbe4df27681e8431bf391875e888e2d9,79200,79200,0,,,
2023-11-07T20:02:34.000000,c5b90f49c318f30e87cb2e0da14be314,15920,15920,0,,,
2023-12-17T22:51:33.000000,d57d6bafe644d0a9b7df1b42cd443776,95520,95520,0,,,
2023-01-10T22:11:22.000000,fa9bed61dae41b65ff159f431eb7c781,83200,83200,0,,,
2023-01-16T23:00:09.000000,0ad0c18b5b3a9c105125ccc90536abc7,87200,87200,0,2023-01-16T22:44:29.000000,email,0.01
2023-06-23T23:33:33.000000,def93f837e0edb533d34d5a2d4f54a40,15920,15920,0,,,
2023-01-07T10:55:05.000000,e190225afec99100fa146b0686eedb8b,83200,83200,0,,,
2023-06-21T16:34:58.000000,a591c5ecfa6175f81689d35c32080736,15920,15920,0,,,
2023-01-11T15:50:04.000000,6316df375b1646a9f9840a431643ce91,15920,15920,0,,,
2023-11-14T19:40:01.000000,c7e8d09c43a1b12a6f85a41861186193,15920,13532,2388,,,
2023-09-09T18:16:38.000000,f41c91e5859567a916c61a69e8ab31fe,131600,131600,0,2023-09-09T18:15:18.000000,email,0.0
2023-07-17T23:41:50.000000,3d458a72b4fcf7373ccf5c58b0768c19,15920,14328,1592,,,
2023-03-28T10:20:02.000000,45e9f765b0ebfb77973bb438554142e8,15920,15920,0,,,
2023-01-17T08:52:47.000000,a5ba1fbfadc799891ff2d8eb4983cd3c,87200,87200,0,2023-01-13T02:03:52.000000,email,4.28
2023-01-24T22:20:08.000000,984f0aea13d6459f066c47ec444293d3,91200,91200,0,2023-01-24T21:33:37.000000,email,0.03
2023-04-11T14:20:04.000000,a887ca8510bd8509119dda79780eb2a4,15920,15920,0,,,
2023-08-10T19:18:21.000000,a43719fac11fa685868885df15ca63b6,15920,15920,0,,,
2023-06-22T23:58:43.000000,e257edad51997ffdb78d1380eed67a31,15920,15920,0,,,
2022-12-26T17:51:03.000000,4d92737f0d21e34694a139c4fb56ac59,79200,79200,0,,,
2023-01-10T16:53:43.000000,921f5032560f60179fe0e53b4c868d17,83200,83200,0,2023-01-10T15:32:44.000000,kakao,0.06
2022-12-24T00:52:47.000000,0d8231e264013a8708007698f93ba902,79200,79200,0,2022-12-24T00:42:31.000000,naver,0.01
2023-12-26T18:05:18.000000,8bb9270d631ffa9dedb4447d6dcdb5fa,95520,95520,0,,,
2022-11-14T18:55:02.000000,801fb0fb9788e575ed7e4cae4bf3fec6,15920,15920,0,,,
2023-07-16T23:07:30.000000,d48229cfe5f0ca33a46b238ecf63c7b7,15920,15920,0,,,
2023-10-27T19:03:49.000000,4a6a76d7473da589204ec71e22993944,15920,15920,0,,,
2023-01-31T15:39:42.000000,6300ee62d2e73a5a05d677b0d981eaa9,95200,95200,0,,,
2023-07-14T11:05:44.000000,68fdc1d64c5bd8805e6ac93d2d125112,15920,15920,0,,,
2023-12-29T20:14:40.000000,8e5212663770ab211cb642496b286663,95520,95520,0,,,
2023-07-28T04:29:58.000000,614191b7037b14753d7647eed64438cd,15920,15920,0,,,
2022-12-31T21:16:28.000000,eb1203ebe2fe418b1c698a98316b3950,79200,79200,0,,,
2023-01-05T09:18:49.000000,4f0ebbb112849cf397ff225a7d5a3245,83200,83200,0,,,
2022-12-28T20:36:31.000000,e891523112df5727beb2c127ca93015c,79200,79200,0,,,
2022-11-27T01:45:00.000000,36264241ba3b3c90a2ad2edf2921e8b0,15920,3960,11960,,,
2023-04-10T10:25:03.000000,6f6699fbc6ef064f2e8586b073533cf2,15920,15920,0,2023-04-03T10:12:26.000000,kakao,7.01
2023-01-16T07:13:01.000000,0baf2dce422dd2c305b1b159fd215468,87200,87200,0,2023-01-16T05:24:16.000000,kakao,0.08
2023-04-29T23:00:03.000000,6fc4be102bc544067731852d761c1bc9,15920,15920,0,,,
2023-04-08T20:45:02.000000,000087537cbfd934375364218ff10f91,131600,131600,0,,,
2023-01-06T15:29:46.000000,ca2ad2ed6b07f054292c62d966e1dd80,83200,83200,0,,,
2023-01-07T14:28:15.000000,fd803cb20206883230b89bc6b95eee86,83200,83200,0,,,
2022-09-26T17:40:02.000000,0236e817de3f132a40d6f7b70532d6e3,131600,131600,0,,,
2022-11-15T18:01:29.000000,d6aec3c05bce1854059edbe11e9f8600,15920,3960,11960,2022-11-15T16:20:51.000000,kakao,0.07
2023-04-24T22:20:02.000000,51e1c0b5d479a6c2e9e9a273dcbe319f,15920,15920,0,2023-04-17T22:16:29.000000,kakao,7.0
2022-12-31T22:54:54.000000,e095d7270d8c9a1dc9fb535552940677,79200,79200,0,,,
2023-01-10T16:52:29.000000,90d81bdc743bb89cb0f80940840b50ee,83200,83200,0,2022-10-24T18:54:04.000000,kakao,77.92
2022-11-15T11:02:08.000000,93d3dee30c3f69ba3c6f5685ca152f90,15920,3960,11960,2022-11-15T00:44:37.000000,email,0.43
2022-12-25T22:05:43.000000,97ffe1eead6c326bc0ad66bf70d46030,79200,79200,0,,,
2023-06-13T19:58:06.000000,f59e5c5b5f34b6797f0270b2d68b8598,15920,15920,0,,,
2023-03-17T10:25:05.000000,914f1ce87f1c51b0f1cdf4ff858b4804,131600,131600,0,,,
2023-02-28T17:15:02.000000,85208ac58afff4cdcb43487e01616b58,15920,15920,0,,,
2022-12-17T17:05:23.000000,9b017c8b738de140c80bcb745aca6ea2,79200,79200,0,,,
2022-12-31T23:10:24.000000,a4ff3746b7edee0849f3e9bc0f4659da,79200,79200,0,,,
2023-09-22T17:15:50.000000,369c5cbbd75ca32dfccd80d3bc6f07c1,131600,111860,19740,,,
2023-04-24T12:58:31.000000,ee89eb79f51583dea690cc2810d50a88,15920,15920,0,2023-04-13T19:53:08.000000,google,10.71
2023-01-25T23:04:53.000000,5332ef8b3f28207b01172de19ea3c01a,95200,95200,0,,,
2023-05-01T00:03:59.000000,19f849d448880c154417d86a721125ca,15920,15920,0,,,
2023-01-31T17:14:11.000000,13f104d43fdc288da3d0fe09cf1e9517,95200,95200,0,,,
2022-12-28T23:18:57.000000,adccf10dd56aebcc233c1729f5dc01e9,79200,79200,0,2022-12-27T19:15:39.000000,naver,1.17
2023-06-30T21:46:09.000000,294f03535ad56211436bdf5dbe90dff1,131600,118440,13160,2022-11-29T13:24:47.000000,kakao,213.35
2023-01-08T20:31:52.000000,c71d2e039e93de2e7d4bd50690fbbba7,83200,83200,0,2022-10-27T03:14:49.000000,kakao,73.72
2023-08-23T23:44:04.000000,62a5d41388c4adb285c52aac6d73735a,15920,15920,0,,,
2023-08-22T04:19:40.000000,7feb67db16eab45a2c5da9c59cbf0d81,15920,15920,0,2023-08-22T04:09:52.000000,kakao,0.01
2023-07-31T22:50:22.000000,43f3c08eb8d9f89920376165ba3fa104,15920,15920,0,,,
2023-07-25T22:00:24.000000,4b976d436a06b799a4a5f8eafa5a70f7,15920,14328,1592,,,
2023-12-23T22:39:30.000000,64147be6a14f69b7bc9a74a9d5ecb747,95520,95520,0,,,
2023-07-20T09:41:45.000000,47fff87ff4d28cf9158c2a541a350706,131600,131600,0,,,
2023-10-16T21:45:22.000000,e1e1069549acb998432655e7e46d67ac,15920,15920,0,,,
2023-01-03T16:56:29.000000,5cd25696811035a12bfc09d8b4d633ae,83200,83200,0,,,
2023-08-09T16:57:55.000000,e9565d5b041ae72f69747f05d8e958a8,15920,15920,0,,,
2023-01-26T21:19:00.000000,78687b1dfa3bd42e5378139e55ce5fbd,95200,95200,0,,,
2023-09-04T21:57:16.000000,760c8a4ea626438007b4f55c2c40619a,15920,15920,0,,,
2023-11-23T10:08:10.000000,95b2c6d464bcd1122433b06556d0323e,131600,131600,0,,,
2022-11-29T18:53:06.000000,2dc22bfe6872ebe3d752c86d4951c349,15920,3960,11960,,,
2022-09-25T02:05:03.000000,e7d13da0c952e503cbf6fa4b7ff6ec4d,15920,15920,0,2022-09-17T18:45:07.000000,kakao,7.31
2023-10-08T20:41:43.000000,64f525d4a6a8e2c3f223b841ff064529,15920,15920,0,,,
2023-11-28T22:56:53.000000,ffe8f08cd65e082952aca5a3110f5601,15920,15920,0,,,
2022-12-31T11:30:28.000000,6f223da83aa05ca62f5f2f51e4f6ab69,79200,79200,0,2022-12-31T11:18:41.000000,email,0.01
2023-12-15T23:06:48.000000,76387a9e581b3b2e065b02e2168bde25,95520,95520,0,,,
2023-01-01T22:32:22.000000,38a9e6b07ee4d3a2a2b17b4d8b5a2792,83200,83200,0,,,
2022-12-31T19:04:28.000000,11ff2a7b75409284bb972f2a63a5fad5,79200,79200,0,2022-12-31T16:28:43.000000,email,0.11
2023-02-13T01:55:02.000000,d967b363a3b41994013c0e0270cf49d9,15920,15920,0,,,
2023-12-11T21:26:30.000000,22f68f3fa05f481118e34807427fd01c,95520,95520,0,2023-12-10T18:45:17.000000,google,1.11
2023-05-16T07:30:03.000000,26e6e1d6c2a7a5547aea97f46f0b3b4d,15920,15920,0,2023-05-05T11:45:45.000000,email,10.82
2023-10-17T18:52:12.000000,01be30591a333dbb3a6e0909a2059dcb,131600,131600,0,,,
2023-01-12T23:21:07.000000,24102bc5428dc2911d2dae4682e907f7,87200,87200,0,,,
2023-04-06T21:10:02.000000,fbf566f2ef2f31571aba0067a05c690d,15920,15920,0,,,
2023-01-21T00:02:58.000000,4b1700cd5119a4a96b9973965d59f686,91200,91200,0,,,
2022-11-08T14:40:03.000000,d4c2dd01f410840148806b05d5962d46,131600,131600,0,2022-11-01T14:26:58.000000,google,7.01
2023-08-12T15:54:04.000000,eec679665eb49103202f602511ed12a9,15920,15920,0,,,
2023-12-27T16:39:08.000000,f323ffcbcbde3838372506134fb62a73,95520,95520,0,,,
2023-06-26T14:52:41.000000,91e4b62bdef68670b626cea055fc9030,15920,15920,0,2022-10-18T21:53:22.000000,kakao,250.71
2023-04-23T15:15:03.000000,07b24c2a9c9a0cdffc9236174ef81466,15920,15920,0,,,
2022-11-19T13:56:11.000000,f66d889978f3965e0fcd931a90d65af1,15920,3960,11960,,,
2023-12-03T19:44:11.000000,fcb928a647e2bd978b188a50a2e90d37,15920,14328,1592,,,
2022-12-17T20:49:27.000000,c66ae41ce49361ad8c460cc1d78bdf03,79200,79200,0,,,
2022-12-28T16:22:16.000000,71b8c5a3fe2970695d0780e649c9ae26,79200,79200,0,2022-12-28T00:33:44.000000,naver,0.66
2023-10-25T20:29:32.000000,5dc31d9ad5172975123dbc6486a94cbf,15920,13532,2388,,,
2023-06-29T23:59:59.000000,9dd5b05df44ae64e2883b874485338c0,15920,15920,0,,,
2023-05-19T17:55:17.000000,06d095c58a339649747f10121109578f,131600,131600,0,2023-05-03T23:24:23.000000,kakao,15.77
2022-12-20T23:08:58.000000,5fa0fde44708a499789e7ae032cc81a4,79200,79200,0,,,
2023-12-06T19:34:42.000000,d00c3098064bb4d3beab405932638417,15920,15920,0,,,
2023-01-10T22:10:43.000000,29c3a36d0fdee0c86233934362b61f4b,83200,83200,0,2022-12-09T17:56:23.000000,kakao,32.18
2023-01-22T22:01:52.000000,7b2a7c8bf15b4253b5469e06182b262d,91200,91200,0,2022-12-23T15:38:57.000000,kakao,30.27
2023-05-06T17:54:19.000000,9e01911ee6c8bd0ee8e2af95e99e77cb,15920,15920,0,,,
2022-10-30T10:40:02.000000,8790501ef61c2cb2ad40cec9304a8cab,42960,42960,0,,,
2023-07-24T18:44:31.000000,cb11177ee4ea6b64043e54b0f7a92595,15920,15920,0,2023-07-24T18:31:33.000000,kakao,0.01
2023-01-23T03:27:18.000000,7353ed660ae38144a20351f8bc720561,91200,91200,0,,,
2023-11-30T14:41:17.000000,41540c1984538cc13631ca0bd8abeaf0,15920,15920,0,,,
2023-09-03T15:32:23.000000,839ea6c19f412c997999602abc977056,15920,15920,0,,,
2022-11-19T12:01:54.000000,2beb3bd04d9c535c854b094d9f7cbb96,15920,3960,11960,,,
2023-12-31T17:19:53.000000,56d4b633efcf522522991de69e2af719,95520,95520,0,,,
2023-01-10T20:07:02.000000,74386cde3583163ea3c904207440ac2e,83200,83200,0,2023-01-10T20:02:27.000000,email,0.0
2022-11-17T03:58:08.000000,6daaab384dadee69b7f8a4d59c133e83,15920,3960,11960,2022-11-17T03:57:22.000000,kakao,0.0
2023-06-05T16:39:26.000000,eef16fb4deca0932515f7dab849ce33c,15920,15920,0,,,
2023-06-20T22:35:11.000000,dd2454cbd84c7850424a15651dd168a4,15920,15920,0,,,
2022-11-17T12:17:32.000000,b42c84c92ea2add7f80d78656383a466,15920,3960,11960,,,
2023-07-31T16:59:18.000000,a4545c7ece2f1f266264c67080ef3ded,15920,15920,0,2023-07-31T16:51:38.000000,naver,0.01
2022-11-16T01:25:33.000000,73da6e52ad20516f91edc688b9dfc50e,15920,3960,11960,,,
2023-07-03T12:01:29.000000,a0e57c3f11616dc03053734f0deeccad,15920,15920,0,,,
2023-08-29T15:40:50.000000,98be04fb6eeb2db3b7192bbeb59842a8,15920,15920,0,,,
2023-12-13T15:12:35.000000,8867b1f22dd03cc267543a1603ff1f01,95520,95520,0,2023-12-10T18:24:48.000000,kakao,2.87
2023-06-01T11:20:38.000000,ed616a329e5ae13cf729af2082e5ae75,15920,15920,0,,,
2022-11-07T17:29:07.000000,12b7e52e7c0c177ccdf94fe43a8e3f57,15920,15920,0,,,
2022-12-06T10:21:42.000000,2f611bd630f494ae562d2683f474f029,79200,79200,0,,,
2023-03-17T20:25:02.000000,9eefabe9e814c4a651ad853a96424be0,15920,15920,0,,,
2022-11-06T10:00:02.000000,8c347a9841a4f8a7fdec5551fcb4f905,131600,122388,9212,,,
2023-07-20T23:52:39.000000,b021dada9733a6ac9bbe55484bcfa10a,15920,15920,0,,,
2023-09-09T18:32:23.000000,8efbee94d6831694e30c610cec34b57e,15920,15920,0,,,
2023-11-21T18:09:30.000000,5f93f6de8fbe94ea4d69958c89ed52a5,131600,131600,0,,,
2022-12-30T21:26:32.000000,7ff9c3d3edd8dd224e858a3496862522,79200,79200,0,,,
2023-11-30T15:36:56.000000,e803a96262285a3e8e6ba0f2836ffd41,15920,15920,0,,,
2023-01-31T19:26:29.000000,40115ca789f15b1ed5e35f5fd5fe56f0,95200,95200,0,,,
2022-12-30T20:26:59.000000,a7a17a51628d3b7b6a55fb34fba559a5,79200,79200,0,,,
2022-12-09T14:42:51.000000,9e48734445f1c3f59bb6cf06f98af6ca,79200,79200,0,,,
2023-10-07T00:43:22.000000,4124e64ef7b074079811e78e76f2f284,15920,15920,0,,,
2023-01-02T22:29:00.000000,a014998874fc3910704a0e710dcbc393,83200,83200,0,2023-01-02T11:40:21.000000,email,0.45
2023-04-18T18:58:48.000000,1076a2eaf075aa41def5d53449a07718,131600,131600,0,,,
2023-07-31T14:11:32.000000,2a2ed783150c8f4ec124e5b9d32534bb,15920,15920,0,,,
2023-01-10T10:43:52.000000,5023eb38ded0a4cf510226dd3ad2718c,83200,83200,0,2023-01-10T10:42:17.000000,kakao,0.0
2023-05-22T19:56:50.000000,1d11606e9699fd533d16789a9f34d2fc,15920,15920,0,,,
2022-09-10T15:35:02.000000,5dd20e0fbb7ad7b796d9ac596749b640,15920,15920,0,,,
2023-12-22T14:25:16.000000,57b44ed5c72f4a1c4c4d33fffe2d2b5b,95520,95520,0,,,
2023-07-27T18:00:35.000000,d8f5ff0c8e26f6b0a4c9c93770add756,131600,131600,0,,,
2023-04-23T21:10:02.000000,c189a82d523167018c06de0713e89ae5,15920,15920,0,,,
2023-03-31T15:20:02.000000,a9a8c5f2e2534e67a103fcd75e7107ce,15920,15920,0,,,
2023-11-23T13:47:04.000000,f8ccc11d7f9789b9ac497b1cf46cb6f8,15920,15920,0,2023-10-18T10:34:19.000000,naver,36.13
2023-10-11T21:05:34.000000,d99c3a0c6e94200d22401c90551e1bdb,15920,13532,2388,,,
2022-11-28T17:59:23.000000,57153f1f329f54db744999392db0fbd7,15920,3960,11960,,,
2023-04-03T15:55:02.000000,726ef9abf88c542d420c5f7d06ee6ca0,15920,15920,0,2023-03-27T15:48:29.000000,kakao,7.0
2023-06-25T19:04:08.000000,ffefd2c23af0e8de9a5bb9aebc498d07,131600,131600,0,,,
2022-11-21T09:40:49.000000,31fc8ee957295d923f6f145942e126eb,15920,3960,11960,,,
2022-11-30T16:34:12.000000,2cacca3ca6480ca68c337490a75a55a9,15920,3960,11960,2022-11-30T16:29:16.000000,kakao,0.0
2023-01-31T22:15:24.000000,98ab34fb3b25699759d4456947a804d5,95200,95200,0,,,
2023-10-12T21:00:00.000000,c04682844c1facac5e7cbd757ae22d1a,15920,15920,0,,,
2023-06-26T07:25:09.000000,8f4197007ccaaf4ef50b7c20c29bffc5,15920,15920,0,2023-06-25T16:49:18.000000,kakao,0.61
2022-10-19T09:50:03.000000,08991c3d2e68a7f063e65a36b3a76e64,15920,15920,0,2022-09-26T18:10:14.000000,kakao,22.65
2022-11-30T23:09:01.000000,be4a8f3356e30f08a78c5580d5382365,15920,3960,11960,,,
2023-11-17T14:33:33.000000,33f4b42fc59f10b7f51e67b1067b0284,15920,15920,0,,,
2023-06-29T18:24:16.000000,bfadb828d3dbbb0be6cb1d4db9f23c9c,15920,15920,0,,,
2023-12-09T12:58:42.000000,db741593c5e32e142829972e0086ff24,15920,15920,0,,,
2023-09-02T20:56:14.000000,99189521d5ddda1e8b8783a26e863a2e,15920,14328,1592,,,
2022-12-21T16:30:37.000000,4411f8fad6f2081cd5e464e9f8726f11,79200,79200,0,,,
2023-07-11T20:10:41.000000,27bf95a7b64e8e14ffba79796f1891ad,15920,15920,0,,,
2022-09-16T19:50:02.000000,2e88062a765a4958ce1c3786bee1e394,15920,15920,0,,,
2022-11-29T06:22:15.000000,1f3c57676d1146dccf330f729119e6bd,15920,3960,11960,,,
2022-12-28T14:35:31.000000,5270e05e1a04dbccc52d6c15ba11f0c9,79200,79200,0,,,
2023-07-29T12:23:02.000000,24dc0469b2399cad510835a96a690259,15920,15920,0,,,
2023-10-27T13:32:34.000000,79cf3b9279ad6292d053ce1a603131ba,15920,15920,0,,,
2022-12-31T21:14:08.000000,a8c39573d5206a5b0f506a93344fbab8,79200,79200,0,2022-12-31T17:20:29.000000,kakao,0.16
2023-06-07T00:17:49.000000,8085008b69297043fd9ce97b40595c0a,15920,15920,0,,,
2023-04-07T08:50:02.000000,8c4afbda71f7f1eec710a1af7606e3d1,131600,131600,0,2023-03-31T08:36:43.000000,email,7.01
2023-01-10T17:13:04.000000,66d40f3fea7fd85c4c884aae75e69e18,83200,83200,0,,,
2023-01-04T15:26:53.000000,2dc44c6739b10013393300c462067243,83200,83200,0,,,
2023-01-16T15:31:06.000000,a21c7da6221f7f8d6d7fd3552be72f7e,87200,87200,0,,,
2023-04-30T10:35:02.000000,f56c5545335024e7b53b2660995c6e7d,131600,131600,0,,,
2022-12-31T20:30:54.000000,49a089e994c3ea31d135a8ec8223faaa,79200,79200,0,,,
2022-12-30T21:07:38.000000,bba58c16803d0d1709d445aefb76582e,79200,79200,0,,,
2023-07-27T18:02:49.000000,1a12fdbbdd4f1f688c49947874a3d71d,15920,15920,0,,,
2023-12-22T21:18:59.000000,cf21a60f4606459b1890ab262f11a52a,95520,95520,0,,,
2023-10-18T21:55:49.000000,53e4d8e6b8e4bd1fe94d658283475c3d,15920,15920,0,,,
2023-01-31T23:27:53.000000,db0e90b2ae46d565e7f182d5202b8737,95200,95200,0,,,
2023-01-28T14:00:45.000000,64a9edd8ccfe315a7ca9423479ec074e,95200,95200,0,,,
2022-12-31T17:26:56.000000,c2301212d1d6ab8f2a66bd6872743832,79200,79200,0,,,
2023-08-11T00:52:15.000000,9fa2f159c6ee7375411e6b607cc007b0,15920,15920,0,2023-07-20T18:09:34.000000,kakao,21.28
2023-11-22T01:10:02.000000,099f2cd50ccfcb2cde0c2df429f36efa,15920,13532,2388,,,
2023-09-17T21:35:22.000000,f70825de5e751394ae3a5a102fb8b12d,131600,131600,0,,,
2023-04-11T20:20:02.000000,ae6de9fd2ac3f6428195e23564ba9b37,15920,15920,0,2023-04-04T19:24:17.000000,kakao,7.04
2023-09-09T23:25:51.000000,88e97edcb386af67de25a8173a31cc50,15920,15920,0,,,
2023-12-27T14:59:17.000000,9631f7ba331b017d0fdf57e73a1e9d58,95520,95520,0,,,
2022-10-25T11:06:13.000000,1d8c3941b13b5fd9969bbf2a350bc8cf,42960,42960,0,,,
2023-05-07T22:24:57.000000,4dc9b5ed8f4760f8c2037135267e197b,15920,15920,0,2023-01-17T15:09:04.000000,kakao,110.3
2023-07-28T14:47:05.000000,16ffc4996a7305cbf72fa9d4435c7dff,15920,15920,0,,,
2023-01-10T17:04:39.000000,f2335682f9ae88f1bcaa76fbdf24a4c2,83200,83200,0,,,
2023-12-31T04:55:44.000000,fc075e9e2b8d884b618f2da4618d5379,95520,95520,0,,,
2023-01-10T17:43:18.000000,4c3a0a0f3be78d332635c8da2de374a4,83200,83200,0,2023-01-10T17:39:18.000000,kakao,0.0
2023-10-27T10:32:30.000000,8d3f698c13193563e23c9d7a9f6f1049,15920,15920,0,2023-07-31T17:01:28.000000,kakao,87.73
2023-11-03T09:33:28.000000,32dd3f89c248efe3736c298227be525c,15920,15920,0,,,
2023-08-07T20:19:09.000000,8b222ffd3e9f670ce86837813141fedc,15920,14328,1592,2023-08-06T23:02:01.000000,naver,0.89
2023-12-15T20:56:27.000000,6fa0ac8f123dd016f3b63a3b3b968a4f,95520,95520,0,,,
2023-05-27T19:40:11.000000,5d0aedf4fd31e1a4c52896d199b500b5,15920,15920,0,,,
2023-07-19T15:15:15.000000,c3a1bb17395a4140e89a735fbbf4840c,15920,15920,0,,,
2022-11-29T02:04:26.000000,afa278b954a179841337b50d98d8c176,15920,3960,11960,2022-11-29T02:03:12.000000,kakao,0.0
2023-08-06T06:54:16.000000,764f02643dc279d944410c8a7cbf8f15,15920,15920,0,,,
2022-12-31T17:06:29.000000,8988916861e97d7efbff35990d7067c8,79200,79200,0,,,
2023-04-17T14:00:02.000000,12ac8ba2304cb710ed00e55e35b1c2c1,15920,15920,0,,,
2022-11-30T19:37:42.000000,cad4d8257d1bf7dd9cd2a92c2b95a2f4,15920,3960,11960,2022-11-29T22:16:14.000000,naver,0.89
2023-09-19T15:17:10.000000,8557b02c2cb039e347c045fcde79f2b6,15920,15920,0,,,
2023-10-03T19:10:25.000000,b42473d43e65dc0f35f47101720f9315,15920,15920,0,,,
2023-08-11T12:11:47.000000,20f15cd7cd97c6fdebf6b86ac0de2b2f,15920,15920,0,,,
2023-02-19T22:45:03.000000,d8955447c8496c673ed7825a234e1002,15920,15920,0,2023-02-07T22:18:32.000000,kakao,12.02
2023-01-18T09:03:04.000000,335011bb9fa8e689a58bb0cc375fd098,91200,91200,0,,,
2022-11-15T16:50:19.000000,70a5c27ddbf7ab6ee6c69e4b7abdd43c,15920,3960,11960,2022-10-06T12:49:22.000000,naver,40.17
2023-12-26T16:31:03.000000,d964eb7a68d224b3db855334b762e853,95520,95520,0,2023-05-05T01:48:30.000000,kakao,235.61
2023-07-17T23:33:17.000000,042ee93b68ea022dc3aae9dffc23c707,15920,15920,0,,,
2023-09-10T21:20:56.000000,78b6065567c9a36b29390f222939bed3,15920,13532,2388,2023-09-05T12:25:23.000000,kakao,5.37
2022-11-17T10:36:18.000000,f582fed10ebb4bd8ea4a4c850b61e762,15920,3960,11960,2022-11-17T10:35:44.000000,kakao,0.0
2023-12-27T19:25:33.000000,43c663765e0242ff7f7dd37ff5dffabe,95520,95520,0,,,
2023-07-14T16:18:45.000000,ae57b999a6c9c7ae653ef5a381f40ce6,15920,15920,0,,,
2023-05-05T15:45:02.000000,861bf17f93a747c2ec8205a69d219422,131600,131600,0,,,
2023-04-03T10:25:02.000000,a54751bac3befe46c045073f742fdc2f,15920,15920,0,,,
2023-09-09T15:57:41.000000,66fd9c5bd60cefaf031b8e31b4da5eb5,15920,15920,0,,,
2022-12-20T19:35:45.000000,5d85c39ce5a53363dfc978b82a9ed7ca,79200,79200,0,,,
2022-12-27T20:41:20.000000,ab768565a56ae0ce3573668f0947e293,79200,79200,0,,,
2023-08-07T22:18:57.000000,1809126918e0fd1d965c10c3a7a0ae09,15920,14328,1592,2023-08-06T21:46:44.000000,naver,1.02
2023-06-25T16:14:01.000000,4dd6457bdb90dde45daa8fa6f9b7dfe2,15920,15920,0,,,
2023-12-23T21:49:05.000000,08d778ef21c5a62b30bc570a914b4a93,95520,93520,2000,2023-12-22T17:26:35.000000,kakao,1.18
2022-12-04T19:20:37.000000,e38c0633d5cdcdca02d6203c393e3957,79200,79200,0,,,
2022-09-24T10:15:04.000000,f5988c240e9c7b84b6f98684a428e7f6,15920,15920,0,,,
2023-01-31T21:38:57.000000,a7e2452deebdff4799c06f04db5dcd61,95200,95200,0,,,
2023-02-27T09:40:01.000000,8f263302b119045910b558237aa13e59,131600,131600,0,2023-02-20T09:32:32.000000,naver,7.01
2022-10-10T14:00:02.000000,451dab517b73f291def4124dd2911e2f,15920,15920,0,2022-09-13T08:42:08.000000,email,27.22
2023-11-27T17:52:23.000000,5169c4f4a43fd761467e4bf71f3b6c26,15920,15920,0,2023-11-26T11:15:47.000000,kakao,1.28
2023-11-14T22:19:14.000000,bc71d3b6dd9bdb6e400de221805e7ad8,15920,13532,2388,,,
2023-11-09T01:02:29.000000,72feb014f6170443175f9b166c9fb922,15920,15920,0,2023-11-09T00:33:12.000000,kakao,0.02
2023-11-24T17:39:12.000000,a4d77ce76fafaef57a74ee9ca5d0d4d6,15920,15920,0,,,
2022-12-15T20:59:58.000000,8854b535626139c55c1d7f45d76c8c6c,79200,79200,0,2022-12-12T23:52:59.000000,kakao,2.88
2023-08-06T11:29:21.000000,97e1f69d4915ee020aa5b3c15857a3c8,15920,15920,0,,,
2023-07-21T20:42:23.000000,a53bbf8c066531a731876fc39865f77f,15920,15920,0,2023-07-21T20:40:11.000000,kakao,0.0
2022-12-17T05:07:00.000000,b161479872b9b11054d73696259f9f2c,79200,79200,0,,,
2022-11-17T01:00:03.000000,fd8b29e3ae8720d42479d2b950c64ffd,15920,15920,0,,,
2023-06-25T20:39:21.000000,058670b7a1bdb990ff78d688e52da3ab,15920,15920,0,,,
2023-01-14T12:09:02.000000,c1209ce1f6bb182d3acc9da10ade7cb0,87200,87200,0,,,
2022-12-31T23:32:17.000000,1531dc644c95cb9a9142c8824391724b,79200,79200,0,,,
2023-07-03T19:33:11.000000,64f2dc28443b3ec62eaa2ec5be099310,131600,118440,13160,,,
2023-11-09T05:04:45.000000,5d8275c2fafe5bbd0c3a115d1a415d77,15920,15920,0,,,
2023-06-25T12:20:18.000000,cd53afb4af4cb9ab0def83065ab47e89,15920,15920,0,,,
2022-10-11T02:45:02.000000,c121b812370624a1e1089f91faffdadc,15920,15920,0,,,
2023-01-28T07:25:26.000000,f2ca55b5618a638a1756e6c1eb2cb147,95200,95200,0,2023-01-27T20:20:22.000000,email,0.46
2023-07-25T21:44:41.000000,249d0dfb829ebd64c5331890ebe3e5fa,15920,15920,0,,,
2023-12-10T19:53:35.000000,b66dc9cbda3454be557dffa4b8e2fdb6,15920,15920,0,,,
2023-09-02T20:08:28.000000,011774afecefd4437d05fe097139979b,15920,15920,0,,,
2023-12-31T01:08:21.000000,12280ceb9038186c7b360d7feca6826d,95520,95520,0,2023-03-27T22:38:29.000000,kakao,278.1
2023-11-05T17:08:25.000000,7671246677d93af8a3322c76840554a5,15920,15920,0,,,
2023-10-28T18:21:46.000000,342b98bb6063cfb6699538f52ff07b62,15920,15920,0,,,
2023-09-17T23:09:30.000000,e7a9f32106f7e6043fb82492feca022a,15920,15920,0,2023-09-14T21:24:59.000000,email,3.07
2023-10-22T23:21:00.000000,18c34a4d68cda1c1bdde4709e0e5f97a,15920,15920,0,,,
2023-07-11T09:10:19.000000,b3d5e7103829dc689e692b5365293a13,15920,15920,0,,,
2023-09-04T21:11:59.000000,0f7c244bcb3d6cfb3cb48cb456a244fd,15920,14328,1592,2023-08-31T01:05:08.000000,kakao,4.84
2023-12-20T10:28:15.000000,f9f9b9435a187aa889ee64cbc6c88d7b,95520,95520,0,2023-12-20T10:26:47.000000,kakao,0.0
2023-10-10T17:48:47.000000,8d5d6181a46e2debea162f6f172f09b2,15920,15920,0,,,
2023-06-30T19:01:44.000000,9c1ccee8d60d87e048f82b94e51b711a,15920,15920,0,,,
2023-01-23T15:17:21.000000,30810c41faad5405d0bc062be14b0f9d,91200,91200,0,2023-01-17T14:28:42.000000,email,6.03
2023-07-15T19:19:11.000000,5e21ef39d8b8686857be94306f1e21c0,131600,131600,0,,,
2023-11-03T15:36:58.000000,ab9abb2a96b078c8aa5d8875287acdfe,15920,15920,0,,,
2023-07-18T12:04:00.000000,c5ce02f96a76932402ea240eb70c39c9,15920,15920,0,,,
2022-12-31T12:49:59.000000,aa2b630e3511315d28ad7dd74105a931,79200,79200,0,,,
2022-12-31T20:57:03.000000,13980f827c32c06f003b3968b1737c87,79200,79200,0,,,
2022-12-31T19:49:31.000000,121e00a39c9c11afa9ff5f2365c37816,79200,79200,0,,,
2023-01-30T10:23:54.000000,ae6d996d80cc6a3e62bcbd88b9ad48b7,95200,95200,0,,,
2023-01-28T21:27:36.000000,156b69b81cafccda4d2c8b0e15205cde,95200,95200,0,,,
2023-08-06T18:49:24.000000,f3e568f838ef7ea32673660c1a9450f7,15920,15920,0,,,
2022-12-30T22:55:26.000000,663af752ab7b28cf899dd25db709d189,79200,79200,0,,,
2023-05-05T23:50:02.000000,681d58f5654892f6d79438751dee2b2d,15920,15920,0,,,
2023-01-15T23:00:27.000000,fcb1b56461596a46c9471a95740eeae9,87200,87200,0,2023-01-15T22:47:35.000000,kakao,0.01
2023-01-17T11:57:47.000000,84ee7549ca77aeb105cd64b3a77e72ca,87200,87200,0,,,
2023-07-17T19:32:40.000000,1a6e8b01633c9b283a01aeea0beaf5f0,15920,15920,0,,,
2023-08-16T20:06:18.000000,30da2ed69b6ddd2bf9e17a89c108a806,15920,15920,0,,,
2023-09-05T00:44:53.000000,5dcc32b86bec077fa6ef76567f34555e,15920,15920,0,,,
2023-11-24T12:52:01.000000,5623e85073253b351c18b052149bf4fa,15920,15920,0,,,
2023-10-01T01:08:36.000000,3fe89a965be118d205758a4d2e1271f5,131600,111860,19740,2023-09-25T00:34:50.000000,kakao,6.02
2023-11-06T23:48:35.000000,0907252ac9719e0650b8e1059ca5c2ed,15920,15920,0,,,
2023-08-31T20:13:25.000000,b0c9c876708e4392af369a44ddb3f31e,15920,15920,0,,,
2023-10-05T14:38:01.000000,f5e3c99a68ff4c87deb129f8755b62e7,15920,15920,0,,,
2023-08-02T10:08:46.000000,3767d4c7a827422fccf61d45ae889669,131600,131600,0,,,
2023-11-04T16:44:41.000000,d8db52d608e0cf4d1ec6bf3f96c91c65,131600,131600,0,2023-11-01T19:20:07.000000,kakao,2.89
2022-11-29T01:09:35.000000,1d03b818366a7d0b691be35f4070f242,15920,3960,11960,2022-11-29T01:02:21.000000,kakao,0.01
2023-09-10T19:29:53.000000,c773734611670a767fc6b7cadcebc3a3,15920,15920,0,2023-09-10T19:27:11.000000,kakao,0.0
2023-05-08T12:11:56.000000,b10c67c4a22e07b2a9f73804cb572e91,15920,15920,0,,,
2023-04-15T14:00:02.000000,9e7963d76588cfb6bbd600b055904cc3,15920,15920,0,,,
2023-05-03T14:26:52.000000,af212d0dc8328502991b8c7abd511728,15920,15920,0,,,
2023-03-24T21:15:02.000000,081a95f46c40975f1eed53daa0b1437c,131600,131600,0,,,
2023-02-23T14:45:02.000000,8cdd971549087a4561f42858dd5ab7a5,15920,15920,0,2023-02-06T14:28:50.000000,kakao,17.01
2022-11-30T22:21:16.000000,bb384825100b18814770a17890a55a67,15920,3960,11960,2022-11-30T13:50:29.000000,kakao,0.35
2023-06-25T23:25:06.000000,b819d3f73fa92414b93c2db6265f2b0f,15920,15920,0,,,
2023-08-30T23:10:26.000000,dcebfc8bb7ef530114771c520106d725,15920,15920,0,,,
2023-12-30T17:44:29.000000,e0edc65ce209cb1de2a2875f77b7f4f4,95520,95520,0,,,
2023-08-02T10:25:41.000000,c465d7bba0c4a16378a28559e63b3959,15920,15920,0,,,
2023-06-14T09:30:51.000000,89d07bdc3ca456f364d9c65f9d9401d8,131600,131600,0,,,
2023-01-19T12:46:10.000000,d95eb8c23b373fb00d604327a9f2a03a,91200,91200,0,,,
2023-10-22T12:19:02.000000,80b3d34cb7e8ebf648e9667f15775a24,15920,15920,0,,,
2023-09-11T09:32:40.000000,df871ea3354c0bf7bc37136cdd08c38c,131600,131600,0,,,
2023-09-11T09:57:43.000000,1cfbc3c69e1763d540df30535be41ac3,15920,15920,0,,,
2022-11-18T22:06:59.000000,f81ac83412f8eaa27f22f3b4e617ca95,15920,3960,11960,2022-11-18T22:06:13.000000,kakao,0.0
2023-01-13T22:54:56.000000,9a51350069c8c220b098420f92f04603,87200,87200,0,2023-01-13T22:53:10.000000,kakao,0.0
2023-07-08T21:56:22.000000,422683a18f16c93903b49df2bea986d9,15920,15920,0,,,
2023-04-12T14:45:02.000000,f704b29d519b3c7aed2f0b3acc62d7ce,15920,15920,0,,,
2023-03-01T00:13:38.000000,a8efa45de28abeae4303fd4996d2ba32,15920,15920,0,,,
2022-11-30T18:03:27.000000,659beb0404e31b7b00f38035a2fa17ca,15920,3960,11960,2022-11-29T09:40:31.000000,kakao,1.35
2023-01-10T18:06:25.000000,d11325496d46a29c90fdd81fe26d1bca,83200,83200,0,,,
2023-01-31T23:10:21.000000,99a9f26d820203528cfd7cb0bfce0e2a,95200,95200,0,,,
2022-12-30T11:29:08.000000,808f63d57af98d92993ae0011f17d415,79200,79200,0,,,
2022-11-25T17:22:11.000000,91796d02d0353345277ec569311fac52,15920,3960,11960,,,
2022-12-20T19:11:21.000000,1bada58218eee66a1166bb168363baaf,79200,79200,0,,,
2022-11-06T09:35:02.000000,371c6a67d964ca1898bcc148536ba2f4,15920,15920,0,2022-10-30T09:28:42.000000,kakao,7.0
2022-11-30T06:39:24.000000,94c5f678f82e74fb538416acfc046eea,15920,3960,11960,,,
2023-07-31T22:36:54.000000,00c70a69c8ee917cd0599026e1e8c784,15920,15920,0,,,
2023-10-30T19:03:54.000000,ed0669e357920ae0ebee83db25a288e1,15920,15920,0,,,
2023-07-17T23:04:36.000000,1fec21a5dbcc19cb6b11d41b9e9cdf63,15920,15920,0,,,
2022-11-03T04:35:02.000000,11367e613d75c3a1e693f3d7094bcab2,42960,42960,0,2022-10-18T20:48:37.000000,naver,15.32
2023-12-12T20:57:39.000000,884e004ecd8f5c6a753bf814a1ed141b,95520,95520,0,,,
2023-08-15T17:21:38.000000,6d11904b060819d2d54cdb3f72513ee4,15920,15920,0,,,
2023-11-22T17:47:37.000000,56eee94dffa5f26c2770855479f431b8,15920,13532,2388,,,
2023-04-24T00:45:02.000000,a3aa0ccbca4c68bbb492d37c9f4d9dc0,15920,15920,0,,,
2023-01-10T19:21:49.000000,c2fb1730700d9b3379afa1e33e6df227,83200,83200,0,,,
2023-10-26T10:12:19.000000,ccea16701cf72a9027d7d5f2c3d3019c,15920,15920,0,,,
2023-06-21T15:26:48.000000,7378778042ba0ad9555d977ee4890e8a,15920,15920,0,,,
2023-06-23T13:18:30.000000,1b75ac5cb59e8aed2fae325a9cec63e8,15920,15920,0,,,
2023-04-18T11:25:03.000000,4ff63c5c63790195ec3296539d9c2e38,15920,15920,0,,,
2022-09-26T10:10:03.000000,33fd3633064c87b9944ed8468ded325d,15920,15920,0,,,
2022-12-29T23:16:15.000000,95217c4f6e517156a3f68450b2e52765,79200,79200,0,2022-12-29T22:21:28.000000,kakao,0.04
2023-01-10T22:17:46.000000,50db5039ebf99d400c9c9440fd541d76,83200,83200,0,,,
2023-01-13T01:24:09.000000,976a1b9c2eac016234d50c5b38bb5b53,87200,87200,0,,,
2023-12-09T19:02:25.000000,2d06547e133ef7a7cde4111a49ca58d9,15920,15920,0,,,
2022-12-25T21:32:06.000000,ca1d86dd4d4a265d68fdbddef1f41e69,79200,79200,0,2022-12-22T12:58:00.000000,naver,3.36
2023-02-12T15:15:01.000000,8bc431f64789ea1aa3d79bc7d33d04a4,131600,131600,0,,,
2023-07-31T14:25:04.000000,3fb4b128440ea16c53f626effda843ef,15920,15920,0,,,
2022-12-28T11:04:46.000000,d42410c61343f7470aad0e4970d3f916,79200,79200,0,,,
2022-12-31T10:40:37.000000,46fe9811a878685552958c97cf746fab,79200,79200,0,,,
2023-06-21T22:11:39.000000,e261df83c7ecd3535a2712e2b829c173,15920,14328,1592,,,
2023-07-10T21:07:35.000000,dcef2d68b941f75d8cd66a34a1e55f82,15920,15920,0,,,
2023-01-10T00:38:06.000000,9ade950e374d3830247c03aa8fe8401b,83200,83200,0,,,
2022-12-10T20:16:02.000000,262b15915c5a1858bd1f30d5f6e49401,79200,79200,0,,,
2022-12-19T00:04:21.000000,39273e774280a0cf3341e3f9814c7c0a,79200,79200,0,,,
2023-07-24T19:27:50.000000,d034d7c7234c48de281c59d23e4456f1,15920,15920,0,,,
2022-12-19T20:01:29.000000,e4042e3e8a03ba0653d6a5135707dbce,79200,79200,0,,,
2023-06-25T10:41:39.000000,29e58f25c1b01d3d5c7586c6fc8ad562,15920,15920,0,2023-06-25T10:31:00.000000,kakao,0.01
2023-07-27T17:10:19.000000,4cf2d0bcb46b00d1ba6525a1ae560226,15920,15920,0,,,
2023-07-20T21:35:40.000000,5fa74f0d741ec6500e5ceb73b6f5ec98,15920,15920,0,,,
2023-04-25T21:25:01.000000,1c17b0ced211ffbf969d7dc384d98913,131600,131600,0,,,
2023-08-28T19:27:15.000000,b6130c310d5e13af84439ab5cb66200c,15920,15920,0,2023-08-28T19:07:22.000000,kakao,0.01
2023-07-29T21:57:24.000000,0c02e6f74e1eee2cd537a53fcf89218f,131600,118440,13160,,,
2022-11-08T18:20:02.000000,02a857284f291785a949fbd7ed7d6e91,42960,42960,0,,,
2023-01-05T01:00:07.000000,3288316c508ea51d09bdc8cd9c617d72,83200,83200,0,2023-01-05T00:57:24.000000,kakao,0.0
2023-11-27T23:01:30.000000,a811eac5b56a8f5283bc41d6adf7e08a,15920,15920,0,,,
2023-07-23T16:52:34.000000,a65978d5a50fe8bd76c4ade6c73fa854,15920,15920,0,,,
2023-05-18T19:52:15.000000,2ad42056efa3b4bcf723e930a94c74b9,131600,131600,0,,,
2023-09-26T15:05:13.000000,79f46254b8d1e01e0cf66f72475edd0d,15920,15920,0,,,
2023-05-13T17:03:00.000000,baa62f00f5126626cb60ef0c576776eb,15920,15920,0,,,
2023-01-25T10:06:11.000000,aeb6109c277b41161aa05fe078d1b94f,95200,95200,0,2023-01-24T14:57:53.000000,kakao,0.8
2023-09-04T12:42:44.000000,4324ea8fc5ea318c53923c493ff202fd,15920,15920,0,,,
2023-06-16T20:06:26.000000,1ec9d1dd6bc1e05a1ba20a0de75a1f4f,15920,15920,0,,,
2023-06-26T15:57:39.000000,601e2b7f994758ddd71eb375b3d112d9,15920,15920,0,,,
2023-06-22T15:10:51.000000,df10bccdc53861484b6c42f7713cfcc2,15920,15920,0,,,
2022-12-21T08:45:56.000000,c967f65c50c4668361d911c8e3ef1337,79200,79200,0,2022-12-21T05:54:38.000000,kakao,0.12
2023-01-04T23:33:32.000000,02ca3a2b3c0fb6728ebbe2f4a6fd11d6,83200,83200,0,2022-12-30T23:32:32.000000,email,5.0
2023-08-23T14:48:40.000000,b32ae2829cc96eb033fc18dc691f33db,15920,15920,0,2023-08-18T23:03:20.000000,email,4.66
2023-07-31T22:24:13.000000,1372d3676e0c38ee71f9ae106e4d46e8,15920,15920,0,,,
2023-06-03T17:26:01.000000,c6e3f9e51099a4c84bb0e335e7340ae5,15920,15920,0,2023-05-24T15:15:52.000000,email,10.09
2023-11-12T18:18:52.000000,db07dfedbfacb880f0db5b97b5c82abb,15920,15920,0,,,
2023-06-25T16:50:49.000000,84c2cba761dc48d44aded87ebbe5b500,15920,15920,0,2023-06-16T08:10:44.000000,kakao,9.36
2022-10-17T10:45:02.000000,e8118e2c5a637a229e8cfffdfde7ef2b,42960,34368,8592,2022-09-26T11:40:46.000000,naver,20.96
2022-10-29T22:49:41.000000,e3a408765e378d013653b09e03071a6f,131600,131600,0,2022-10-19T20:54:49.000000,google,10.08
2023-07-31T16:20:35.000000,102354b307797fcc8447cff2ff7a374e,15920,14328,1592,,,
2023-10-03T22:29:33.000000,da646305380ca96237b4e879dbcb08bd,15920,15920,0,,,
2023-12-31T23:27:16.000000,699298f1e67387618e8230edbf9591ec,95520,95520,0,,,
2022-11-19T14:52:14.000000,8bf082940691654b98ee8ae0797d1940,15920,3960,11960,,,
2023-04-20T21:20:01.000000,9559aafbec8cd9979cb18772c0435293,15920,15920,0,,,
2023-01-05T09:26:51.000000,4095a583999859339161bfb58df151d1,83200,83200,0,2023-01-05T09:18:07.000000,kakao,0.01
2023-01-17T22:44:28.000000,56e5fb20b249f81fbb9b612cdae5e891,87200,87200,0,,,
2023-10-31T22:43:19.000000,4b5ad20a76531aa17cce0a4c3e3ba15b,15920,13532,2388,,,
2022-11-16T13:16:19.000000,c58d9ae430de3809592e36bcd9322c9c,15920,3960,11960,,,
2022-09-07T11:05:02.000000,f197c8428e73158ddbf32493c4b146fa,15920,15920,0,,,
2022-09-10T11:50:02.000000,5f682d4ecb8526a4e6eb3aec4f8fd34f,15920,15920,0,2022-09-02T16:23:07.000000,email,7.81
2023-12-03T16:50:21.000000,2eee4a2503679e7627d0d2d8da6e52ba,15920,15920,0,,,
2022-12-31T17:09:20.000000,73b5007f6c8995e5430ff5ee5c93f606,79200,79200,0,,,
2023-12-31T22:14:14.000000,16b0fad585801e83f48c4e448bb255d1,95520,95520,0,2023-11-12T10:34:58.000000,kakao,49.49
2023-07-02T15:47:18.000000,4f53e0db8422e1998d5e72f98ebf0a11,15920,15920,0,2023-07-01T16:17:23.000000,kakao,0.98
2023-05-02T11:25:02.000000,9ad4d75b663c732997c2d2732e34f1f9,15920,15920,0,2023-04-25T11:11:39.000000,kakao,7.01
2023-01-01T17:35:51.000000,13cf51f5180398e0a0f18c924b3f3dba,83200,83200,0,,,
2023-06-28T15:00:17.000000,821ca9210adefa15c589c5af021d26a7,131600,131600,0,,,
2023-10-17T09:28:02.000000,d8d08fcd31492fe96851a0ee22923ab0,131600,111860,19740,,,
2023-09-11T23:28:09.000000,7f0ec4adf100c7aba227e7ceaf632f1c,15920,15920,0,,,
2023-01-25T21:12:38.000000,aff49b805bc716bbf76d4d5bb3042924,95200,95200,0,,,
2023-05-10T16:45:06.000000,75b647aad2cfc1471245615d55b5b7ec,15920,15920,0,,,
2023-11-23T15:18:21.000000,3de830185922e1dc01711f950eb5e849,15920,15920,0,,,
2022-12-06T11:00:33.000000,8d5883289354f111fbd6098bd9c9cabe,79200,79200,0,,,
2023-01-11T19:14:23.000000,e16e7253bdfeb0d081c4e9317a109928,87200,87200,0,2023-01-11T19:09:19.000000,google,0.0
2022-12-01T12:09:44.000000,b9cbaa4d797fe4cca22ee455e348bc23,79200,79200,0,,,
2022-11-14T16:23:38.000000,a05c4f195372a237b9420f724b4c1879,15920,3960,11960,2022-11-14T16:22:18.000000,kakao,0.0
2023-08-08T00:00:23.000000,0b5c61fe98075ed16a741c0750b70fd3,15920,14328,1592,2023-08-07T12:34:03.000000,kakao,0.48
2023-09-02T22:27:23.000000,1ceee7acdd732069da19c103505798a2,15920,15920,0,,,
2023-09-06T11:40:48.000000,8190606a3eb855ce5e504cd1f8a50532,15920,11940,3980,,,
2023-01-31T23:29:03.000000,7b4e99a51540fb379312774da76e17d3,95200,95200,0,,,
2022-12-02T23:33:27.000000,703fd985cc8e2eedee488070e48fa426,79200,79200,0,,,
2023-01-09T15:58:41.000000,71a91ccd6fe41cf5faf3450b33e2f706,83200,83200,0,2022-12-28T18:28:05.000000,kakao,11.9
2023-04-03T14:25:02.000000,dcdb33d9d8e85b68b62c7f009258123d,131600,131600,0,2023-03-27T14:11:53.000000,kakao,7.01
2023-01-10T18:59:53.000000,89961c39c2532f05be30b07c76f6338c,83200,83200,0,,,
2022-09-19T18:20:02.000000,d58fdef480a0f86d403b68f9818e9efd,15920,15920,0,,,
2023-01-04T02:37:27.000000,a739e4eeb0057c7921520bf4e89498d5,83200,83200,0,,,
2023-07-31T23:07:20.000000,7bbf95eb7bcd43263548379e95e8b2d7,15920,15920,0,,,
2023-11-27T16:02:12.000000,77bfc47bab6804fbcfe55e4ed0f26ddd,15920,15920,0,,,
2023-01-09T13:53:58.000000,f93bc9db9d1bcd9cdeee84db24ba8a77,83200,83200,0,,,
2023-01-13T21:06:17.000000,6ffde38cfe00af6552ec02b725154aa2,87200,87200,0,,,
2023-05-22T13:41:37.000000,86841a3b8bb4c1b64d33aa4ebd4e14fc,15920,15920,0,2023-05-22T13:39:35.000000,email,0.0
2023-01-24T18:11:41.000000,1a7244199b2f1b02d171f32e36b6a89e,91200,91200,0,2023-01-24T18:07:16.000000,email,0.0
2022-12-02T20:34:02.000000,c1dd2c2afd384d98f88af08a2c997025,79200,79200,0,,,
2022-09-10T09:20:03.000000,fc4705003d9be445b75fe2ecfb0eb4bd,15920,15920,0,2022-09-03T09:08:03.000000,kakao,7.01
2023-01-16T22:43:24.000000,e8d91fdca26f51b410b5a98bb5c90b1e,87200,87200,0,,,
2023-12-31T21:30:08.000000,e6580dfaeb39c428ee906891db51d893,95520,95520,0,,,
2022-11-01T11:05:03.000000,a5d5ddc9edb306e059bed1b1ca57a406,15920,15920,0,2022-10-25T10:54:09.000000,kakao,7.01
2022-11-15T16:05:21.000000,e8ef58ffbbe009929aab20dc01ecc8fc,15920,3960,11960,2022-11-15T16:04:51.000000,kakao,0.0
2023-04-09T13:40:02.000000,6b85c580a068967f8b3989761c70f774,15920,15920,0,2023-04-02T13:31:13.000000,google,7.01
2023-05-04T21:34:28.000000,813e1cf4c980018bdbcffa80686e4378,15920,15920,0,2023-05-04T20:16:51.000000,kakao,0.05
2022-12-31T23:03:25.000000,5c4e7ba79e95d27dd0736d7e4fef181d,79200,79200,0,2022-12-31T23:02:12.000000,kakao,0.0
2023-04-16T19:50:02.000000,c5a01cbfed59380c4890ad5faa72b8ce,131600,131600,0,2023-04-09T19:37:18.000000,kakao,7.01
2022-12-31T21:14:14.000000,5e385f7ea6a86062e167b55913552bab,79200,79200,0,2022-12-31T21:11:35.000000,email,0.0
2023-09-10T22:20:00.000000,1f9f012b4bc0cc1bcb7472b9d6210529,15920,15920,0,,,
2023-02-20T14:45:02.000000,82ae9d50362c14289502672f30a204e9,131600,131600,0,,,
2023-12-26T14:09:22.000000,f001faf46ed4c44edcf9adb559d8f883,95520,95520,0,2023-12-25T21:07:38.000000,kakao,0.71
2023-01-01T22:30:27.000000,67257e496b8cb931509cdf466ccc247f,83200,83200,0,2023-01-01T22:28:09.000000,email,0.0
2023-01-10T10:59:25.000000,712173cb461b008f0357a516fa4ffe12,83200,83200,0,,,
2023-02-03T01:46:50.000000,7db002173092812a2be481b7587eaab7,15920,15920,0,2023-01-31T16:00:42.000000,kakao,2.41
2022-12-29T05:23:02.000000,3ba4a40243f72cf642d156a0459e55c4,79200,79200,0,2022-12-29T02:10:47.000000,naver,0.13
2023-07-25T23:22:58.000000,5809a707cfb3187c020527d10ec4567f,131600,118440,13160,,,
2023-12-19T00:32:48.000000,e64210b4df7084371af45b7acb274d80,95520,95520,0,,,
2022-10-05T17:25:03.000000,eb13432dc4680ce78b8e9f6fda994dfb,15920,15920,0,2022-09-22T00:29:18.000000,kakao,13.71
2022-11-30T17:38:21.000000,85547c8b420567d35fb6e3b580e9759c,15920,3960,11960,,,
2023-08-29T10:47:08.000000,5a30aeadfae83371a36cbe18ff709bee,131600,131600,0,,,
2023-10-10T21:34:20.000000,1fe4dce2d3e38f1014d2c4cbe6339e79,15920,13532,2388,,,
2022-12-14T09:46:07.000000,905beb42eecf617c500825b7bf5874c2,79200,79200,0,2022-11-22T18:11:10.000000,kakao,21.65
2023-07-31T22:16:09.000000,8f7e28daa0313e107fb73d25acf6f9a3,15920,15920,0,2023-06-20T16:59:39.000000,kakao,41.22
2023-01-09T09:15:04.000000,acf046cdc0125e6435d64cc1d24af856,83200,83200,0,2023-01-09T09:13:38.000000,kakao,0.0
2022-12-20T23:06:56.000000,f50a8814bbca45b39568241d7dd1f425,79200,79200,0,,,
2023-07-30T17:51:38.000000,5c48d187d42d00a49f2ccfe07ee9ea7b,15920,15920,0,,,
2023-07-31T14:30:30.000000,589f657698ae0ea5d37f221b24c3dad8,15920,14328,1592,,,
2022-12-31T21:06:33.000000,20adf730eb8ba52147dc1d9c8ed560f3,79200,79200,0,,,
2022-09-08T20:00:02.000000,782d8bafdd276b9149b47c68873a61d9,131600,131600,0,2022-09-01T19:38:20.000000,kakao,7.02
2022-12-31T21:34:44.000000,22a6e41ac63b02d5d0d4e9e9a526c945,79200,79200,0,,,
2023-06-15T13:12:27.000000,736a542e2ad2c7bc7bbf85571f104af0,15920,15920,0,,,
2023-01-10T09:04:02.000000,c6eb562f1b2d3e16436985ed545481e5,83200,83200,0,,,
2022-12-31T23:54:59.000000,9d6e4758f7eb72cd473f344dc9a93dbd,79200,79200,0,,,
2023-07-02T00:42:56.000000,037b29e4ac37e84737fa1c2609287cd5,15920,15920,0,,,
2022-11-24T19:37:58.000000,14e6827f0e51c412332020ea97081e5d,15920,3960,11960,,,
2023-07-27T16:36:42.000000,9291f100a0177f1371ecdefec05ff1ac,15920,15920,0,,,
2023-06-16T18:05:22.000000,72d8db003d6e03d9d6f577c846ae2239,15920,15920,0,2023-06-16T17:53:24.000000,kakao,0.01
2023-04-22T18:30:03.000000,47e18d71359a145be04f3251df1cf10e,15920,15920,0,2023-04-15T18:25:49.000000,kakao,7.0
2023-05-28T20:53:39.000000,2f5f7896fdfb62605d3e6733e7e62a81,15920,15920,0,,,
2023-06-17T00:22:02.000000,bcd3abafd57fc4dbff5f4d238419412e,15920,15920,0,,,
2022-10-06T12:25:02.000000,a4495f33f3a93592ea4eaa5fd95d91bb,15920,12736,3184,,,
2022-10-27T20:50:02.000000,2fa8466c8bd69428a2c743276036ad68,42960,42960,0,,,
2023-01-17T11:48:11.000000,ffd11f40a0163d06c41d2de88c9f4bab,87200,87200,0,,,
2022-12-25T14:04:42.000000,794b861f156fa2942e57b55dda5207f0,79200,79200,0,,,
2022-11-30T11:04:57.000000,5fa05c596a10c5e4ad6fe154d4525e2f,15920,3960,11960,2022-09-13T18:11:53.000000,email,77.7
2023-03-01T21:15:02.000000,c924636d8a8299d99551b4532100240e,15920,15920,0,,,
2023-03-23T16:15:03.000000,2867c385f4eacdd4e0f55fef0c884d71,15920,15920,0,,,
2022-09-11T22:45:01.000000,4fea51feeec1af0884f90c600c0d9787,15920,15920,0,2022-09-04T22:16:58.000000,kakao,7.02
2022-11-08T19:30:03.000000,d3e8de6801a780d942300aa16912b94a,15920,15920,0,,,
2022-12-23T07:17:42.000000,e3e95aa69f9556c983831315521a8db2,79200,79200,0,,,
2023-08-31T00:56:44.000000,5fb01a5291d7b4571a82f79eb47c7770,15920,15920,0,,,
2023-07-23T23:17:52.000000,1af92329cef375ba10d7aca412ed7f66,15920,15920,0,2023-07-23T23:08:36.000000,kakao,0.01
2023-11-13T15:47:48.000000,ec3e7b619fdee939083eb441d21dd9e6,15920,15920,0,2023-11-13T15:35:53.000000,kakao,0.01
2023-03-29T04:35:02.000000,de44be30f1264be78ecb05136465a372,131600,131600,0,,,
2022-12-03T14:37:52.000000,780998f1d650fd25f04a2beffcb602bf,79200,79200,0,,,
2023-01-09T21:22:31.000000,de0bd2cf750b2067499c48ec3549110d,83200,83200,0,,,
2023-01-09T17:35:12.000000,6cd65ab6c63551110d8dca96c7ea634f,83200,83200,0,,,
2023-01-20T18:41:34.000000,ffce1894c44ccf1e6e66cf9d638df142,91200,91200,0,,,
2023-02-13T23:45:26.000000,3e9b6e2550117ea85d158293ff442ff9,15920,15442,478,,,
2023-01-30T16:30:07.000000,3bfc077f9923a4f0f95467d1f0ac5448,95200,95200,0,,,
2023-08-24T15:07:13.000000,d98b47160c80549b07c7ea16ac18f011,15920,15920,0,,,
2023-07-15T16:44:01.000000,c6969cbe018545b52da92d228674c8f5,15920,15920,0,,,
2022-12-19T21:48:56.000000,dda6f55fe3421b301f387de542d0dd84,79200,79200,0,,,
2022-12-30T08:24:13.000000,91d7ec22aca82aac14fcc0817d6c92a9,79200,79200,0,,,
2023-01-17T13:35:06.000000,ac0a2a54d9ff9c2a2321d1e2c25db4fc,87200,87200,0,,,
2023-02-21T20:35:03.000000,4886916584f22c9053d999e27cf41d75,131600,131600,0,2022-10-17T21:33:09.000000,kakao,126.96
2023-08-10T22:46:06.000000,9e400541b81ac7f5d1b71cf08ee9f837,131600,118440,13160,,,
2023-09-12T15:17:55.000000,f44eb397e0f53d0768defa82a24cc625,15920,13532,2388,,,
2022-12-13T14:00:15.000000,f8b6f78002c2182555ef680345f3d920,79200,79200,0,,,
2023-07-27T00:55:59.000000,1b52a803242b38b5583e5e85202939a6,15920,15920,0,,,
2023-08-21T16:45:34.000000,392af1fbbd883efb2558409ebf4bac0c,15920,15920,0,,,
2023-06-22T19:09:55.000000,8d263e50bc23f83a42f2ed642b510cb2,131600,131600,0,,,
2023-01-24T23:27:59.000000,503cc9e4ed08944b06b4938e6c071f36,91200,91200,0,,,
2023-08-06T12:43:59.000000,def001821ff95c66b7cc8a233b2314d6,15920,15920,0,2023-07-12T22:05:51.000000,kakao,24.61
2023-09-10T20:28:43.000000,1a81cfb8caa93e296d9f333b81b1d70c,15920,14328,1592,,,
2023-06-25T13:40:05.000000,34cd9bb274fc8a5ec8e38b08d32835a0,15920,15920,0,2023-06-25T13:25:55.000000,kakao,0.01
2022-12-25T21:13:49.000000,4d2668274d8a6c3caf01722b8164f89e,79200,79200,0,,,
2023-01-23T19:31:04.000000,b245253f367018932615ff77556ab7ec,91200,91200,0,2023-01-23T19:23:02.000000,kakao,0.01
2022-12-23T22:14:12.000000,e08d4ba86347146dbbe145774d28c96b,79200,79200,0,,,
2022-11-16T12:16:27.000000,a9a13ccf496f46d4f5ebdefd26f48975,15920,3960,11960,2022-11-16T11:59:50.000000,kakao,0.01
2022-11-27T14:24:05.000000,51f034749f1cfcd8daba8fffc19ab51b,15920,3960,11960,,,
2023-11-04T18:45:45.000000,cdd5348c4f3bfb44abd0f09265bfbeab,131600,131600,0,,,
2022-11-15T16:10:22.000000,cc7b020889a68e7897876efd5dfc7d84,15920,3960,11960,2022-11-15T16:04:16.000000,kakao,0.0
2023-12-19T16:58:17.000000,b44d810b2d4b90ec75a156a904469780,95520,95520,0,,,
2023-01-28T11:52:40.000000,cd32bf327a5cc043a5a69f8ebe727796,95200,95200,0,2022-10-30T20:37:39.000000,email,89.64
2022-12-20T23:02:56.000000,ff9c73fd15da305b55ff7eaf854c0915,79200,79200,0,,,
2023-06-14T19:10:39.000000,f6bfc999c5d8b23b38f9e080b096108d,131600,131600,0,,,
2023-06-25T20:35:59.000000,08d5c99e8bc6dabeb7667a12dff39ca7,15920,15920,0,2023-06-25T20:31:21.000000,naver,0.0
2023-11-23T11:34:01.000000,f833cca4c382ac8c502c6f99bc432725,131600,131600,0,,,
2022-09-24T14:35:02.000000,d05daf071c79f85232ffc1deffdd6477,15920,15920,0,,,
2023-12-20T19:52:19.000000,e4a211f593666ccad63b7aca7f8d8172,95520,95520,0,,,
2023-08-29T01:03:59.000000,2fa9353240096b96a3b26b3ccb19d534,15920,15920,0,,,
2023-09-07T09:08:28.000000,b53bd0dc1169ef42c683f95993b2f045,15920,15920,0,,,
2023-07-17T21:41:03.000000,3f56b77d820b791c7c91bac3d971c7d3,15920,15920,0,2023-07-17T20:20:31.000000,naver,0.06
2022-11-30T16:46:07.000000,9407eda54c88ae80b8af81a692e596a8,15920,3960,11960,,,
2022-10-02T16:45:02.000000,e8cd35c55a267d0467c23ddb2cd27a0c,15920,15920,0,2022-09-29T16:40:03.000000,kakao,3.0
2023-12-11T11:28:01.000000,3c77efbb2304f8aaf3754912f4e941c3,95520,95520,0,2023-11-20T10:52:27.000000,kakao,21.02
2023-07-11T22:47:16.000000,51c7830f9a9d4b133d99f3428a218907,15920,15920,0,2023-07-09T22:23:59.000000,kakao,2.02
2022-12-13T19:15:27.000000,f06607a95afb10b6605af0f9f707f818,79200,79200,0,2022-12-13T19:10:19.000000,email,0.0
2023-11-07T04:49:31.000000,84b851b65adda7438523969c0034b201,15920,15920,0,,,
2023-01-05T12:00:32.000000,17580fbdba6561829caaef89da5f9929,83200,83200,0,,,
2023-02-01T00:15:03.000000,3e0f99f28e28196e4a267d19c335f444,131600,131600,0,,,
2023-03-12T23:29:49.000000,07208b0fe79f68d4e272c331279713f5,15920,15920,0,,,
2023-01-10T22:12:52.000000,88853c5a439656b118a483d4cf67ade4,83200,83200,0,,,
2022-10-17T15:50:01.000000,d735e8518d9e4aa6f18f4caec1bf8f4d,131600,131600,0,,,
2023-07-01T17:52:57.000000,2a346fb5ced3554ce952867b65977c6b,15920,15920,0,,,
2023-05-02T20:03:23.000000,5c8ec83899982b530278b826e5d4b340,131600,131600,0,2023-05-02T20:01:39.000000,kakao,0.0
2023-06-21T14:07:24.000000,eb9393f9a58f3c181401ca7d24cd8498,15920,15920,0,,,
2022-10-30T12:45:02.000000,5fb76e4643411b50fa9822368916561f,15920,15920,0,2022-10-23T12:37:55.000000,kakao,7.0
2022-11-27T20:24:24.000000,ebb5657763641642064ce737d1ebc468,15920,3960,11960,,,
2023-06-16T17:33:38.000000,153acccef564f3e661971443def37bef,15920,15920,0,,,
2023-05-04T13:48:16.000000,80b727380902f75220bb05a272d7f4d8,15920,15920,0,,,
2023-11-25T22:34:09.000000,46f53f432d8cbfb16422a102af4c4454,15920,15920,0,,,
2023-02-16T18:00:02.000000,b04ecf6612e56df8dc1d48615941f067,15920,15920,0,,,
2023-01-25T14:25:02.000000,5ce3e13a2db2a72ecfca7037aa282d3c,15920,15920,0,,,
2022-09-10T18:10:02.000000,ad661e25866e73c391721ff56f9c14ef,15920,15920,0,2022-09-03T15:29:09.000000,google,7.11
2022-11-29T20:51:23.000000,ab45eea077bc1c8bfbe9bf48536b2e86,15920,3960,11960,,,
2023-04-04T21:55:02.000000,475efa7f44c2d62b4cbb567e3c21c204,131600,131600,0,,,
2023-04-11T21:45:02.000000,a861512f4cdca0cec8d58546b9c27b0b,131600,131600,0,,,
2023-11-25T04:43:17.000000,7841860ee2e4d9724222cd5e238b6c18,15920,15920,0,2023-11-19T07:41:35.000000,naver,5.88
2023-10-09T17:12:48.000000,5d571d8313b9fd3df4fc8944497dccbc,15920,15920,0,,,
2023-01-01T03:23:50.000000,ab575aa00f3f87dcd849c95ab5c0b761,83200,83200,0,,,
2023-08-19T23:53:18.000000,0cbd5da49a229c957aeb85ef48e61c85,15920,15920,0,,,
2022-10-07T06:15:02.000000,fb2c62b58e00cbe6b815b35ccd495268,15920,15920,0,,,
2023-02-23T10:25:02.000000,581b827f9e6c52e14f83f3d61bd07ee7,15920,15920,0,,,
2022-11-30T23:34:05.000000,53978ec2c708e8b86cf9024e01a9f4fa,15920,3960,11960,2022-11-30T23:32:36.000000,naver,0.0
2023-11-07T11:56:57.000000,7d91fa51ee1ade2b56ee1c26cfb04a6b,15920,15920,0,,,
2023-12-16T17:07:42.000000,b5d134693a1cc7e7975c84937ec2a65d,95520,95520,0,2023-11-22T19:07:53.000000,kakao,23.92
2023-10-22T17:17:21.000000,bcceb8d9c8dee0cb69f940856420e59d,15920,15920,0,,,
2023-07-19T18:30:45.000000,99ae759bfc8d065dc814a7373a6a80ca,15920,15920,0,,,
2022-12-01T11:54:06.000000,96ef8eaf72f1f8d47ecf2d690fe269f6,79200,79200,0,,,
2023-01-31T00:46:53.000000,f7be1286820cd9c409450f1b9bdad6e3,95200,95200,0,,,
2023-01-24T23:33:17.000000,a4eedf4f6f6cf9a3f9fd7bd8a2097060,91200,91200,0,,,
2022-12-31T23:28:47.000000,4d02f315e86ff83f47911d2ee7d63be6,79200,79200,0,,,
2022-11-29T14:24:38.000000,0e8269c94b7a338347e0db335a6aaace,15920,3960,11960,,,
2023-05-22T17:07:11.000000,b680bbea790d5b642466e7833f96226f,15920,15920,0,,,
2023-03-19T06:30:02.000000,2a77d317eb02050315ca202de6facaa2,15920,15920,0,,,
2023-06-25T01:16:07.000000,59a99d27ccd00f2fc02678e3b5d95161,15920,15920,0,2023-06-20T14:59:39.000000,kakao,4.43
2022-11-07T09:30:53.000000,6a653b625d012548b80d0e21279a3ebe,15920,15920,0,,,
2022-12-31T17:49:23.000000,d20a6c61495fad2fcda3c9c42ea0c541,79200,79200,0,,,
2023-06-23T13:38:55.000000,bfd8a6261007c3211fac33d593c4ba06,15920,15920,0,,,
2022-12-31T23:48:58.000000,44b77c4b10b428a1ad5c89011d0fe27e,79200,79200,0,,,
2023-10-20T20:20:57.000000,78b1bd24a70f59da6337c824aeb4855d,131600,118440,13160,2023-10-19T22:04:40.000000,google,0.93
2023-09-02T11:18:04.000000,0f009f2cab8b42d7e26979aad8ac0c5d,131600,131600,0,,,
2023-08-10T15:15:34.000000,835e1217ded59339a1ab5a739f9c5044,15920,15920,0,,,
2023-10-28T21:09:17.000000,b039e81fd14471124a1c0d6a93d14c87,15920,13532,2388,,,
2023-01-31T22:47:31.000000,8c5529bf94c0b03a901c362bc7556905,95200,95200,0,,,
2023-01-09T22:00:44.000000,276c213c8a7b4ae03b1cba21a3ecfa6c,83200,83200,0,,,
2023-11-21T14:29:06.000000,d4e90ed9a5faf1fcfa9b7dfba5a3c81a,15920,13532,2388,2023-11-21T14:24:27.000000,google,0.0
2023-06-17T18:59:49.000000,b51de6c8e06afb3475e85e4f601e7e6e,15920,15920,0,,,
2023-07-17T16:08:12.000000,5c834deff30e109b9d8d0943b4295147,131600,131600,0,,,
2023-01-05T11:10:30.000000,4b413a77e7e7d9547084c1605bfbff3d,83200,83200,0,2022-09-24T02:14:22.000000,kakao,103.37
2022-12-12T12:06:23.000000,e712c5403087decdf58e47fe0e3d1309,79200,79200,0,,,
2023-03-19T23:40:03.000000,54be50a62cd8334e4465560ac59ea74c,15920,15920,0,,,
2023-12-15T16:24:59.000000,2e96e01bb82372d697a37e4e97c21dcd,95520,95520,0,2023-12-15T16:16:41.000000,email,0.01
2023-09-06T00:07:13.000000,3ef0e3528a76ab6c0f4a77424d92c88d,15920,13532,2388,,,
2022-11-30T16:01:35.000000,6c590590b2eead40319d5e4a315aee20,15920,3960,11960,,,
2023-07-03T17:05:50.000000,4083bfdc0e03ab3da049d3455ad6596a,15920,15920,0,2023-07-03T16:44:28.000000,email,0.01
2023-11-09T17:44:18.000000,cc4d6f39954761e7a18c3f89e5334d64,15920,15920,0,,,
2022-11-30T18:24:35.000000,29d14b2eb078dc61fe97da950f84b0cb,15920,3960,11960,,,
2023-10-02T11:47:07.000000,619b96d3e4853a228bf434e4aa4aa312,15920,15920,0,,,
2023-08-31T19:05:48.000000,69d916faedf7e8f7e4236fea1be8d169,15920,15920,0,,,
2023-07-09T21:09:57.000000,b490793cc4d4e4643e4bdddac4943529,15920,15920,0,,,
2022-10-23T20:40:02.000000,6690cb25d620c560c94fb856d0d4883d,42960,42960,0,,,
2023-01-09T19:45:53.000000,c66b31a20561b27b797853441f0b37ed,83200,83200,0,,,
2022-12-11T21:40:47.000000,a8deb7c14cfc08fe08d70cecb739f700,79200,79200,0,,,
2022-09-12T10:50:02.000000,8d4ef706bce8ee167fa81aff3013849f,131600,131600,0,,,
2023-06-30T17:57:20.000000,2fd3df396c2054d99520662fb0af60cc,15920,15920,0,,,
2023-12-08T14:25:28.000000,98697f086c5ad34aee850206f0e8cf86,15920,15920,0,,,
2022-11-16T20:17:54.000000,144d51b67dc5ec0480515c095cac3543,15920,3960,11960,,,
2023-12-28T21:06:48.000000,9ac1ecb6104a8f2e51f885edb68bf530,95520,95520,0,2023-12-20T22:35:40.000000,kakao,7.94
2023-08-29T19:51:36.000000,881255ae247692e2cd22104e7dcb5d28,15920,15920,0,,,
2023-09-13T14:05:28.000000,89d1d11821c98e9326477d3494521745,15920,15920,0,,,
2023-01-10T17:55:04.000000,6316df375b1646a9f9840a431643ce91,83200,83200,0,,,
2023-12-17T13:15:01.000000,742649afa8c59f725bc770f5071ef881,95520,95520,0,,,
2023-07-08T23:08:03.000000,1c39757aed28c5baffe341a5e6f2cc46,15920,15920,0,,,
2023-06-14T22:50:59.000000,c295798b2df5d995c2a988de53583df2,15920,15920,0,,,
2023-07-04T21:17:18.000000,5802bceee9ecedf9a8b5608598bc19e0,15920,15920,0,,,
2022-12-09T15:51:24.000000,0c3ac59ef3016e68f42ec06167308a0b,79200,79200,0,2022-12-08T01:30:57.000000,kakao,1.6
2022-11-22T15:33:12.000000,ef95811cd4e5e44fe36345d99fa9a7a9,15920,3960,11960,,,
2022-11-30T23:55:01.000000,fcd35117552cb1517dee6b99a0473307,15920,3960,11960,,,
2022-09-30T16:15:02.000000,7871cbf269238a8bfa9cb28ac9cc4c57,15920,13532,2388,2022-09-23T16:11:53.000000,naver,7.0
2023-04-23T21:20:02.000000,ec1c121e25537bbfa6f18759e7179401,131600,131600,0,,,
2023-04-10T02:35:02.000000,bb81640da46150a57b12716de3b18716,131600,131600,0,2023-04-03T02:06:49.000000,kakao,7.02
2023-01-16T23:24:22.000000,3f7a6c3e36277337ece3d8625ca373af,87200,87200,0,,,
2023-12-06T20:12:23.000000,880c72434c4e1eecca0b8bb58fffa416,15920,15920,0,2023-11-26T15:51:38.000000,naver,10.18
2023-12-05T13:56:59.000000,7395ad69fad99c69b0735782fe41a5f1,131600,131600,0,,,
2023-02-19T19:30:03.000000,f4dbcead9dfeb117b2292d3a15ff5986,131600,131600,0,,,
2023-02-15T02:20:02.000000,4aacb4a50d066df5f31bcd6c2abf98c0,15920,15920,0,,,
2023-01-16T14:22:47.000000,2dadf2d658c537acd6f208eeabc3cd78,87200,87200,0,,,
2023-09-13T23:18:10.000000,3e42aa105f2996261256585052eb1480,131600,118440,13160,,,
2023-09-12T08:54:07.000000,c9fd190cbe66ea37e0501eec571786fa,15920,15920,0,2023-09-11T08:19:11.000000,kakao,1.02
2023-02-22T19:10:02.000000,6f3c066c76f2359ac69f0caed5bf1edf,15920,15920,0,,,
2023-01-10T18:55:28.000000,52e2246ac215ed7fd7afffe0767bb40a,83200,83200,0,,,
2023-05-05T22:10:02.000000,33f6917f5d1106657656fce00afa12d0,15920,15920,0,,,
2023-01-09T22:48:05.000000,7b67cacf5517481e57e7b76cbc7551d2,83200,83200,0,,,
2022-11-20T20:45:02.000000,dc3e8486502adda846a92702537366ff,15920,15920,0,2022-11-13T20:18:07.000000,google,7.02
2023-01-10T20:25:45.000000,430d17fa4d63cac92face836e2704ee1,83200,83200,0,,,
2023-10-02T17:48:16.000000,6fc7307bff4fb6ae5e4c4d2edd754cd3,15920,13532,2388,2023-09-27T09:19:29.000000,email,5.35
2023-07-17T19:55:26.000000,61270b43f7cc48e678ec3d378f38dc39,15920,15920,0,,,
2023-01-30T15:01:29.000000,a8efa45de28abeae4303fd4996d2ba32,95200,95200,0,,,
2023-05-14T22:27:29.000000,209165aff85d97c51377d132175ba82c,15920,15920,0,,,
2023-06-07T10:05:46.000000,21ad79fe69b61cb7eb3f71ae7f276519,15920,15920,0,2023-06-07T10:03:07.000000,email,0.0
2022-11-30T20:26:14.000000,369a57c537776aa92397d036cc1ad351,15920,3960,11960,,,
2023-05-09T10:23:06.000000,7bd149282c7498793e6c31a4f449744f,131600,131600,0,,,
2023-12-17T21:37:17.000000,375e2428f55b4bed3c3b9d59ad91822d,95520,95520,0,,,
2023-10-02T13:44:13.000000,04d7fa0c3f0783d52c535baaa1585537,15920,15920,0,,,
2022-09-25T20:05:02.000000,90c8ff07b067f4406143d95a11f9941a,15920,15920,0,,,
2023-05-07T19:45:02.000000,b8c4a0b691c8c1d4e60c5b8dbcc63896,15920,15920,0,,,
2023-12-20T12:17:39.000000,51e57b75c69a0f04705660c37953e3a2,95520,95520,0,,,
2023-12-31T21:38:01.000000,05655389f9eb1d30ce1b6fb86e0376c7,95520,95520,0,,,
2023-09-20T23:14:13.000000,1d0060ba28119f2b87462b9615fb1b69,15920,13532,2388,,,
2023-09-09T17:33:01.000000,220bd75ab97a4d1482546ed225ac842c,15920,15920,0,,,
2023-01-15T01:36:40.000000,adb6e4485282183b4095a41abfee9ac9,87200,87200,0,,,
2023-07-17T13:34:46.000000,ae6b637523b6f9d14b7d885a9055c830,15920,15920,0,,,
2023-04-24T22:53:23.000000,2b1301d78d7ed28e078a85196e6247a2,15920,15920,0,2022-10-11T21:14:03.000000,google,195.07
2022-11-30T15:32:09.000000,97b47c4d150dbe4c5ff138d2bf256c6b,15920,3960,11960,,,
2023-06-14T03:22:06.000000,2515d0f72a29453b204a4bedd147f19e,15920,15920,0,,,
2023-01-15T19:53:46.000000,f794acc0f5ef267ae101c45fbad2946a,87200,87200,0,2023-01-13T16:26:04.000000,naver,2.14
2022-12-20T19:03:09.000000,62dad8d8c495a26db21aa69d241f0206,79200,79200,0,,,
2023-09-12T22:20:15.000000,28143403984f8951b54cd49cb4863abc,131600,131600,0,,,
2023-08-11T09:41:24.000000,cb04c2cc7c141f204018bdeea709a8e4,15920,15920,0,2023-08-10T18:12:44.000000,kakao,0.64
2022-12-14T20:56:57.000000,9949d7f87cd9c06c310db1c5cb1c13af,79200,79200,0,,,
2023-07-31T15:06:28.000000,24859307271bb437316f2fc1072bcf42,15920,15920,0,2023-02-03T12:09:10.000000,kakao,178.12
2022-12-31T22:26:38.000000,01b1c6b2626eb70b9225df52c1a6f63c,79200,79200,0,,,
2023-12-10T20:59:42.000000,f8246534a6267714e1079b78248d0f99,15920,15920,0,,,
2023-12-06T21:45:14.000000,041688b6b0b7fad673f0a73b4f26f63e,15920,15920,0,,,
2023-01-14T21:22:59.000000,9ae2b4431d576c978f3e94d92f244874,87200,87200,0,,,
2023-01-17T22:43:54.000000,abadce39d573b1f976165f5bd7bb1aae,87200,87200,0,,,
2023-01-03T23:15:52.000000,ae9f90a90ecc37e8f42fee086ffff856,83200,83200,0,,,
2023-01-31T13:48:53.000000,d777349fda3af2f281a95a270ee18f14,95200,95200,0,,,
2022-09-04T16:47:07.000000,d138ad7a53238684f190a3b349a495a3,15920,15920,0,,,
2023-08-21T17:32:14.000000,39e648ffcc7764bef01c757e9e5bd4c3,15920,15920,0,2023-06-26T10:18:26.000000,google,56.3
2022-12-20T20:42:59.000000,e612b77630620c79cfe3b96ecce84c79,79200,79200,0,,,
2023-07-19T15:28:13.000000,145ebd098c504fc92371e63b36f516d0,15920,15920,0,,,
2023-12-30T11:55:34.000000,00b6984bde78fc252edf0d51a0c0367e,95520,95520,0,,,
2023-01-29T22:40:36.000000,ec45fbb328034bc839fad8f5d48789f9,95200,95200,0,2023-01-29T22:39:54.000000,email,0.0
2023-04-03T15:30:04.000000,c3589981d1126982e5d59fb46d6a6d85,15920,15920,0,,,
2023-08-03T14:07:23.000000,09205e6273889e770130490d03f4f1c1,15920,15920,0,2023-07-31T09:53:37.000000,kakao,3.18
2023-06-10T22:50:19.000000,db70b5a3eb2018293ba83e22ea7038d5,15920,15920,0,,,
2023-11-02T05:52:26.000000,87b75aba7374f92b1fb085a9354d73a8,15920,15920,0,,,
2022-09-08T09:00:02.000000,2f3d5a3c60667afd6bfb0218d4bfe0ac,42960,42960,0,,,
2023-04-28T16:22:49.000000,aefd2d8b617f311b866d0387b0e53fcf,15920,15920,0,,,
2023-04-02T23:05:03.000000,0695bdf05f0891a192e831ecd33a5ba9,15920,15920,0,,,
2023-09-26T08:47:45.000000,2420b9619a2195fe6756bc5f8d09eefd,15920,15920,0,,,
2023-06-27T18:55:03.000000,7f2d2dc57d713f825fcb5241e403f283,15920,15920,0,,,
2023-10-19T11:20:46.000000,82f6da88e361e1cc1ffc1dbb73fefb95,15920,15920,0,,,
2023-01-30T11:13:44.000000,53eddfb2aab18a2d0765e47ad86f60a0,95200,95200,0,,,
2023-09-15T14:18:20.000000,8ef24f54d69cad6bf496c8a693318e8b,131600,131600,0,,,
2023-12-31T20:59:46.000000,969a61fe313d4091a9f5c9e0b46aac28,95520,95520,0,,,
2023-11-12T16:17:24.000000,1fc58bc9c10760ff0d367522f0b26155,15920,15920,0,,,
2023-01-10T04:34:19.000000,c623dd0eb2fdc7cf14ae3248a613f5ea,83200,83200,0,,,
2023-06-27T23:14:31.000000,b374004324b07915f9023bd39ca1021f,15920,15920,0,,,
2022-10-16T15:56:48.000000,9196680e5a249bcb85e438e81f573f81,15920,12736,3184,,,
2022-12-28T06:38:26.000000,a69a211cdcafbc390f3b8c9671805c44,79200,79200,0,,,
2023-07-11T19:37:20.000000,b4ef5971783b6491aeea010702e5b282,15920,14328,1592,,,
2023-05-17T20:53:52.000000,c5e7eedc9a04eea5642801990cf3748d,15920,15920,0,,,
2022-11-30T21:32:22.000000,e2c735315ba3aaf0b02f15e959797715,15920,3960,11960,,,
2023-06-15T09:27:14.000000,9e85cd35a20abc52c2369b9ab9fcd3c6,15920,15920,0,,,
2023-01-24T22:16:57.000000,5adfe5ac9f8636dbd9733b68de3b6d33,91200,91200,0,2023-01-24T21:20:41.000000,kakao,0.04
2022-11-30T11:40:07.000000,7dc8853b55272074a54481aaa02c71a6,15920,3960,11960,,,
2023-10-17T14:23:17.000000,a87541e196a42c58fd47f923e08f6fb3,131600,131600,0,,,
2023-01-24T23:56:13.000000,1afe479584143c1240479f5097202ca1,91200,91200,0,,,
2023-03-24T16:25:02.000000,b874a071769ce680dfbcdf07fc74c3b5,15920,15920,0,,,
2023-07-08T13:40:12.000000,f3b8754237e653bd5cb36e30f18a0bfe,15920,15920,0,,,
2023-05-02T16:50:47.000000,887c0526a86c56eb31ddb663f8fa0e5b,14328,14328,0,,,
2023-05-20T20:41:56.000000,a5386f6a1f8d48b3f4b7a3a1f3eea538,131600,131600,0,,,
2023-01-16T18:54:12.000000,685e823936e113b66f93bf8ba00e459c,87200,87200,0,,,
2023-08-17T20:36:49.000000,50571ccb5d00d6721d581a59563b0ea3,15920,14328,1592,,,
2022-11-30T22:16:04.000000,a91f00eb876b650aa60d9f85c6b8e80d,15920,3960,11960,,,
2023-07-30T15:37:05.000000,02c35c28808cab09e2f87dbb853694fa,15920,15920,0,2023-01-29T19:30:37.000000,kakao,181.84
2023-12-27T20:05:54.000000,092238da24686144d4c74e5b76a9d919,95520,95520,0,,,
2023-12-11T11:23:25.000000,6bc4cbe9ac1a5c36182f6048bfd5a64e,95520,95520,0,,,
2022-12-20T23:11:04.000000,27219fb588c5c7d25edcbc558c1bae4a,79200,79200,0,,,
2022-12-26T22:12:44.000000,cdb3ed2c856cb46a32f984a088e93f9c,79200,79200,0,,,
2023-05-07T23:03:15.000000,7028e27bcfa28d1263b17e81edbb68c0,131600,131600,0,,,
2023-07-19T23:09:40.000000,84e44ab184fe49db0d8d1cedd633a7be,15920,15920,0,2023-07-19T23:04:23.000000,google,0.0
2022-11-23T19:37:35.000000,cfa1458f7cb1e2b24131374408baf1d5,15920,3960,11960,2022-11-17T13:17:53.000000,kakao,6.26
2023-07-03T17:11:19.000000,970164af37fc94e53468f1b5d6722de9,131600,131600,0,,,
2023-03-19T22:55:02.000000,f36d30524b1ec320bfbe94f6a21d1536,15920,15920,0,,,
2022-11-30T19:45:34.000000,81511374fdca254feaa9c1b555550f47,15920,3960,11960,,,
2023-06-15T21:41:24.000000,aaf4c2a5b0f49c99de74c593e47063b2,15920,15920,0,2023-06-12T18:31:18.000000,kakao,3.13
2023-06-22T22:11:33.000000,469dde7d961ab1a0c680dfe64e090e3e,15920,15920,0,,,
2022-10-19T14:05:01.000000,4e7568cb7db01f8386614ec2c6c961cd,15920,15920,0,,,
2022-09-01T19:46:12.000000,7c8a344254ad55957e517c91398a19e0,15920,15920,0,,,
2023-01-23T14:40:25.000000,cde467cce9ff8919c8b5212cba062f78,91200,91200,0,,,
2023-12-17T01:48:03.000000,b2eaa97386ae5aac8f19a08a125206c5,95520,95520,0,2023-12-17T01:39:05.000000,google,0.01
2023-03-29T21:10:03.000000,3b845d623701c9661a7feb8bf32a5c2d,15920,15920,0,,,
2023-01-17T10:42:16.000000,afbab780ff84faf34f0657454f117f7b,87200,87200,0,,,
2022-12-30T09:19:00.000000,92130d0bef2864a03f8545d4bfc42683,79200,79200,0,,,
2023-08-14T17:54:16.000000,512db413cf37744f27b5733167b6148d,15920,15920,0,,,
2023-01-06T18:13:26.000000,34a300f379f167bcbb9aeff904763b42,83200,83200,0,,,
2023-01-24T12:49:41.000000,3810f4483bf06342c00b1904fee562d8,91200,91200,0,,,
2023-04-19T00:06:11.000000,bd3f95c63a7d337f9ae1fa816236579f,131600,131600,0,,,
2022-12-07T11:00:31.000000,c36c3f99cae41dd33d0a3f684e206abf,79200,79200,0,,,
2022-11-23T21:52:07.000000,c75243df1e0bfef5eb0ab6a69a479d76,15920,3960,11960,,,
2022-11-30T23:35:19.000000,c2e50efc0fd89839049266ce0f69c5cf,15920,3960,11960,,,
2023-01-15T20:58:37.000000,bab1adbaa02fc34fe9b2754177350fa7,87200,87200,0,,,
2023-10-04T18:04:31.000000,810d0dd6775040d6f4077af0625e912a,15920,15920,0,,,
2023-11-26T18:58:04.000000,6a8ccc57785930b7575e8816bc32e071,15920,13532,2388,2023-11-26T18:46:36.000000,kakao,0.01
2023-06-26T09:59:37.000000,5367c72eacdb85da1ade1f9c8e16a08e,15920,15920,0,2023-06-26T09:46:31.000000,kakao,0.01
2022-12-20T12:54:34.000000,68e8f6f955837efc1107cd8e37cdc983,79200,79200,0,,,
2022-12-20T23:15:14.000000,f02dad8339c7076ebae9ea569cd7aea7,79200,79200,0,,,
2023-07-25T11:21:03.000000,7a7f868b69e182517be1654c71dfe85d,15920,15920,0,,,
2023-09-27T19:58:15.000000,3a47febb05bb3bb62818b434f3236105,131600,111860,19740,,,
2023-01-17T22:48:42.000000,be2e0a7fde038675194f1b255e22de22,87200,87200,0,,,
2023-09-01T23:15:04.000000,7a4ba24ef1f418e776d4870b434bed15,131600,118440,13160,,,
2022-11-28T20:31:00.000000,d1d8d98d4e2f7982c8d881cdbe98183b,15920,3960,11960,,,
2022-11-23T09:27:50.000000,7465eb1c6dbebc2f3e5eea66b249dd2e,15920,3960,11960,,,
2023-09-30T15:05:48.000000,3e2448fd0089c2eddcffd40eee262eaa,15920,15920,0,,,
2023-08-25T20:15:53.000000,9ca85810742cea279fbf19ec4a762594,15920,15920,0,,,
2023-08-01T19:21:39.000000,b88c4246311ecb3a34eec6b1d1dd4a6b,131600,118440,13160,,,
2022-10-09T00:27:23.000000,c2a076ae427656738e9f508439169721,15920,15920,0,2022-09-12T00:45:10.000000,kakao,26.99
2023-11-30T17:41:16.000000,2c414efd89a92571006b320ae8d24864,131600,131600,0,,,
2023-01-31T11:51:46.000000,1419b4a1a177cbb658ef5b2c3f721ad4,95200,95200,0,,,
2023-08-06T23:59:11.000000,903a242ab2cf63ec115226729b886ac1,15920,15920,0,,,
2022-11-22T13:58:47.000000,06b9025964704e0ba646e36871dd9c03,15920,3960,11960,,,
2023-08-27T23:06:06.000000,563298483a6ea7eafcfafc2af60825d3,15920,14328,1592,,,
2023-09-10T14:03:18.000000,9fd4e4a0c2b059dd6d5b0bc5d918698b,15920,13532,2388,,,
2023-10-17T22:57:21.000000,8998fae461d78c0d4120f8c38b384461,131600,111860,19740,,,
2023-07-02T22:18:27.000000,076616fc9f659b0b06078aaecfec1791,15920,15920,0,,,
2023-01-10T23:14:40.000000,8176d957f79786dc7fa638ef4847dbde,83200,83200,0,2023-01-10T23:11:22.000000,email,0.0
2022-11-17T01:21:40.000000,4240f365be9c0a8e4a5668766ee72d3e,15920,3960,11960,,,
2022-12-06T13:55:33.000000,dd13822097f0c659c96d6088512c0c10,79200,79200,0,,,
2023-12-10T21:45:25.000000,47808512b9855c0b004f104d0392a2f4,15920,15920,0,,,
2023-11-05T16:28:02.000000,8ed66c5f5852e616c2544d30bfddae4c,15920,13532,2388,,,
2023-05-12T20:00:03.000000,924fd0944cce09ad64955102ac4399a5,131600,131600,0,,,
2023-01-29T14:47:28.000000,908d7fa0af66ade7780ccbd71fc79979,95200,95200,0,,,
2022-12-29T22:00:58.000000,9893fa95447afe3b4ff52596f216a11e,79200,79200,0,,,
2022-11-29T14:37:39.000000,d26c243df27e0a58e6b4b58237dd1039,15920,3960,11960,,,
2022-09-24T12:55:02.000000,2800273429ec0df0d7248d84f8a35af0,15920,15920,0,,,
2023-12-13T16:59:08.000000,a3c09d24b1f9b4825d841e75f49ae15b,95520,95520,0,,,
2023-06-19T17:14:42.000000,5e5384b48587eaeb65c8b148c3c44633,15920,15920,0,2023-05-19T17:07:12.000000,email,31.01
2023-12-03T19:13:19.000000,7cde4a19561c8c65d70d371d4442fe03,15920,14328,1592,,,
2023-11-24T13:52:12.000000,ad4ce85cc28a634579dac85888bd4d87,131600,131600,0,,,
2022-12-07T12:33:35.000000,b79189be30d7579e75258d2135968343,79200,79200,0,,,
2023-07-23T15:05:34.000000,52c8f063ab164315eb9be9844621a088,15920,15920,0,,,
2023-09-04T14:31:09.000000,45401aaac13f6ac29a1b1de90b666ade,15920,15920,0,,,
2023-10-13T15:45:56.000000,da295fff2a78b54dcbdea5ab0dfda603,15920,15920,0,,,
2022-11-20T17:18:21.000000,9faaf56c1b8bc474b10e3198413a783c,15920,3960,11960,,,
2023-12-25T19:57:05.000000,a26b33454e072381d54f4763753689ab,95520,95520,0,,,
2022-12-13T12:52:43.000000,514a72b87decd18e90ade2e88826d627,79200,79200,0,,,
2023-01-02T18:05:03.000000,f791992ea4b590d1a64e86779f7dc6cd,15920,15920,0,,,
2023-10-13T22:54:48.000000,ce78bd96fd2c564b20d84a8e15a3e58d,15920,13532,2388,,,
2023-06-23T13:43:39.000000,d12cce75f34b50e9ece527825ca92eed,15920,15920,0,,,
2023-04-12T00:00:57.000000,def40db2406637c40d510568f7459f14,15920,15920,0,,,
2022-10-08T13:20:01.000000,dfe0ef17a7e089d1829c617805920d5b,15920,15920,0,,,
2023-05-01T14:40:03.000000,4eed7a4ff1a1134b4fa75774bfe79fb7,15920,15920,0,,,
2023-08-17T20:11:33.000000,8e1a8aac1ede8536b1f277693bfc7fef,15920,14328,1592,,,
2023-11-17T13:10:27.000000,49861aaf0c37532a9bf976408708a9a0,15920,15920,0,,,
2023-04-07T17:15:01.000000,c96cca4f846e9de6eed8f19507b59823,131600,131600,0,,,
2022-12-30T18:07:13.000000,ecb631671cc68583668a7e888e248a18,79200,79200,0,2022-12-29T21:24:05.000000,kakao,0.86
2022-12-28T00:18:06.000000,ccb17d054fb48e1e9c0299bdda349b78,79200,79200,0,2022-12-27T19:26:06.000000,kakao,0.2
2023-10-13T14:53:09.000000,0a0d2e99b01ee83643c797afa7205810,131600,131600,0,,,
2023-01-15T13:22:04.000000,ff938d67838a068d705e255117fa242b,87200,87200,0,,,
2023-02-21T21:55:03.000000,67fbc7984b6129292b9de9ecb8e6981b,131600,131600,0,,,
2023-04-15T13:37:09.000000,ed5a87fcb2a168c3ccf5ee8045334c62,15920,15920,0,2023-04-04T22:12:44.000000,email,10.64
2022-12-20T09:31:37.000000,55aae7a14ec4b844262bcc998dc0345b,79200,79200,0,2022-12-20T09:30:08.000000,kakao,0.0
2023-08-30T20:06:26.000000,80f72115735738a0a920462daf31f06a,15920,14328,1592,,,
2023-10-03T00:39:01.000000,b9ec47471e2ee008a4370928da18876d,15920,15920,0,,,
2023-04-19T19:25:02.000000,cf24dae0f327fcd87090d5d6f87cfe8a,131600,131600,0,,,
2022-09-30T11:15:01.000000,60b0c8d7560841e3c1db4263ceeef707,131600,131600,0,,,
2022-11-30T15:24:38.000000,b3bcde463bc9b5318a8293cd1d72e1d6,15920,3960,11960,2022-11-30T15:22:59.000000,kakao,0.0
2023-01-25T00:00:08.000000,f750f507d8a2c1db7da2a0e9af74a3d0,95200,95200,0,,,
2022-12-31T21:36:02.000000,b37de3aa35a22104e2fbfc444d2560d9,79200,79200,0,2022-12-31T21:27:50.000000,kakao,0.01
2023-09-29T00:12:09.000000,938eaac19523400f8a64ce036438da9f,15920,15920,0,,,
2023-09-25T20:13:25.000000,eeb9a23752f5ceef1d20f165e7541ce7,15920,15920,0,,,
2023-08-19T20:54:58.000000,e18c0868626cce7024a9a99412fc11bf,15920,14328,1592,2023-08-19T10:17:26.000000,kakao,0.44
2022-10-18T21:55:03.000000,a7326c8a3170f398f92698315a70c96b,15920,15920,0,2022-10-04T21:45:55.000000,kakao,14.01
2023-01-04T13:08:48.000000,40bfc5138ebb73e822702c24ba6ad641,83200,83200,0,,,
2022-09-28T19:42:00.000000,f99af058bf1c523a9ceca9a7656e2846,15920,15920,0,,,
2023-09-04T17:04:09.000000,21bd1e7ce655ad5c5e9a7d4640dab86f,15920,15920,0,,,
2022-12-12T15:58:30.000000,65cede2c208d9b43e7b650a11fba6dab,79200,79200,0,2022-12-12T15:16:38.000000,kakao,0.03
2023-10-12T21:33:31.000000,13bf44f771d6f6562cc6f46c19e0b06b,15920,13532,2388,,,
2022-12-30T13:54:00.000000,e3a888326a43629d4205095a20c0d825,79200,79200,0,,,
2022-09-13T16:00:02.000000,15f0c8c8af1af59074b563397a25af15,131600,131600,0,,,
2023-08-20T18:23:55.000000,bc1303d15d7dc07e5461f147a80c7603,15920,15920,0,,,
2023-12-28T20:34:39.000000,9c2d18112ea654a4ececf52e31fb3980,95520,95520,0,,,
2023-12-15T12:24:16.000000,0ba7b2e6c4d020515f29631ce97f7d31,95520,95520,0,,,
2023-12-15T17:46:25.000000,99b22c0485ef5efbe147ffd2586af124,95520,95520,0,,,
2023-07-25T22:33:14.000000,86274067b455f4d2447bc89ec4be3802,15920,15920,0,,,
2023-01-10T23:57:06.000000,2f3792e889bf8fb82fa12eae2b164970,83200,83200,0,,,
